Host h200x8-01 using GPU 5: NVIDIA H200 NVL
Host h200x8-01 using GPU 4: NVIDIA H200 NVL
Host h200x8-01 using GPU 2: NVIDIA H200 NVL
Host h200x8-01 using GPU 7: NVIDIA H200 NVL
Host h200x8-01 using GPU 3: NVIDIA H200 NVL
Host h200x8-01 using GPU 0: NVIDIA H200 NVL
Host h200x8-01 using GPU 1: NVIDIA H200 NVL
Host h200x8-01 using GPU 6: NVIDIA H200 NVL
Running until t=0.010000, Problem size=45x45x45
   Used Memory         =  682.2500 Mb
Run completed:  
   Problem size        =  45 
   MPI tasks           =  8 
   Iteration count     =  200 
   Final Origin Energy = 2.188600e+07 
   Testing Plane 0 of Energy Array on rank 0:
        MaxAbsDiff   = 1.862645e-09
        TotalAbsDiff = 1.434921e-08
        MaxRelDiff   = 1.586574e-11


Elapsed time         =       3.79 (s)
Grind time (us/z/c)  = 0.20784043 (per dom)  (0.025980054 overall)
FOM                  =  38491.067 (z/s)

[1784039508.642082] [h200x8-01:185588:0]      cuda_iface.h:85   UCX  ERROR cuCtxGetApiVersion(ctx, &version) failed: invalid device context
[1784039508.642096] [h200x8-01:185588:0]      cuda_iface.h:85   UCX  ERROR cuCtxGetApiVersion(ctx, &version) failed: invalid device context
[1784039508.642098] [h200x8-01:185588:0]      cuda_iface.h:85   UCX  ERROR cuCtxGetApiVersion(ctx, &version) failed: invalid device context
[1784039508.642099] [h200x8-01:185588:0]      cuda_iface.h:85   UCX  ERROR cuCtxGetApiVersion(ctx, &version) failed: invalid device context
[1784039508.642102] [h200x8-01:185588:0]      cuda_iface.h:85   UCX  ERROR cuCtxGetApiVersion(ctx, &version) failed: invalid device context
[1784039508.642104] [h200x8-01:185588:0]      cuda_iface.h:85   UCX  ERROR cuCtxGetApiVersion(ctx, &version) failed: invalid device context
[1784039508.642105] [h200x8-01:185588:0]      cuda_iface.h:85   UCX  ERROR cuCtxGetApiVersion(ctx, &version) failed: invalid device context
[1784039508.642106] [h200x8-01:185588:0]      cuda_iface.h:85   UCX  ERROR cuCtxGetApiVersion(ctx, &version) failed: invalid device context
[1784039508.642108] [h200x8-01:185588:0]      cuda_iface.h:85   UCX  ERROR cuCtxGetApiVersion(ctx, &version) failed: invalid device context
[1784039508.642109] [h200x8-01:185588:0]      cuda_iface.h:85   UCX  ERROR cuCtxGetApiVersion(ctx, &version) failed: invalid device context
[1784039508.642110] [h200x8-01:185588:0]      cuda_iface.h:85   UCX  ERROR cuCtxGetApiVersion(ctx, &version) failed: invalid device context
[1784039508.642112] [h200x8-01:185588:0]      cuda_iface.h:85   UCX  ERROR cuCtxGetApiVersion(ctx, &version) failed: invalid device context
[1784039508.642113] [h200x8-01:185588:0]      cuda_iface.h:85   UCX  ERROR cuCtxGetApiVersion(ctx, &version) failed: invalid device context
[1784039508.642115] [h200x8-01:185588:0]      cuda_iface.h:85   UCX  ERROR cuCtxGetApiVersion(ctx, &version) failed: invalid device context
[1784039508.642116] [h200x8-01:185588:0]      cuda_iface.h:85   UCX  ERROR cuCtxGetApiVersion(ctx, &version) failed: invalid device context
[1784039508.642118] [h200x8-01:185588:0]      cuda_iface.h:85   UCX  ERROR cuCtxGetApiVersion(ctx, &version) failed: invalid device context
[1784039508.642119] [h200x8-01:185588:0]      cuda_iface.h:85   UCX  ERROR cuCtxGetApiVersion(ctx, &version) failed: invalid device context
[1784039508.642121] [h200x8-01:185588:0]      cuda_iface.h:85   UCX  ERROR cuCtxGetApiVersion(ctx, &version) failed: invalid device context
[1784039508.642122] [h200x8-01:185588:0]      cuda_iface.h:85   UCX  ERROR cuCtxGetApiVersion(ctx, &version) failed: invalid device context
[1784039508.642123] [h200x8-01:185588:0]      cuda_iface.h:85   UCX  ERROR cuCtxGetApiVersion(ctx, &version) failed: invalid device context
[1784039508.642126] [h200x8-01:185588:0]      cuda_iface.h:85   UCX  ERROR cuCtxGetApiVersion(ctx, &version) failed: invalid device context
[1784039508.642127] [h200x8-01:185588:0]      cuda_iface.h:85   UCX  ERROR cuCtxGetApiVersion(ctx, &version) failed: invalid device context
[1784039508.642129] [h200x8-01:185588:0]      cuda_iface.h:85   UCX  ERROR cuCtxGetApiVersion(ctx, &version) failed: invalid device context
[1784039508.642130] [h200x8-01:185588:0]      cuda_iface.h:85   UCX  ERROR cuCtxGetApiVersion(ctx, &version) failed: invalid device context
[1784039508.642131] [h200x8-01:185588:0]      cuda_iface.h:85   UCX  ERROR cuCtxGetApiVersion(ctx, &version) failed: invalid device context
[1784039508.642133] [h200x8-01:185588:0]      cuda_iface.h:85   UCX  ERROR cuCtxGetApiVersion(ctx, &version) failed: invalid device context
[1784039508.642134] [h200x8-01:185588:0]      cuda_iface.h:85   UCX  ERROR cuCtxGetApiVersion(ctx, &version) failed: invalid device context
[1784039508.642135] [h200x8-01:185588:0]      cuda_iface.h:85   UCX  ERROR cuCtxGetApiVersion(ctx, &version) failed: invalid device context
[1784039508.642137] [h200x8-01:185588:0]      cuda_iface.h:85   UCX  ERROR cuCtxGetApiVersion(ctx, &version) failed: invalid device context
[1784039508.642138] [h200x8-01:1855[1784039508.642212] [h200x8-01:185591:0]      cuda_iface.h:85   UCX  ERROR cuCtxGetApiVersion(ctx, &version) failed: invalid device context
[1784039508.642226] [h200x8-01:185591:0]      cuda_iface.h:85   UCX  ERROR cuCtxGetApiVersion(ctx, &version) failed: invalid device context
[1784039508.642230] [h200x8-01:185591:0]      cuda_iface.h:85   UCX  ERROR cuCtxGetApiVersion(ctx, &version) failed: invalid device context
[1784039508.642233] [h200x8-01:185591:0]      cuda_iface.h:85   UCX  ERROR cuCtxGetApiVersion(ctx, &version) failed: invalid device context
[1784039508.642235] [h200x8-01:185591:0]      cuda_iface.h:85   UCX  ERROR cuCtxGetApiVersion(ctx, &version) failed: invalid device context
[1784039508.642238] [h200x8-01:185591:0]      cuda_iface.h:85   UCX  ERROR cuCtxGetApiVersion(ctx, &version) failed: invalid device context
[1784039508.642242] [h200x8-01:185591:0]      cuda_iface.h:85   UCX  ERROR cuCtxGetApiVersion(ctx, &version) failed: invalid device context
[1784039508.642244] [h200x8-01:185591:0]      cuda_iface.h:85   UCX  ERROR cuCtxGetApiVersion(ctx, &version) failed: invalid device context
[1784039508.642247] [h200x8-01:185591:0]      cuda_iface.h:85   UCX  ERROR cuCtxGetApiVersion(ctx, &version) failed: invalid device context
[1784039508.642250] [h200x8-01:185591:0]      cuda_iface.h:85   UCX  ERROR cuCtxGetApiVersion(ctx, &version) failed: invalid device context
[1784039508.642251] [h200x8-01:185591:0]      cuda_iface.h:85   UCX  ERROR cuCtxGetApiVersion(ctx, &version) failed: invalid device context
[1784039508.642252] [h200x8-01:185591:0]      cuda_iface.h:85   UCX  ERROR cuCtxGetApiVersion(ctx, &version) failed: invalid device context
[1784039508.642254] [h200x8-01:185591:0]      cuda_iface.h:85   UCX  ERROR cuCtxGetApiVersion(ctx, &version) failed: invalid device context
[1784039508.642256] [h200x8-01:185591:0]      cuda_iface.h:85   UCX  ERROR cuCtxGetApiVersion(ctx, &version) failed: invalid device context
[1784039508.642260] [h200x8-01:185591:0]      cuda_iface.h:85   UCX  ERROR cuCtxGetApiVersion(ctx, &version) failed: invalid device context
[1784039508.642262] [h200x8-01:185591:0]      cuda_iface.h:85   UCX  ERROR cuCtxGetApiVersion(ctx, &version) failed: invalid device context
[1784039508.642264] [h200x8-01:185591:0]      cuda_iface.h:85   UCX  ERROR cuCtxGetApiVersion(ctx, &version) failed: invalid device context
[1784039508.642267] [h200x8-01:185591:0]      cuda_iface.h:85   UCX  ERROR cuCtxGetApiVersion(ctx, &version) failed: invalid device context
[1784039508.642268] [h200x8-01:185591:0]      cuda_iface.h:85   UCX  ERROR cuCtxGetApiVersion(ctx, &version) failed: invalid device context
[1784039508.642270] [h200x8-01:185591:0]      cuda_iface.h:85   UCX  ERROR cuCtxGetApiVersion(ctx, &version) failed: invalid device context
[1784039508.642272] [h200x8-01:185591:0]      cuda_iface.h:85   UCX  ERROR cuCtxGetApiVersion(ctx, &version) failed: invalid device context
[1784039508.642275] [h200x8-01:185591:0]      cuda_iface.h:85   UCX  ERROR cuCtxGetApiVersion(ctx, &version) failed: invalid device context
[1784039508.642277] [h200x8-01:185591:0]      cuda_iface.h:85   UCX  ERROR cuCtxGetApiVersion(ctx, &version) failed: invalid device context
[1784039508.642279] [h200x8-01:185591:0]      cuda_iface.h:85   UCX  ERROR cuCtxGetApiVersion(ctx, &version) failed: invalid device context
[1784039508.642280] [h200x8-01:185591:0]      cuda_iface.h:85   UCX  ERROR cuCtxGetApiVersion(ctx, &version) failed: invalid device context
[1784039508.642284] [h200x8-01:185591:0]      cuda_iface.h:85   UCX  ERROR cuCtxGetApiVersion(ctx, &version) failed: invalid device context
[1784039508.642286] [h200x8-01:185591:0]      cuda_iface.h:85   UCX  ERROR cuCtxGetApiVersion(ctx, &version) failed: invalid device context
[1784039508.642287] [h200x8-01:185591:0]      cuda_iface.h:85   UCX  ERROR cuCtxGetApiVersion(ctx, &version) failed: invalid device context
[1784039508.642290] [h200x8-01:185591:0]      cuda_iface.h:85   UCX  ERROR cuCtxGetApiVersion(ctx, &version) failed: invalid device context
[1784039508.642291] [h200x8-01:18559[1784039508.642190] [h200x8-01:185594:0]      cuda_iface.h:85   UCX  ERROR cuCtxGetApiVersion(ctx, &version) failed: invalid device context
[1784039508.642203] [h200x8-01:185594:0]      cuda_iface.h:85   UCX  ERROR cuCtxGetApiVersion(ctx, &version) failed: invalid device context
[1784039508.642205] [h200x8-01:185594:0]      cuda_iface.h:85   UCX  ERROR cuCtxGetApiVersion(ctx, &version) failed: invalid device context
[1784039508.642208] [h200x8-01:185594:0]      cuda_iface.h:85   UCX  ERROR cuCtxGetApiVersion(ctx, &version) failed: invalid device context
[1784039508.642211] [h200x8-01:185594:0]      cuda_iface.h:85   UCX  ERROR cuCtxGetApiVersion(ctx, &version) failed: invalid device context
[1784039508.642214] [h200x8-01:185594:0]      cuda_iface.h:85   UCX  ERROR cuCtxGetApiVersion(ctx, &version) failed: invalid device context
[1784039508.642216] [h200x8-01:185594:0]      cuda_iface.h:85   UCX  ERROR cuCtxGetApiVersion(ctx, &version) failed: invalid device context
[1784039508.642218] [h200x8-01:185594:0]      cuda_iface.h:85   UCX  ERROR cuCtxGetApiVersion(ctx, &version) failed: invalid device context
[1784039508.642219] [h200x8-01:185594:0]      cuda_iface.h:85   UCX  ERROR cuCtxGetApiVersion(ctx, &version) failed: invalid device context
[1784039508.642222] [h200x8-01:185594:0]      cuda_iface.h:85   UCX  ERROR cuCtxGetApiVersion(ctx, &version) failed: invalid device context
[1784039508.642223] [h200x8-01:185594:0]      cuda_iface.h:85   UCX  ERROR cuCtxGetApiVersion(ctx, &version) failed: invalid device context
[1784039508.642225] [h200x8-01:185594:0]      cuda_iface.h:85   UCX  ERROR cuCtxGetApiVersion(ctx, &version) failed: invalid device context
[1784039508.642227] [h200x8-01:185594:0]      cuda_iface.h:85   UCX  ERROR cuCtxGetApiVersion(ctx, &version) failed: invalid device context
[1784039508.642229] [h200x8-01:185594:0]      cuda_iface.h:85   UCX  ERROR cuCtxGetApiVersion(ctx, &version) failed: invalid device context
[1784039508.642232] [h200x8-01:185594:0]      cuda_iface.h:85   UCX  ERROR cuCtxGetApiVersion(ctx, &version) failed: invalid device context
[1784039508.642234] [h200x8-01:185594:0]      cuda_iface.h:85   UCX  ERROR cuCtxGetApiVersion(ctx, &version) failed: invalid device context
[1784039508.642236] [h200x8-01:185594:0]      cuda_iface.h:85   UCX  ERROR cuCtxGetApiVersion(ctx, &version) failed: invalid device context
[1784039508.642237] [h200x8-01:185594:0]      cuda_iface.h:85   UCX  ERROR cuCtxGetApiVersion(ctx, &version) failed: invalid device context
[1784039508.642240] [h200x8-01:185594:0]      cuda_iface.h:85   UCX  ERROR cuCtxGetApiVersion(ctx, &version) failed: invalid device context
[1784039508.642242] [h200x8-01:185594:0]      cuda_iface.h:85   UCX  ERROR cuCtxGetApiVersion(ctx, &version) failed: invalid device context
[1784039508.642245] [h200x8-01:185594:0]      cuda_iface.h:85   UCX  ERROR cuCtxGetApiVersion(ctx, &version) failed: invalid device context
[1784039508.642246] [h200x8-01:185594:0]      cuda_iface.h:85   UCX  ERROR cuCtxGetApiVersion(ctx, &version) failed: invalid device context
[1784039508.642249] [h200x8-01:185594:0]      cuda_iface.h:85   UCX  ERROR cuCtxGetApiVersion(ctx, &version) failed: invalid device context
[1784039508.642251] [h200x8-01:185594:0]      cuda_iface.h:85   UCX  ERROR cuCtxGetApiVersion(ctx, &version) failed: invalid device context
[1784039508.642252] [h200x8-01:185594:0]      cuda_iface.h:85   UCX  ERROR cuCtxGetApiVersion(ctx, &version) failed: invalid device context
[1784039508.642254] [h200x8-01:185594:0]      cuda_iface.h:85   UCX  ERROR cuCtxGetApiVersion(ctx, &version) failed: invalid device context
[1784039508.642256] [h200x8-01:185594:0]      cuda_iface.h:85   UCX  ERROR cuCtxGetApiVersion(ctx, &version) failed: invalid device context
[1784039508.642257] [h200x8-01:185594:0]      cuda_iface.h:85   UCX  ERROR cuCtxGetApiVersion(ctx, &version) failed: invalid device context
[1784039508.642260] [h200x8-01:185594:0]      cuda_iface.h:85   UCX  ERROR cuCtxGetApiVersion(ctx, &version) failed: invalid device context
[1784039508.642261] [h200x8-01:1855[1784039508.642258] [h200x8-01:185586:0]      cuda_iface.h:85   UCX  ERROR cuCtxGetApiVersion(ctx, &version) failed: invalid device context
[1784039508.642272] [h200x8-01:185586:0]      cuda_iface.h:85   UCX  ERROR cuCtxGetApiVersion(ctx, &version) failed: invalid device context
[1784039508.642274] [h200x8-01:185586:0]      cuda_iface.h:85   UCX  ERROR cuCtxGetApiVersion(ctx, &version) failed: invalid device context
[1784039508.642275] [h200x8-01:185586:0]      cuda_iface.h:85   UCX  ERROR cuCtxGetApiVersion(ctx, &version) failed: invalid device context
[1784039508.642277] [h200x8-01:185586:0]      cuda_iface.h:85   UCX  ERROR cuCtxGetApiVersion(ctx, &version) failed: invalid device context
[1784039508.642278] [h200x8-01:185586:0]      cuda_iface.h:85   UCX  ERROR cuCtxGetApiVersion(ctx, &version) failed: invalid device context
[1784039508.642280] [h200x8-01:185586:0]      cuda_iface.h:85   UCX  ERROR cuCtxGetApiVersion(ctx, &version) failed: invalid device context
[1784039508.642281] [h200x8-01:185586:0]      cuda_iface.h:85   UCX  ERROR cuCtxGetApiVersion(ctx, &version) failed: invalid device context
[1784039508.642282] [h200x8-01:185586:0]      cuda_iface.h:85   UCX  ERROR cuCtxGetApiVersion(ctx, &version) failed: invalid device context
[1784039508.642285] [h200x8-01:185586:0]      cuda_iface.h:85   UCX  ERROR cuCtxGetApiVersion(ctx, &version) failed: invalid device context
[1784039508.642286] [h200x8-01:185586:0]      cuda_iface.h:85   UCX  ERROR cuCtxGetApiVersion(ctx, &version) failed: invalid device context
[1784039508.642287] [h200x8-01:185586:0]      cuda_iface.h:85   UCX  ERROR cuCtxGetApiVersion(ctx, &version) failed: invalid device context
[1784039508.642289] [h200x8-01:185586:0]      cuda_iface.h:85   UCX  ERROR cuCtxGetApiVersion(ctx, &version) failed: invalid device context
[1784039508.642291] [h200x8-01:185586:0]      cuda_iface.h:85   UCX  ERROR cuCtxGetApiVersion(ctx, &version) failed: invalid device context
[1784039508.642292] [h200x8-01:185586:0]      cuda_iface.h:85   UCX  ERROR cuCtxGetApiVersion(ctx, &version) failed: invalid device context
[1784039508.642293] [h200x8-01:185586:0]      cuda_iface.h:85   UCX  ERROR cuCtxGetApiVersion(ctx, &version) failed: invalid device context
[1784039508.642295] [h200x8-01:185586:0]      cuda_iface.h:85   UCX  ERROR cuCtxGetApiVersion(ctx, &version) failed: invalid device context
[1784039508.642296] [h200x8-01:185586:0]      cuda_iface.h:85   UCX  ERROR cuCtxGetApiVersion(ctx, &version) failed: invalid device context
[1784039508.642297] [h200x8-01:185586:0]      cuda_iface.h:85   UCX  ERROR cuCtxGetApiVersion(ctx, &version) failed: invalid device context
[1784039508.642299] [h200x8-01:185586:0]      cuda_iface.h:85   UCX  ERROR cuCtxGetApiVersion(ctx, &version) failed: invalid device context
[1784039508.642300] [h200x8-01:185586:0]      cuda_iface.h:85   UCX  ERROR cuCtxGetApiVersion(ctx, &version) failed: invalid device context
[1784039508.642301] [h200x8-01:185586:0]      cuda_iface.h:85   UCX  ERROR cuCtxGetApiVersion(ctx, &version) failed: invalid device context
[1784039508.642303] [h200x8-01:185586:0]      cuda_iface.h:85   UCX  ERROR cuCtxGetApiVersion(ctx, &version) failed: invalid device context
[1784039508.642304] [h200x8-01:185586:0]      cuda_iface.h:85   UCX  ERROR cuCtxGetApiVersion(ctx, &version) failed: invalid device context
[1784039508.642306] [h200x8-01:185586:0]      cuda_iface.h:85   UCX  ERROR cuCtxGetApiVersion(ctx, &version) failed: invalid device context
[1784039508.642308] [h200x8-01:185586:0]      cuda_iface.h:85   UCX  ERROR cuCtxGetApiVersion(ctx, &version) failed: invalid device context
[1784039508.642309] [h200x8-01:185586:0]      cuda_iface.h:85   UCX  ERROR cuCtxGetApiVersion(ctx, &version) failed: invalid device context
[1784039508.642310] [h200x8-01:185586:0]      cuda_iface.h:85   UCX  ERROR cuCtxGetApiVersion(ctx, &version) failed: invalid device context
[1784039508.642312] [h200x8-01:185586:0]      cuda_iface.h:85   UCX  ERROR cuCtxGetApiVersion(ctx, &version) failed: invalid device context
[1784039508.642314] [h200x8-01:1855[1784039508.642321] [h200x8-01:185587:0]      cuda_iface.h:85   UCX  ERROR cuCtxGetApiVersion(ctx, &version) failed: invalid device context
[1784039508.642335] [h200x8-01:185587:0]      cuda_iface.h:85   UCX  ERROR cuCtxGetApiVersion(ctx, &version) failed: invalid device context
[1784039508.642337] [h200x8-01:185587:0]      cuda_iface.h:85   UCX  ERROR cuCtxGetApiVersion(ctx, &version) failed: invalid device context
[1784039508.642339] [h200x8-01:185587:0]      cuda_iface.h:85   UCX  ERROR cuCtxGetApiVersion(ctx, &version) failed: invalid device context
[1784039508.642340] [h200x8-01:185587:0]      cuda_iface.h:85   UCX  ERROR cuCtxGetApiVersion(ctx, &version) failed: invalid device context
[1784039508.642343] [h200x8-01:185587:0]      cuda_iface.h:85   UCX  ERROR cuCtxGetApiVersion(ctx, &version) failed: invalid device context
[1784039508.642344] [h200x8-01:185587:0]      cuda_iface.h:85   UCX  ERROR cuCtxGetApiVersion(ctx, &version) failed: invalid device context
[1784039508.642345] [h200x8-01:185587:0]      cuda_iface.h:85   UCX  ERROR cuCtxGetApiVersion(ctx, &version) failed: invalid device context
[1784039508.642347] [h200x8-01:185587:0]      cuda_iface.h:85   UCX  ERROR cuCtxGetApiVersion(ctx, &version) failed: invalid device context
[1784039508.642348] [h200x8-01:185587:0]      cuda_iface.h:85   UCX  ERROR cuCtxGetApiVersion(ctx, &version) failed: invalid device context
[1784039508.642350] [h200x8-01:185587:0]      cuda_iface.h:85   UCX  ERROR cuCtxGetApiVersion(ctx, &version) failed: invalid device context
[1784039508.642351] [h200x8-01:185587:0]      cuda_iface.h:85   UCX  ERROR cuCtxGetApiVersion(ctx, &version) failed: invalid device context
[1784039508.642352] [h200x8-01:185587:0]      cuda_iface.h:85   UCX  ERROR cuCtxGetApiVersion(ctx, &version) failed: invalid device context
[1784039508.642354] [h200x8-01:185587:0]      cuda_iface.h:85   UCX  ERROR cuCtxGetApiVersion(ctx, &version) failed: invalid device context
[1784039508.642355] [h200x8-01:185587:0]      cuda_iface.h:85   UCX  ERROR cuCtxGetApiVersion(ctx, &version) failed: invalid device context
[1784039508.642357] [h200x8-01:185587:0]      cuda_iface.h:85   UCX  ERROR cuCtxGetApiVersion(ctx, &version) failed: invalid device context
[1784039508.642358] [h200x8-01:185587:0]      cuda_iface.h:85   UCX  ERROR cuCtxGetApiVersion(ctx, &version) failed: invalid device context
[1784039508.642360] [h200x8-01:185587:0]      cuda_iface.h:85   UCX  ERROR cuCtxGetApiVersion(ctx, &version) failed: invalid device context
[1784039508.642362] [h200x8-01:185587:0]      cuda_iface.h:85   UCX  ERROR cuCtxGetApiVersion(ctx, &version) failed: invalid device context
[1784039508.642364] [h200x8-01:185587:0]      cuda_iface.h:85   UCX  ERROR cuCtxGetApiVersion(ctx, &version) failed: invalid device context
[1784039508.642366] [h200x8-01:185587:0]      cuda_iface.h:85   UCX  ERROR cuCtxGetApiVersion(ctx, &version) failed: invalid device context
[1784039508.642368] [h200x8-01:185587:0]      cuda_iface.h:85   UCX  ERROR cuCtxGetApiVersion(ctx, &version) failed: invalid device context
[1784039508.642370] [h200x8-01:185587:0]      cuda_iface.h:85   UCX  ERROR cuCtxGetApiVersion(ctx, &version) failed: invalid device context
[1784039508.642375] [h200x8-01:185587:0]      cuda_iface.h:85   UCX  ERROR cuCtxGetApiVersion(ctx, &version) failed: invalid device context
[1784039508.642376] [h200x8-01:185587:0]      cuda_iface.h:85   UCX  ERROR cuCtxGetApiVersion(ctx, &version) failed: invalid device context
[1784039508.642379] [h200x8-01:185587:0]      cuda_iface.h:85   UCX  ERROR cuCtxGetApiVersion(ctx, &version) failed: invalid device context
[1784039508.642380] [h200x8-01:185587:0]      cuda_iface.h:85   UCX  ERROR cuCtxGetApiVersion(ctx, &version) failed: invalid device context
[1784039508.642383] [h200x8-01:185587:0]      cuda_iface.h:85   UCX  ERROR cuCtxGetApiVersion(ctx, &version) failed: invalid device context
[1784039508.642385] [h200x8-01:185587:0]      cuda_iface.h:85   UCX  ERROR cuCtxGetApiVersion(ctx, &version) failed: invalid device context
[1784039508.642386] [h200x8-01:1855[1784039508.642189] [h200x8-01:185585:0]      cuda_iface.h:85   UCX  ERROR cuCtxGetApiVersion(ctx, &version) failed: invalid device context
[1784039508.642203] [h200x8-01:185585:0]      cuda_iface.h:85   UCX  ERROR cuCtxGetApiVersion(ctx, &version) failed: invalid device context
[1784039508.642205] [h200x8-01:185585:0]      cuda_iface.h:85   UCX  ERROR cuCtxGetApiVersion(ctx, &version) failed: invalid device context
[1784039508.642206] [h200x8-01:185585:0]      cuda_iface.h:85   UCX  ERROR cuCtxGetApiVersion(ctx, &version) failed: invalid device context
[1784039508.642208] [h200x8-01:185585:0]      cuda_iface.h:85   UCX  ERROR cuCtxGetApiVersion(ctx, &version) failed: invalid device context
[1784039508.642209] [h200x8-01:185585:0]      cuda_iface.h:85   UCX  ERROR cuCtxGetApiVersion(ctx, &version) failed: invalid device context
[1784039508.642211] [h200x8-01:185585:0]      cuda_iface.h:85   UCX  ERROR cuCtxGetApiVersion(ctx, &version) failed: invalid device context
[1784039508.642212] [h200x8-01:185585:0]      cuda_iface.h:85   UCX  ERROR cuCtxGetApiVersion(ctx, &version) failed: invalid device context
[1784039508.642214] [h200x8-01:185585:0]      cuda_iface.h:85   UCX  ERROR cuCtxGetApiVersion(ctx, &version) failed: invalid device context
[1784039508.642215] [h200x8-01:185585:0]      cuda_iface.h:85   UCX  ERROR cuCtxGetApiVersion(ctx, &version) failed: invalid device context
[1784039508.642216] [h200x8-01:185585:0]      cuda_iface.h:85   UCX  ERROR cuCtxGetApiVersion(ctx, &version) failed: invalid device context
[1784039508.642218] [h200x8-01:185585:0]      cuda_iface.h:85   UCX  ERROR cuCtxGetApiVersion(ctx, &version) failed: invalid device context
[1784039508.642219] [h200x8-01:185585:0]      cuda_iface.h:85   UCX  ERROR cuCtxGetApiVersion(ctx, &version) failed: invalid device context
[1784039508.642220] [h200x8-01:185585:0]      cuda_iface.h:85   UCX  ERROR cuCtxGetApiVersion(ctx, &version) failed: invalid device context
[1784039508.642222] [h200x8-01:185585:0]      cuda_iface.h:85   UCX  ERROR cuCtxGetApiVersion(ctx, &version) failed: invalid device context
[1784039508.642223] [h200x8-01:185585:0]      cuda_iface.h:85   UCX  ERROR cuCtxGetApiVersion(ctx, &version) failed: invalid device context
[1784039508.642224] [h200x8-01:185585:0]      cuda_iface.h:85   UCX  ERROR cuCtxGetApiVersion(ctx, &version) failed: invalid device context
[1784039508.642226] [h200x8-01:185585:0]      cuda_iface.h:85   UCX  ERROR cuCtxGetApiVersion(ctx, &version) failed: invalid device context
[1784039508.642227] [h200x8-01:185585:0]      cuda_iface.h:85   UCX  ERROR cuCtxGetApiVersion(ctx, &version) failed: invalid device context
[1784039508.642228] [h200x8-01:185585:0]      cuda_iface.h:85   UCX  ERROR cuCtxGetApiVersion(ctx, &version) failed: invalid device context
[1784039508.642230] [h200x8-01:185585:0]      cuda_iface.h:85   UCX  ERROR cuCtxGetApiVersion(ctx, &version) failed: invalid device context
[1784039508.642231] [h200x8-01:185585:0]      cuda_iface.h:85   UCX  ERROR cuCtxGetApiVersion(ctx, &version) failed: invalid device context
[1784039508.642233] [h200x8-01:185585:0]      cuda_iface.h:85   UCX  ERROR cuCtxGetApiVersion(ctx, &version) failed: invalid device context
[1784039508.642234] [h200x8-01:185585:0]      cuda_iface.h:85   UCX  ERROR cuCtxGetApiVersion(ctx, &version) failed: invalid device context
[1784039508.642235] [h200x8-01:185585:0]      cuda_iface.h:85   UCX  ERROR cuCtxGetApiVersion(ctx, &version) failed: invalid device context
[1784039508.642237] [h200x8-01:185585:0]      cuda_iface.h:85   UCX  ERROR cuCtxGetApiVersion(ctx, &version) failed: invalid device context
[1784039508.642238] [h200x8-01:185585:0]      cuda_iface.h:85   UCX  ERROR cuCtxGetApiVersion(ctx, &version) failed: invalid device context
[1784039508.642239] [h200x8-01:185585:0]      cuda_iface.h:85   UCX  ERROR cuCtxGetApiVersion(ctx, &version) failed: invalid device context
[1784039508.642241] [h200x8-01:185585:0]      cuda_iface.h:85   UCX  ERROR cuCtxGetApiVersion(ctx, &version) failed: invalid device context
[1784039508.642242] [h200x8-01:185587:0]      cuda_iface.h:85   UCX  ERROR cuCtxGetApiVersion(ctx, &version) failed: invalid device context
[1784039508.642389] [h200x8-01:185587:0]      cuda_iface.h:85   UCX  ERROR cuCtxGetApiVersion(ctx, &version) failed: invalid device context
[1784039508.642391] [h200x8-01:185587:0]      cuda_iface.h:85   UCX  ERROR cuCtxGetApiVersion(ctx, &version) failed: invalid device context
[1784039508.642394] [h200x8-01:185587:0]      cuda_iface.h:85   UCX  ERROR cuCtxGetApiVersion(ctx, &version) failed: invalid device context
[1784039508.642395] [h200x8-01:185587:0]      cuda_iface.h:85   UCX  ERROR cuCtxGetApiVersion(ctx, &version) failed: invalid device context
[1784039508.642397] [h200x8-01:185587:0]      cuda_iface.h:85   UCX  ERROR cuCtxGetApiVersion(ctx, &version) failed: invalid device context
[1784039508.642398] [h200x8-01:185587:0]      cuda_iface.h:85   UCX  ERROR cuCtxGetApiVersion(ctx, &version) failed: invalid device context
[1784039508.642400] [h200x8-01:185587:0]      cuda_iface.h:85   UCX  ERROR cuCtxGetApiVersion(ctx, &version) failed: invalid device context
[1784039508.642402] [h200x8-01:185587:0]      cuda_iface.h:85   UCX  ERROR cuCtxGetApiVersion(ctx, &version) failed: invalid device context
[1784039508.642405] [h200x8-01:185587:0]      cuda_iface.h:85   UCX  ERROR cuCtxGetApiVersion(ctx, &version) failed: invalid device context
[1784039508.642407] [h200x8-01:185587:0]      cuda_iface.h:85   UCX  ERROR cuCtxGetApiVersion(ctx, &version) failed: invalid device context
[1784039508.642410] [h200x8-01:185587:0]      cuda_iface.h:85   UCX  ERROR cuCtxGetApiVersion(ctx, &version) failed: invalid device context
[1784039508.642412] [h200x8-01:185587:0]      cuda_iface.h:85   UCX  ERROR cuCtxGetApiVersion(ctx, &version) failed: invalid device context
[1784039508.642416] [h200x8-01:185587:0]      cuda_iface.h:85   UCX  ERROR cuCtxGetApiVersion(ctx, &version) failed: invalid device context
[1784039508.642418] [h200x8-01:185587:0]      cuda_iface.h:85   UCX  ERROR cuCtxGetApiVersion(ctx, &version) failed: invalid device context
[1784039508.642421] [h200x8-01:185587:0]      cuda_iface.h:85   UCX  ERROR cuCtxGetApiVersion(ctx, &version) failed: invalid device context
[1784039508.642425] [h200x8-01:185587:0]      cuda_iface.h:85   UCX  ERROR cuCtxGetApiVersion(ctx, &version) failed: invalid device context
[1784039508.642427] [h200x8-01:185587:0]      cuda_iface.h:85   UCX  ERROR cuCtxGetApiVersion(ctx, &version) failed: invalid device context
[1784039508.642430] [h200x8-01:185587:0]      cuda_iface.h:85   UCX  ERROR cuCtxGetApiVersion(ctx, &version) failed: invalid device context
[1784039508.642433] [h200x8-01:185587:0]      cuda_iface.h:85   UCX  ERROR cuCtxGetApiVersion(ctx, &version) failed: invalid device context
[1784039508.642435] [h200x8-01:185587:0]      cuda_iface.h:85   UCX  ERROR cuCtxGetApiVersion(ctx, &version) failed: invalid device context
[1784039508.642438] [h200x8-01:185587:0]      cuda_iface.h:85   UCX  ERROR cuCtxGetApiVersion(ctx, &version) failed: invalid device context
[1784039508.642443] [h200x8-01:185587:0]      cuda_iface.h:85   UCX  ERROR cuCtxGetApiVersion(ctx, &version) failed: invalid device context
[1784039508.642444] [h200x8-01:185587:0]      cuda_iface.h:85   UCX  ERROR cuCtxGetApiVersion(ctx, &version) failed: invalid device context
[1784039508.642447] [h200x8-01:185587:0]      cuda_iface.h:85   UCX  ERROR cuCtxGetApiVersion(ctx, &version) failed: invalid device context
[1784039508.642449] [h200x8-01:185587:0]      cuda_iface.h:85   UCX  ERROR cuCtxGetApiVersion(ctx, &version) failed: invalid device context
[1784039508.642452] [h200x8-01:185587:0]      cuda_iface.h:85   UCX  ERROR cuCtxGetApiVersion(ctx, &version) failed: invalid device context
[1784039508.642455] [h200x8-01:185587:0]      cuda_iface.h:85   UCX  ERROR cuCtxGetApiVersion(ctx, &version) failed: invalid device context
[1784039508.642459] [h200x8-01:185587:0]      cuda_iface.h:85   UCX  ERROR cuCtxGetApiVersion(ctx, &version) failed: invalid device context
[1784039508.642464] [h200x8-01:185587:0]      cuda_iface.h:85   UCX  ER[1784039508.642332] [h200x8-01:185593:0]      cuda_iface.h:85   UCX  ERROR cuCtxGetApiVersion(ctx, &version) failed: invalid device context
[1784039508.642347] [h200x8-01:185593:0]      cuda_iface.h:85   UCX  ERROR cuCtxGetApiVersion(ctx, &version) failed: invalid device context
[1784039508.642351] [h200x8-01:185593:0]      cuda_iface.h:85   UCX  ERROR cuCtxGetApiVersion(ctx, &version) failed: invalid device context
[1784039508.642354] [h200x8-01:185593:0]      cuda_iface.h:85   UCX  ERROR cuCtxGetApiVersion(ctx, &version) failed: invalid device context
[1784039508.642356] [h200x8-01:185593:0]      cuda_iface.h:85   UCX  ERROR cuCtxGetApiVersion(ctx, &version) failed: invalid device context
[1784039508.642360] [h200x8-01:185593:0]      cuda_iface.h:85   UCX  ERROR cuCtxGetApiVersion(ctx, &version) failed: invalid device context
[1784039508.642363] [h200x8-01:185593:0]      cuda_iface.h:85   UCX  ERROR cuCtxGetApiVersion(ctx, &version) failed: invalid device context
[1784039508.642366] [h200x8-01:185593:0]      cuda_iface.h:85   UCX  ERROR cuCtxGetApiVersion(ctx, &version) failed: invalid device context
[1784039508.642371] [h200x8-01:185593:0]      cuda_iface.h:85   UCX  ERROR cuCtxGetApiVersion(ctx, &version) failed: invalid device context
[1784039508.642372] [h200x8-01:185593:0]      cuda_iface.h:85   UCX  ERROR cuCtxGetApiVersion(ctx, &version) failed: invalid device context
[1784039508.642376] [h200x8-01:185593:0]      cuda_iface.h:85   UCX  ERROR cuCtxGetApiVersion(ctx, &version) failed: invalid device context
[1784039508.642379] [h200x8-01:185593:0]      cuda_iface.h:85   UCX  ERROR cuCtxGetApiVersion(ctx, &version) failed: invalid device context
[1784039508.642382] [h200x8-01:185593:0]      cuda_iface.h:85   UCX  ERROR cuCtxGetApiVersion(ctx, &version) failed: invalid device context
[1784039508.642383] [h200x8-01:185593:0]      cuda_iface.h:85   UCX  ERROR cuCtxGetApiVersion(ctx, &version) failed: invalid device context
[1784039508.642386] [h200x8-01:185593:0]      cuda_iface.h:85   UCX  ERROR cuCtxGetApiVersion(ctx, &version) failed: invalid device context
[1784039508.642389] [h200x8-01:185593:0]      cuda_iface.h:85   UCX  ERROR cuCtxGetApiVersion(ctx, &version) failed: invalid device context
[1784039508.642393] [h200x8-01:185593:0]      cuda_iface.h:85   UCX  ERROR cuCtxGetApiVersion(ctx, &version) failed: invalid device context
[1784039508.642397] [h200x8-01:185593:0]      cuda_iface.h:85   UCX  ERROR cuCtxGetApiVersion(ctx, &version) failed: invalid device context
[1784039508.642400] [h200x8-01:185593:0]      cuda_iface.h:85   UCX  ERROR cuCtxGetApiVersion(ctx, &version) failed: invalid device context
[1784039508.642404] [h200x8-01:185593:0]      cuda_iface.h:85   UCX  ERROR cuCtxGetApiVersion(ctx, &version) failed: invalid device context
[1784039508.642408] [h200x8-01:185593:0]      cuda_iface.h:85   UCX  ERROR cuCtxGetApiVersion(ctx, &version) failed: invalid device context
[1784039508.642411] [h200x8-01:185593:0]      cuda_iface.h:85   UCX  ERROR cuCtxGetApiVersion(ctx, &version) failed: invalid device context
[1784039508.642415] [h200x8-01:185593:0]      cuda_iface.h:85   UCX  ERROR cuCtxGetApiVersion(ctx, &version) failed: invalid device context
[1784039508.642419] [h200x8-01:185593:0]      cuda_iface.h:85   UCX  ERROR cuCtxGetApiVersion(ctx, &version) failed: invalid device context
[1784039508.642423] [h200x8-01:185593:0]      cuda_iface.h:85   UCX  ERROR cuCtxGetApiVersion(ctx, &version) failed: invalid device context
[1784039508.642426] [h200x8-01:185593:0]      cuda_iface.h:85   UCX  ERROR cuCtxGetApiVersion(ctx, &version) failed: invalid device context
[1784039508.642428] [h200x8-01:185593:0]      cuda_iface.h:85   UCX  ERROR cuCtxGetApiVersion(ctx, &version) failed: invalid device context
[1784039508.642432] [h200x8-01:185593:0]      cuda_iface.h:85   UCX  ERROR cuCtxGetApiVersion(ctx, &version) failed: invalid device context
[1784039508.642433] [h200x8-01:185593:0]      cuda_iface.h:85   UCX  ERROR cuCtxGetApiVersion(ctx, &version) failed: invalid device context
[1784039508.642436] [h200x8-01:1855988:0]      cuda_iface.h:85   UCX  ERROR cuCtxGetApiVersion(ctx, &version) failed: invalid device context
[1784039508.642140] [h200x8-01:185588:0]      cuda_iface.h:85   UCX  ERROR cuCtxGetApiVersion(ctx, &version) failed: invalid device context
[1784039508.642141] [h200x8-01:185588:0]      cuda_iface.h:85   UCX  ERROR cuCtxGetApiVersion(ctx, &version) failed: invalid device context
[1784039508.642143] [h200x8-01:185588:0]      cuda_iface.h:85   UCX  ERROR cuCtxGetApiVersion(ctx, &version) failed: invalid device context
[1784039508.642144] [h200x8-01:185588:0]      cuda_iface.h:85   UCX  ERROR cuCtxGetApiVersion(ctx, &version) failed: invalid device context
[1784039508.642145] [h200x8-01:185588:0]      cuda_iface.h:85   UCX  ERROR cuCtxGetApiVersion(ctx, &version) failed: invalid device context
[1784039508.642147] [h200x8-01:185588:0]      cuda_iface.h:85   UCX  ERROR cuCtxGetApiVersion(ctx, &version) failed: invalid device context
[1784039508.642149] [h200x8-01:185588:0]      cuda_iface.h:85   UCX  ERROR cuCtxGetApiVersion(ctx, &version) failed: invalid device context
[1784039508.642151] [h200x8-01:185588:0]      cuda_iface.h:85   UCX  ERROR cuCtxGetApiVersion(ctx, &version) failed: invalid device context
[1784039508.642153] [h200x8-01:185588:0]      cuda_iface.h:85   UCX  ERROR cuCtxGetApiVersion(ctx, &version) failed: invalid device context
[1784039508.642154] [h200x8-01:185588:0]      cuda_iface.h:85   UCX  ERROR cuCtxGetApiVersion(ctx, &version) failed: invalid device context
[1784039508.642155] [h200x8-01:185588:0]      cuda_iface.h:85   UCX  ERROR cuCtxGetApiVersion(ctx, &version) failed: invalid device context
[1784039508.642157] [h200x8-01:185588:0]      cuda_iface.h:85   UCX  ERROR cuCtxGetApiVersion(ctx, &version) failed: invalid device context
[1784039508.642158] [h200x8-01:185588:0]      cuda_iface.h:85   UCX  ERROR cuCtxGetApiVersion(ctx, &version) failed: invalid device context
[1784039508.642160] [h200x8-01:185588:0]      cuda_iface.h:85   UCX  ERROR cuCtxGetApiVersion(ctx, &version) failed: invalid device context
[1784039508.642161] [h200x8-01:185588:0]      cuda_iface.h:85   UCX  ERROR cuCtxGetApiVersion(ctx, &version) failed: invalid device context
[1784039508.642162] [h200x8-01:185588:0]      cuda_iface.h:85   UCX  ERROR cuCtxGetApiVersion(ctx, &version) failed: invalid device context
[1784039508.642164] [h200x8-01:185588:0]      cuda_iface.h:85   UCX  ERROR cuCtxGetApiVersion(ctx, &version) failed: invalid device context
[1784039508.642165] [h200x8-01:185588:0]      cuda_iface.h:85   UCX  ERROR cuCtxGetApiVersion(ctx, &version) failed: invalid device context
[1784039508.642166] [h200x8-01:185588:0]      cuda_iface.h:85   UCX  ERROR cuCtxGetApiVersion(ctx, &version) failed: invalid device context
[1784039508.642168] [h200x8-01:185588:0]      cuda_iface.h:85   UCX  ERROR cuCtxGetApiVersion(ctx, &version) failed: invalid device context
[1784039508.642169] [h200x8-01:185588:0]      cuda_iface.h:85   UCX  ERROR cuCtxGetApiVersion(ctx, &version) failed: invalid device context
[1784039508.642171] [h200x8-01:185588:0]      cuda_iface.h:85   UCX  ERROR cuCtxGetApiVersion(ctx, &version) failed: invalid device context
[1784039508.642173] [h200x8-01:185588:0]      cuda_iface.h:85   UCX  ERROR cuCtxGetApiVersion(ctx, &version) failed: invalid device context
[1784039508.642174] [h200x8-01:185588:0]      cuda_iface.h:85   UCX  ERROR cuCtxGetApiVersion(ctx, &version) failed: invalid device context
[1784039508.642176] [h200x8-01:185588:0]      cuda_iface.h:85   UCX  ERROR cuCtxGetApiVersion(ctx, &version) failed: invalid device context
[1784039508.642177] [h200x8-01:185588:0]      cuda_iface.h:85   UCX  ERROR cuCtxGetApiVersion(ctx, &version) failed: invalid device context
[1784039508.642178] [h200x8-01:185588:0]      cuda_iface.h:85   UCX  ERROR cuCtxGetApiVersion(ctx, &version) failed: invalid device context
[1784039508.642180] [h200x8-01:185588:0]      cuda_iface.h:85   UCX  ERROR cuCtxGetApiVersion(ctx, &version) failed: invalid device context
[1784039508.642181] [h200x8-01:185588:0]      cuda_iface.h:85   UCX  E1:0]      cuda_iface.h:85   UCX  ERROR cuCtxGetApiVersion(ctx, &version) failed: invalid device context
[1784039508.642293] [h200x8-01:185591:0]      cuda_iface.h:85   UCX  ERROR cuCtxGetApiVersion(ctx, &version) failed: invalid device context
[1784039508.642296] [h200x8-01:185591:0]      cuda_iface.h:85   UCX  ERROR cuCtxGetApiVersion(ctx, &version) failed: invalid device context
[1784039508.642298] [h200x8-01:185591:0]      cuda_iface.h:85   UCX  ERROR cuCtxGetApiVersion(ctx, &version) failed: invalid device context
[1784039508.642300] [h200x8-01:185591:0]      cuda_iface.h:85   UCX  ERROR cuCtxGetApiVersion(ctx, &version) failed: invalid device context
[1784039508.642304] [h200x8-01:185591:0]      cuda_iface.h:85   UCX  ERROR cuCtxGetApiVersion(ctx, &version) failed: invalid device context
[1784039508.642307] [h200x8-01:185591:0]      cuda_iface.h:85   UCX  ERROR cuCtxGetApiVersion(ctx, &version) failed: invalid device context
[1784039508.642311] [h200x8-01:185591:0]      cuda_iface.h:85   UCX  ERROR cuCtxGetApiVersion(ctx, &version) failed: invalid device context
[1784039508.642312] [h200x8-01:185591:0]      cuda_iface.h:85   UCX  ERROR cuCtxGetApiVersion(ctx, &version) failed: invalid device context
[1784039508.642315] [h200x8-01:185591:0]      cuda_iface.h:85   UCX  ERROR cuCtxGetApiVersion(ctx, &version) failed: invalid device context
[1784039508.642318] [h200x8-01:185591:0]      cuda_iface.h:85   UCX  ERROR cuCtxGetApiVersion(ctx, &version) failed: invalid device context
[1784039508.642321] [h200x8-01:185591:0]      cuda_iface.h:85   UCX  ERROR cuCtxGetApiVersion(ctx, &version) failed: invalid device context
[1784039508.642323] [h200x8-01:185591:0]      cuda_iface.h:85   UCX  ERROR cuCtxGetApiVersion(ctx, &version) failed: invalid device context
[1784039508.642326] [h200x8-01:185591:0]      cuda_iface.h:85   UCX  ERROR cuCtxGetApiVersion(ctx, &version) failed: invalid device context
[1784039508.642329] [h200x8-01:185591:0]      cuda_iface.h:85   UCX  ERROR cuCtxGetApiVersion(ctx, &version) failed: invalid device context
[1784039508.642333] [h200x8-01:185591:0]      cuda_iface.h:85   UCX  ERROR cuCtxGetApiVersion(ctx, &version) failed: invalid device context
[1784039508.642335] [h200x8-01:185591:0]      cuda_iface.h:85   UCX  ERROR cuCtxGetApiVersion(ctx, &version) failed: invalid device context
[1784039508.642338] [h200x8-01:185591:0]      cuda_iface.h:85   UCX  ERROR cuCtxGetApiVersion(ctx, &version) failed: invalid device context
[1784039508.642342] [h200x8-01:185591:0]      cuda_iface.h:85   UCX  ERROR cuCtxGetApiVersion(ctx, &version) failed: invalid device context
[1784039508.642346] [h200x8-01:185591:0]      cuda_iface.h:85   UCX  ERROR cuCtxGetApiVersion(ctx, &version) failed: invalid device context
[1784039508.642349] [h200x8-01:185591:0]      cuda_iface.h:85   UCX  ERROR cuCtxGetApiVersion(ctx, &version) failed: invalid device context
[1784039508.642353] [h200x8-01:185591:0]      cuda_iface.h:85   UCX  ERROR cuCtxGetApiVersion(ctx, &version) failed: invalid device context
[1784039508.642354] [h200x8-01:185591:0]      cuda_iface.h:85   UCX  ERROR cuCtxGetApiVersion(ctx, &version) failed: invalid device context
[1784039508.642357] [h200x8-01:185591:0]      cuda_iface.h:85   UCX  ERROR cuCtxGetApiVersion(ctx, &version) failed: invalid device context
[1784039508.642361] [h200x8-01:185591:0]      cuda_iface.h:85   UCX  ERROR cuCtxGetApiVersion(ctx, &version) failed: invalid device context
[1784039508.642366] [h200x8-01:185591:0]      cuda_iface.h:85   UCX  ERROR cuCtxGetApiVersion(ctx, &version) failed: invalid device context
[1784039508.642369] [h200x8-01:185591:0]      cuda_iface.h:85   UCX  ERROR cuCtxGetApiVersion(ctx, &version) failed: invalid device context
[1784039508.642371] [h200x8-01:185591:0]      cuda_iface.h:85   UCX  ERROR cuCtxGetApiVersion(ctx, &version) failed: invalid device context
[1784039508.642374] [h200x8-01:185591:0]      cuda_iface.h:85   UCX  ERROR cuCtxGetApiVersion(ctx, &version) failed: invalid device context
[1784039508.642377] [h200x8-01:185591:0]      cuda_iface.h:85   UCX  ER[1784039508.642337] [h200x8-01:185592:0]      cuda_iface.h:85   UCX  ERROR cuCtxGetApiVersion(ctx, &version) failed: invalid device context
[1784039508.642351] [h200x8-01:185592:0]      cuda_iface.h:85   UCX  ERROR cuCtxGetApiVersion(ctx, &version) failed: invalid device context
[1784039508.642353] [h200x8-01:185592:0]      cuda_iface.h:85   UCX  ERROR cuCtxGetApiVersion(ctx, &version) failed: invalid device context
[1784039508.642355] [h200x8-01:185592:0]      cuda_iface.h:85   UCX  ERROR cuCtxGetApiVersion(ctx, &version) failed: invalid device context
[1784039508.642356] [h200x8-01:185592:0]      cuda_iface.h:85   UCX  ERROR cuCtxGetApiVersion(ctx, &version) failed: invalid device context
[1784039508.642358] [h200x8-01:185592:0]      cuda_iface.h:85   UCX  ERROR cuCtxGetApiVersion(ctx, &version) failed: invalid device context
[1784039508.642359] [h200x8-01:185592:0]      cuda_iface.h:85   UCX  ERROR cuCtxGetApiVersion(ctx, &version) failed: invalid device context
[1784039508.642360] [h200x8-01:185592:0]      cuda_iface.h:85   UCX  ERROR cuCtxGetApiVersion(ctx, &version) failed: invalid device context
[1784039508.642362] [h200x8-01:185592:0]      cuda_iface.h:85   UCX  ERROR cuCtxGetApiVersion(ctx, &version) failed: invalid device context
[1784039508.642363] [h200x8-01:185592:0]      cuda_iface.h:85   UCX  ERROR cuCtxGetApiVersion(ctx, &version) failed: invalid device context
[1784039508.642365] [h200x8-01:185592:0]      cuda_iface.h:85   UCX  ERROR cuCtxGetApiVersion(ctx, &version) failed: invalid device context
[1784039508.642367] [h200x8-01:185592:0]      cuda_iface.h:85   UCX  ERROR cuCtxGetApiVersion(ctx, &version) failed: invalid device context
[1784039508.642369] [h200x8-01:185592:0]      cuda_iface.h:85   UCX  ERROR cuCtxGetApiVersion(ctx, &version) failed: invalid device context
[1784039508.642370] [h200x8-01:185592:0]      cuda_iface.h:85   UCX  ERROR cuCtxGetApiVersion(ctx, &version) failed: invalid device context
[1784039508.642374] [h200x8-01:185592:0]      cuda_iface.h:85   UCX  ERROR cuCtxGetApiVersion(ctx, &version) failed: invalid device context
[1784039508.642376] [h200x8-01:185592:0]      cuda_iface.h:85   UCX  ERROR cuCtxGetApiVersion(ctx, &version) failed: invalid device context
[1784039508.642379] [h200x8-01:185592:0]      cuda_iface.h:85   UCX  ERROR cuCtxGetApiVersion(ctx, &version) failed: invalid device context
[1784039508.642380] [h200x8-01:185592:0]      cuda_iface.h:85   UCX  ERROR cuCtxGetApiVersion(ctx, &version) failed: invalid device context
[1784039508.642382] [h200x8-01:185592:0]      cuda_iface.h:85   UCX  ERROR cuCtxGetApiVersion(ctx, &version) failed: invalid device context
[1784039508.642384] [h200x8-01:185592:0]      cuda_iface.h:85   UCX  ERROR cuCtxGetApiVersion(ctx, &version) failed: invalid device context
[1784039508.642386] [h200x8-01:185592:0]      cuda_iface.h:85   UCX  ERROR cuCtxGetApiVersion(ctx, &version) failed: invalid device context
[1784039508.642388] [h200x8-01:185592:0]      cuda_iface.h:85   UCX  ERROR cuCtxGetApiVersion(ctx, &version) failed: invalid device context
[1784039508.642390] [h200x8-01:185592:0]      cuda_iface.h:85   UCX  ERROR cuCtxGetApiVersion(ctx, &version) failed: invalid device context
[1784039508.642393] [h200x8-01:185592:0]      cuda_iface.h:85   UCX  ERROR cuCtxGetApiVersion(ctx, &version) failed: invalid device context
[1784039508.642395] [h200x8-01:185592:0]      cuda_iface.h:85   UCX  ERROR cuCtxGetApiVersion(ctx, &version) failed: invalid device context
[1784039508.642396] [h200x8-01:185592:0]      cuda_iface.h:85   UCX  ERROR cuCtxGetApiVersion(ctx, &version) failed: invalid device context
[1784039508.642397] [h200x8-01:185592:0]      cuda_iface.h:85   UCX  ERROR cuCtxGetApiVersion(ctx, &version) failed: invalid device context
[1784039508.642399] [h200x8-01:185592:0]      cuda_iface.h:85   UCX  ERROR cuCtxGetApiVersion(ctx, &version) failed: invalid device context
[1784039508.642402] [h200x8-01:185592:0]      cuda_iface.h:85   UCX  ERROR cuCtxGetApiVersion(ctx, &version) failed: invalid device context
[1784039508.642403] [h200x8-01:185594:0]      cuda_iface.h:85   UCX  ERROR cuCtxGetApiVersion(ctx, &version) failed: invalid device context
[1784039508.642263] [h200x8-01:185594:0]      cuda_iface.h:85   UCX  ERROR cuCtxGetApiVersion(ctx, &version) failed: invalid device context
[1784039508.642265] [h200x8-01:185594:0]      cuda_iface.h:85   UCX  ERROR cuCtxGetApiVersion(ctx, &version) failed: invalid device context
[1784039508.642267] [h200x8-01:185594:0]      cuda_iface.h:85   UCX  ERROR cuCtxGetApiVersion(ctx, &version) failed: invalid device context
[1784039508.642269] [h200x8-01:185594:0]      cuda_iface.h:85   UCX  ERROR cuCtxGetApiVersion(ctx, &version) failed: invalid device context
[1784039508.642270] [h200x8-01:185594:0]      cuda_iface.h:85   UCX  ERROR cuCtxGetApiVersion(ctx, &version) failed: invalid device context
[1784039508.642272] [h200x8-01:185594:0]      cuda_iface.h:85   UCX  ERROR cuCtxGetApiVersion(ctx, &version) failed: invalid device context
[1784039508.642275] [h200x8-01:185594:0]      cuda_iface.h:85   UCX  ERROR cuCtxGetApiVersion(ctx, &version) failed: invalid device context
[1784039508.642276] [h200x8-01:185594:0]      cuda_iface.h:85   UCX  ERROR cuCtxGetApiVersion(ctx, &version) failed: invalid device context
[1784039508.642278] [h200x8-01:185594:0]      cuda_iface.h:85   UCX  ERROR cuCtxGetApiVersion(ctx, &version) failed: invalid device context
[1784039508.642280] [h200x8-01:185594:0]      cuda_iface.h:85   UCX  ERROR cuCtxGetApiVersion(ctx, &version) failed: invalid device context
[1784039508.642283] [h200x8-01:185594:0]      cuda_iface.h:85   UCX  ERROR cuCtxGetApiVersion(ctx, &version) failed: invalid device context
[1784039508.642285] [h200x8-01:185594:0]      cuda_iface.h:85   UCX  ERROR cuCtxGetApiVersion(ctx, &version) failed: invalid device context
[1784039508.642287] [h200x8-01:185594:0]      cuda_iface.h:85   UCX  ERROR cuCtxGetApiVersion(ctx, &version) failed: invalid device context
[1784039508.642290] [h200x8-01:185594:0]      cuda_iface.h:85   UCX  ERROR cuCtxGetApiVersion(ctx, &version) failed: invalid device context
[1784039508.642292] [h200x8-01:185594:0]      cuda_iface.h:85   UCX  ERROR cuCtxGetApiVersion(ctx, &version) failed: invalid device context
[1784039508.642294] [h200x8-01:185594:0]      cuda_iface.h:85   UCX  ERROR cuCtxGetApiVersion(ctx, &version) failed: invalid device context
[1784039508.642297] [h200x8-01:185594:0]      cuda_iface.h:85   UCX  ERROR cuCtxGetApiVersion(ctx, &version) failed: invalid device context
[1784039508.642303] [h200x8-01:185594:0]      cuda_iface.h:85   UCX  ERROR cuCtxGetApiVersion(ctx, &version) failed: invalid device context
[1784039508.642307] [h200x8-01:185594:0]      cuda_iface.h:85   UCX  ERROR cuCtxGetApiVersion(ctx, &version) failed: invalid device context
[1784039508.642310] [h200x8-01:185594:0]      cuda_iface.h:85   UCX  ERROR cuCtxGetApiVersion(ctx, &version) failed: invalid device context
[1784039508.642317] [h200x8-01:185594:0]      cuda_iface.h:85   UCX  ERROR cuCtxGetApiVersion(ctx, &version) failed: invalid device context
[1784039508.642320] [h200x8-01:185594:0]      cuda_iface.h:85   UCX  ERROR cuCtxGetApiVersion(ctx, &version) failed: invalid device context
[1784039508.642321] [h200x8-01:185594:0]      cuda_iface.h:85   UCX  ERROR cuCtxGetApiVersion(ctx, &version) failed: invalid device context
[1784039508.642323] [h200x8-01:185594:0]      cuda_iface.h:85   UCX  ERROR cuCtxGetApiVersion(ctx, &version) failed: invalid device context
[1784039508.642327] [h200x8-01:185594:0]      cuda_iface.h:85   UCX  ERROR cuCtxGetApiVersion(ctx, &version) failed: invalid device context
[1784039508.642331] [h200x8-01:185594:0]      cuda_iface.h:85   UCX  ERROR cuCtxGetApiVersion(ctx, &version) failed: invalid device context
[1784039508.642334] [h200x8-01:185594:0]      cuda_iface.h:85   UCX  ERROR cuCtxGetApiVersion(ctx, &version) failed: invalid device context
[1784039508.642337] [h200x8-01:185594:0]      cuda_iface.h:85   UCX  ERROR cuCtxGetApiVersion(ctx, &version) failed: invalid device context
[1784039508.642341] [h200x8-01:185594:0]      cuda_iface.h:85   UCX  E86:0]      cuda_iface.h:85   UCX  ERROR cuCtxGetApiVersion(ctx, &version) failed: invalid device context
[1784039508.642316] [h200x8-01:185586:0]      cuda_iface.h:85   UCX  ERROR cuCtxGetApiVersion(ctx, &version) failed: invalid device context
[1784039508.642318] [h200x8-01:185586:0]      cuda_iface.h:85   UCX  ERROR cuCtxGetApiVersion(ctx, &version) failed: invalid device context
[1784039508.642319] [h200x8-01:185586:0]      cuda_iface.h:85   UCX  ERROR cuCtxGetApiVersion(ctx, &version) failed: invalid device context
[1784039508.642321] [h200x8-01:185586:0]      cuda_iface.h:85   UCX  ERROR cuCtxGetApiVersion(ctx, &version) failed: invalid device context
[1784039508.642322] [h200x8-01:185586:0]      cuda_iface.h:85   UCX  ERROR cuCtxGetApiVersion(ctx, &version) failed: invalid device context
[1784039508.642323] [h200x8-01:185586:0]      cuda_iface.h:85   UCX  ERROR cuCtxGetApiVersion(ctx, &version) failed: invalid device context
[1784039508.642325] [h200x8-01:185586:0]      cuda_iface.h:85   UCX  ERROR cuCtxGetApiVersion(ctx, &version) failed: invalid device context
[1784039508.642326] [h200x8-01:185586:0]      cuda_iface.h:85   UCX  ERROR cuCtxGetApiVersion(ctx, &version) failed: invalid device context
[1784039508.642327] [h200x8-01:185586:0]      cuda_iface.h:85   UCX  ERROR cuCtxGetApiVersion(ctx, &version) failed: invalid device context
[1784039508.642329] [h200x8-01:185586:0]      cuda_iface.h:85   UCX  ERROR cuCtxGetApiVersion(ctx, &version) failed: invalid device context
[1784039508.642330] [h200x8-01:185586:0]      cuda_iface.h:85   UCX  ERROR cuCtxGetApiVersion(ctx, &version) failed: invalid device context
[1784039508.642332] [h200x8-01:185586:0]      cuda_iface.h:85   UCX  ERROR cuCtxGetApiVersion(ctx, &version) failed: invalid device context
[1784039508.642333] [h200x8-01:185586:0]      cuda_iface.h:85   UCX  ERROR cuCtxGetApiVersion(ctx, &version) failed: invalid device context
[1784039508.642335] [h200x8-01:185586:0]      cuda_iface.h:85   UCX  ERROR cuCtxGetApiVersion(ctx, &version) failed: invalid device context
[1784039508.642336] [h200x8-01:185586:0]      cuda_iface.h:85   UCX  ERROR cuCtxGetApiVersion(ctx, &version) failed: invalid device context
[1784039508.642338] [h200x8-01:185586:0]      cuda_iface.h:85   UCX  ERROR cuCtxGetApiVersion(ctx, &version) failed: invalid device context
[1784039508.642339] [h200x8-01:185586:0]      cuda_iface.h:85   UCX  ERROR cuCtxGetApiVersion(ctx, &version) failed: invalid device context
[1784039508.642340] [h200x8-01:185586:0]      cuda_iface.h:85   UCX  ERROR cuCtxGetApiVersion(ctx, &version) failed: invalid device context
[1784039508.642342] [h200x8-01:185586:0]      cuda_iface.h:85   UCX  ERROR cuCtxGetApiVersion(ctx, &version) failed: invalid device context
[1784039508.642343] [h200x8-01:185586:0]      cuda_iface.h:85   UCX  ERROR cuCtxGetApiVersion(ctx, &version) failed: invalid device context
[1784039508.642344] [h200x8-01:185586:0]      cuda_iface.h:85   UCX  ERROR cuCtxGetApiVersion(ctx, &version) failed: invalid device context
[1784039508.642346] [h200x8-01:185586:0]      cuda_iface.h:85   UCX  ERROR cuCtxGetApiVersion(ctx, &version) failed: invalid device context
[1784039508.642347] [h200x8-01:185586:0]      cuda_iface.h:85   UCX  ERROR cuCtxGetApiVersion(ctx, &version) failed: invalid device context
[1784039508.642348] [h200x8-01:185586:0]      cuda_iface.h:85   UCX  ERROR cuCtxGetApiVersion(ctx, &version) failed: invalid device context
[1784039508.642351] [h200x8-01:185586:0]      cuda_iface.h:85   UCX  ERROR cuCtxGetApiVersion(ctx, &version) failed: invalid device context
[1784039508.642352] [h200x8-01:185586:0]      cuda_iface.h:85   UCX  ERROR cuCtxGetApiVersion(ctx, &version) failed: invalid device context
[1784039508.642354] [h200x8-01:185586:0]      cuda_iface.h:85   UCX  ERROR cuCtxGetApiVersion(ctx, &version) failed: invalid device context
[1784039508.642356] [h200x8-01:185586:0]      cuda_iface.h:85   UCX  ERROR cuCtxGetApiVersion(ctx, &version) failed: invalid device context
[1784039508.642358] [h200x8-01:185586:0]      cuda_iface.h:85   UCX  E85:0]      cuda_iface.h:85   UCX  ERROR cuCtxGetApiVersion(ctx, &version) failed: invalid device context
[1784039508.642243] [h200x8-01:185585:0]      cuda_iface.h:85   UCX  ERROR cuCtxGetApiVersion(ctx, &version) failed: invalid device context
[1784039508.642245] [h200x8-01:185585:0]      cuda_iface.h:85   UCX  ERROR cuCtxGetApiVersion(ctx, &version) failed: invalid device context
[1784039508.642246] [h200x8-01:185585:0]      cuda_iface.h:85   UCX  ERROR cuCtxGetApiVersion(ctx, &version) failed: invalid device context
[1784039508.642247] [h200x8-01:185585:0]      cuda_iface.h:85   UCX  ERROR cuCtxGetApiVersion(ctx, &version) failed: invalid device context
[1784039508.642249] [h200x8-01:185585:0]      cuda_iface.h:85   UCX  ERROR cuCtxGetApiVersion(ctx, &version) failed: invalid device context
[1784039508.642250] [h200x8-01:185585:0]      cuda_iface.h:85   UCX  ERROR cuCtxGetApiVersion(ctx, &version) failed: invalid device context
[1784039508.642251] [h200x8-01:185585:0]      cuda_iface.h:85   UCX  ERROR cuCtxGetApiVersion(ctx, &version) failed: invalid device context
[1784039508.642253] [h200x8-01:185585:0]      cuda_iface.h:85   UCX  ERROR cuCtxGetApiVersion(ctx, &version) failed: invalid device context
[1784039508.642254] [h200x8-01:185585:0]      cuda_iface.h:85   UCX  ERROR cuCtxGetApiVersion(ctx, &version) failed: invalid device context
[1784039508.642256] [h200x8-01:185585:0]      cuda_iface.h:85   UCX  ERROR cuCtxGetApiVersion(ctx, &version) failed: invalid device context
[1784039508.642257] [h200x8-01:185585:0]      cuda_iface.h:85   UCX  ERROR cuCtxGetApiVersion(ctx, &version) failed: invalid device context
[1784039508.642258] [h200x8-01:185585:0]      cuda_iface.h:85   UCX  ERROR cuCtxGetApiVersion(ctx, &version) failed: invalid device context
[1784039508.642260] [h200x8-01:185585:0]      cuda_iface.h:85   UCX  ERROR cuCtxGetApiVersion(ctx, &version) failed: invalid device context
[1784039508.642261] [h200x8-01:185585:0]      cuda_iface.h:85   UCX  ERROR cuCtxGetApiVersion(ctx, &version) failed: invalid device context
[1784039508.642262] [h200x8-01:185585:0]      cuda_iface.h:85   UCX  ERROR cuCtxGetApiVersion(ctx, &version) failed: invalid device context
[1784039508.642264] [h200x8-01:185585:0]      cuda_iface.h:85   UCX  ERROR cuCtxGetApiVersion(ctx, &version) failed: invalid device context
[1784039508.642265] [h200x8-01:185585:0]      cuda_iface.h:85   UCX  ERROR cuCtxGetApiVersion(ctx, &version) failed: invalid device context
[1784039508.642266] [h200x8-01:185585:0]      cuda_iface.h:85   UCX  ERROR cuCtxGetApiVersion(ctx, &version) failed: invalid device context
[1784039508.642268] [h200x8-01:185585:0]      cuda_iface.h:85   UCX  ERROR cuCtxGetApiVersion(ctx, &version) failed: invalid device context
[1784039508.642269] [h200x8-01:185585:0]      cuda_iface.h:85   UCX  ERROR cuCtxGetApiVersion(ctx, &version) failed: invalid device context
[1784039508.642271] [h200x8-01:185585:0]      cuda_iface.h:85   UCX  ERROR cuCtxGetApiVersion(ctx, &version) failed: invalid device context
[1784039508.642272] [h200x8-01:185585:0]      cuda_iface.h:85   UCX  ERROR cuCtxGetApiVersion(ctx, &version) failed: invalid device context
[1784039508.642273] [h200x8-01:185585:0]      cuda_iface.h:85   UCX  ERROR cuCtxGetApiVersion(ctx, &version) failed: invalid device context
[1784039508.642274] [h200x8-01:185585:0]      cuda_iface.h:85   UCX  ERROR cuCtxGetApiVersion(ctx, &version) failed: invalid device context
[1784039508.642276] [h200x8-01:185585:0]      cuda_iface.h:85   UCX  ERROR cuCtxGetApiVersion(ctx, &version) failed: invalid device context
[1784039508.642277] [h200x8-01:185585:0]      cuda_iface.h:85   UCX  ERROR cuCtxGetApiVersion(ctx, &version) failed: invalid device context
[1784039508.642279] [h200x8-01:185585:0]      cuda_iface.h:85   UCX  ERROR cuCtxGetApiVersion(ctx, &version) failed: invalid device context
[1784039508.642280] [h200x8-01:185585:0]      cuda_iface.h:85   UCX  ERROR cuCtxGetApiVersion(ctx, &version) failed: invalid device context
[1784039508.642282] [h200x8-01:185585:0]      cuda_iface.h:85   UCX  ERROR cuCtxGetApiVersion(ctx, &version) failed: invalid device context
[1784039508.642359] [h200x8-01:185586:0]      cuda_iface.h:85   UCX  ERROR cuCtxGetApiVersion(ctx, &version) failed: invalid device context
[1784039508.642360] [h200x8-01:185586:0]      cuda_iface.h:85   UCX  ERROR cuCtxGetApiVersion(ctx, &version) failed: invalid device context
[1784039508.642362] [h200x8-01:185586:0]      cuda_iface.h:85   UCX  ERROR cuCtxGetApiVersion(ctx, &version) failed: invalid device context
[1784039508.642363] [h200x8-01:185586:0]      cuda_iface.h:85   UCX  ERROR cuCtxGetApiVersion(ctx, &version) failed: invalid device context
[1784039508.642364] [h200x8-01:185586:0]      cuda_iface.h:85   UCX  ERROR cuCtxGetApiVersion(ctx, &version) failed: invalid device context
[1784039508.642366] [h200x8-01:185586:0]      cuda_iface.h:85   UCX  ERROR cuCtxGetApiVersion(ctx, &version) failed: invalid device context
[1784039508.642368] [h200x8-01:185586:0]      cuda_iface.h:85   UCX  ERROR cuCtxGetApiVersion(ctx, &version) failed: invalid device context
[1784039508.642370] [h200x8-01:185586:0]      cuda_iface.h:85   UCX  ERROR cuCtxGetApiVersion(ctx, &version) failed: invalid device context
[1784039508.642371] [h200x8-01:185586:0]      cuda_iface.h:85   UCX  ERROR cuCtxGetApiVersion(ctx, &version) failed: invalid device context
[1784039508.642375] [h200x8-01:185586:0]      cuda_iface.h:85   UCX  ERROR cuCtxGetApiVersion(ctx, &version) failed: invalid device context
[1784039508.642377] [h200x8-01:185586:0]      cuda_iface.h:85   UCX  ERROR cuCtxGetApiVersion(ctx, &version) failed: invalid device context
[1784039508.642379] [h200x8-01:185586:0]      cuda_iface.h:85   UCX  ERROR cuCtxGetApiVersion(ctx, &version) failed: invalid device context
[1784039508.642381] [h200x8-01:185586:0]      cuda_iface.h:85   UCX  ERROR cuCtxGetApiVersion(ctx, &version) failed: invalid device context
[1784039508.642382] [h200x8-01:185586:0]      cuda_iface.h:85   UCX  ERROR cuCtxGetApiVersion(ctx, &version) failed: invalid device context
[1784039508.642384] [h200x8-01:185586:0]      cuda_iface.h:85   UCX  ERROR cuCtxGetApiVersion(ctx, &version) failed: invalid device context
[1784039508.642386] [h200x8-01:185586:0]      cuda_iface.h:85   UCX  ERROR cuCtxGetApiVersion(ctx, &version) failed: invalid device context
[1784039508.642387] [h200x8-01:185586:0]      cuda_iface.h:85   UCX  ERROR cuCtxGetApiVersion(ctx, &version) failed: invalid device context
[1784039508.642389] [h200x8-01:185586:0]      cuda_iface.h:85   UCX  ERROR cuCtxGetApiVersion(ctx, &version) failed: invalid device context
[1784039508.642391] [h200x8-01:185586:0]      cuda_iface.h:85   UCX  ERROR cuCtxGetApiVersion(ctx, &version) failed: invalid device context
[1784039508.642394] [h200x8-01:185586:0]      cuda_iface.h:85   UCX  ERROR cuCtxGetApiVersion(ctx, &version) failed: invalid device context
[1784039508.642395] [h200x8-01:185586:0]      cuda_iface.h:85   UCX  ERROR cuCtxGetApiVersion(ctx, &version) failed: invalid device context
[1784039508.642396] [h200x8-01:185586:0]      cuda_iface.h:85   UCX  ERROR cuCtxGetApiVersion(ctx, &version) failed: invalid device context
[1784039508.642398] [h200x8-01:185586:0]      cuda_iface.h:85   UCX  ERROR cuCtxGetApiVersion(ctx, &version) failed: invalid device context
[1784039508.642399] [h200x8-01:185586:0]      cuda_iface.h:85   UCX  ERROR cuCtxGetApiVersion(ctx, &version) failed: invalid device context
[1784039508.642401] [h200x8-01:185586:0]      cuda_iface.h:85   UCX  ERROR cuCtxGetApiVersion(ctx, &version) failed: invalid device context
[1784039508.642403] [h200x8-01:185586:0]      cuda_iface.h:85   UCX  ERROR cuCtxGetApiVersion(ctx, &version) failed: invalid device context
[1784039508.642404] [h200x8-01:185586:0]      cuda_iface.h:85   UCX  ERROR cuCtxGetApiVersion(ctx, &version) failed: invalid device context
[1784039508.642407] [h200x8-01:185586:0]      cuda_iface.h:85   UCX  ERROR cuCtxGetApiVersion(ctx, &version) failed: invalid device context
[1784039508.642409] [h200x8-01:185586:0]      cuda_iface.h:85   UCX  ERROR cuCtxGetApiVersion(ctx, &versiROR cuCtxGetApiVersion(ctx, &version) failed: invalid device context
[1784039508.642468] [h200x8-01:185587:0]      cuda_iface.h:85   UCX  ERROR cuCtxGetApiVersion(ctx, &version) failed: invalid device context
[1784039508.642471] [h200x8-01:185587:0]      cuda_iface.h:85   UCX  ERROR cuCtxGetApiVersion(ctx, &version) failed: invalid device context
[1784039508.642475] [h200x8-01:185587:0]      cuda_iface.h:85   UCX  ERROR cuCtxGetApiVersion(ctx, &version) failed: invalid device context
[1784039508.642477] [h200x8-01:185587:0]      cuda_iface.h:85   UCX  ERROR cuCtxGetApiVersion(ctx, &version) failed: invalid device context
[1784039508.642480] [h200x8-01:185587:0]      cuda_iface.h:85   UCX  ERROR cuCtxGetApiVersion(ctx, &version) failed: invalid device context
[1784039508.642483] [h200x8-01:185587:0]      cuda_iface.h:85   UCX  ERROR cuCtxGetApiVersion(ctx, &version) failed: invalid device context
[1784039508.642487] [h200x8-01:185587:0]      cuda_iface.h:85   UCX  ERROR cuCtxGetApiVersion(ctx, &version) failed: invalid device context
[1784039508.642491] [h200x8-01:185587:0]      cuda_iface.h:85   UCX  ERROR cuCtxGetApiVersion(ctx, &version) failed: invalid device context
[1784039508.642494] [h200x8-01:185587:0]      cuda_iface.h:85   UCX  ERROR cuCtxGetApiVersion(ctx, &version) failed: invalid device context
[1784039508.642498] [h200x8-01:185587:0]      cuda_iface.h:85   UCX  ERROR cuCtxGetApiVersion(ctx, &version) failed: invalid device context
[1784039508.642502] [h200x8-01:185587:0]      cuda_iface.h:85   UCX  ERROR cuCtxGetApiVersion(ctx, &version) failed: invalid device context
[1784039508.642506] [h200x8-01:185587:0]      cuda_iface.h:85   UCX  ERROR cuCtxGetApiVersion(ctx, &version) failed: invalid device context
[1784039508.642507] [h200x8-01:185587:0]      cuda_iface.h:85   UCX  ERROR cuCtxGetApiVersion(ctx, &version) failed: invalid device context
[1784039508.642509] [h200x8-01:185587:0]      cuda_iface.h:85   UCX  ERROR cuCtxGetApiVersion(ctx, &version) failed: invalid device context
[1784039508.642513] [h200x8-01:185587:0]      cuda_iface.h:85   UCX  ERROR cuCtxGetApiVersion(ctx, &version) failed: invalid device context
[1784039508.642516] [h200x8-01:185587:0]      cuda_iface.h:85   UCX  ERROR cuCtxGetApiVersion(ctx, &version) failed: invalid device context
[1784039508.642517] [h200x8-01:185587:0]      cuda_iface.h:85   UCX  ERROR cuCtxGetApiVersion(ctx, &version) failed: invalid device context
[1784039508.642520] [h200x8-01:185587:0]      cuda_iface.h:85   UCX  ERROR cuCtxGetApiVersion(ctx, &version) failed: invalid device context
[1784039508.642521] [h200x8-01:185587:0]      cuda_iface.h:85   UCX  ERROR cuCtxGetApiVersion(ctx, &version) failed: invalid device context
[1784039508.642522] [h200x8-01:185587:0]      cuda_iface.h:85   UCX  ERROR cuCtxGetApiVersion(ctx, &version) failed: invalid device context
[1784039508.642525] [h200x8-01:185587:0]      cuda_iface.h:85   UCX  ERROR cuCtxGetApiVersion(ctx, &version) failed: invalid device context
[1784039508.642526] [h200x8-01:185587:0]      cuda_iface.h:85   UCX  ERROR cuCtxGetApiVersion(ctx, &version) failed: invalid device context
[1784039508.642528] [h200x8-01:185587:0]      cuda_iface.h:85   UCX  ERROR cuCtxGetApiVersion(ctx, &version) failed: invalid device context
[1784039508.642530] [h200x8-01:185587:0]      cuda_iface.h:85   UCX  ERROR cuCtxGetApiVersion(ctx, &version) failed: invalid device context
[1784039508.642532] [h200x8-01:185587:0]      cuda_iface.h:85   UCX  ERROR cuCtxGetApiVersion(ctx, &version) failed: invalid device context
[1784039508.642536] [h200x8-01:185587:0]      cuda_iface.h:85   UCX  ERROR cuCtxGetApiVersion(ctx, &version) failed: invalid device context
[1784039508.642538] [h200x8-01:185587:0]      cuda_iface.h:85   UCX  ERROR cuCtxGetApiVersion(ctx, &version) failed: invalid device context
[1784039508.642540] [h200x8-01:185587:0]      cuda_iface.h:85   UCX  ERROR cuCtxGetApiVersion(ctx, &version) failed: invalid device context
[1784039508.642547] [h200x8-01:185587:0]      cuda_iface.h:85   UCX  ERROR cuCtxGetApiVersion(ctx, &versio3:0]      cuda_iface.h:85   UCX  ERROR cuCtxGetApiVersion(ctx, &version) failed: invalid device context
[1784039508.642439] [h200x8-01:185593:0]      cuda_iface.h:85   UCX  ERROR cuCtxGetApiVersion(ctx, &version) failed: invalid device context
[1784039508.642443] [h200x8-01:185593:0]      cuda_iface.h:85   UCX  ERROR cuCtxGetApiVersion(ctx, &version) failed: invalid device context
[1784039508.642447] [h200x8-01:185593:0]      cuda_iface.h:85   UCX  ERROR cuCtxGetApiVersion(ctx, &version) failed: invalid device context
[1784039508.642451] [h200x8-01:185593:0]      cuda_iface.h:85   UCX  ERROR cuCtxGetApiVersion(ctx, &version) failed: invalid device context
[1784039508.642452] [h200x8-01:185593:0]      cuda_iface.h:85   UCX  ERROR cuCtxGetApiVersion(ctx, &version) failed: invalid device context
[1784039508.642456] [h200x8-01:185593:0]      cuda_iface.h:85   UCX  ERROR cuCtxGetApiVersion(ctx, &version) failed: invalid device context
[1784039508.642460] [h200x8-01:185593:0]      cuda_iface.h:85   UCX  ERROR cuCtxGetApiVersion(ctx, &version) failed: invalid device context
[1784039508.642464] [h200x8-01:185593:0]      cuda_iface.h:85   UCX  ERROR cuCtxGetApiVersion(ctx, &version) failed: invalid device context
[1784039508.642465] [h200x8-01:185593:0]      cuda_iface.h:85   UCX  ERROR cuCtxGetApiVersion(ctx, &version) failed: invalid device context
[1784039508.642469] [h200x8-01:185593:0]      cuda_iface.h:85   UCX  ERROR cuCtxGetApiVersion(ctx, &version) failed: invalid device context
[1784039508.642473] [h200x8-01:185593:0]      cuda_iface.h:85   UCX  ERROR cuCtxGetApiVersion(ctx, &version) failed: invalid device context
[1784039508.642478] [h200x8-01:185593:0]      cuda_iface.h:85   UCX  ERROR cuCtxGetApiVersion(ctx, &version) failed: invalid device context
[1784039508.642483] [h200x8-01:185593:0]      cuda_iface.h:85   UCX  ERROR cuCtxGetApiVersion(ctx, &version) failed: invalid device context
[1784039508.642486] [h200x8-01:185593:0]      cuda_iface.h:85   UCX  ERROR cuCtxGetApiVersion(ctx, &version) failed: invalid device context
[1784039508.642490] [h200x8-01:185593:0]      cuda_iface.h:85   UCX  ERROR cuCtxGetApiVersion(ctx, &version) failed: invalid device context
[1784039508.642493] [h200x8-01:185593:0]      cuda_iface.h:85   UCX  ERROR cuCtxGetApiVersion(ctx, &version) failed: invalid device context
[1784039508.642497] [h200x8-01:185593:0]      cuda_iface.h:85   UCX  ERROR cuCtxGetApiVersion(ctx, &version) failed: invalid device context
[1784039508.642498] [h200x8-01:185593:0]      cuda_iface.h:85   UCX  ERROR cuCtxGetApiVersion(ctx, &version) failed: invalid device context
[1784039508.642501] [h200x8-01:185593:0]      cuda_iface.h:85   UCX  ERROR cuCtxGetApiVersion(ctx, &version) failed: invalid device context
[1784039508.642504] [h200x8-01:185593:0]      cuda_iface.h:85   UCX  ERROR cuCtxGetApiVersion(ctx, &version) failed: invalid device context
[1784039508.642505] [h200x8-01:185593:0]      cuda_iface.h:85   UCX  ERROR cuCtxGetApiVersion(ctx, &version) failed: invalid device context
[1784039508.642508] [h200x8-01:185593:0]      cuda_iface.h:85   UCX  ERROR cuCtxGetApiVersion(ctx, &version) failed: invalid device context
[1784039508.642511] [h200x8-01:185593:0]      cuda_iface.h:85   UCX  ERROR cuCtxGetApiVersion(ctx, &version) failed: invalid device context
[1784039508.642513] [h200x8-01:185593:0]      cuda_iface.h:85   UCX  ERROR cuCtxGetApiVersion(ctx, &version) failed: invalid device context
[1784039508.642514] [h200x8-01:185593:0]      cuda_iface.h:85   UCX  ERROR cuCtxGetApiVersion(ctx, &version) failed: invalid device context
[1784039508.642518] [h200x8-01:185593:0]      cuda_iface.h:85   UCX  ERROR cuCtxGetApiVersion(ctx, &version) failed: invalid device context
[1784039508.642520] [h200x8-01:185593:0]      cuda_iface.h:85   UCX  ERROR cuCtxGetApiVersion(ctx, &version) failed: invalid device context
[1784039508.642524] [h200x8-01:185593:0]      cuda_iface.h:85   UCX  ERROR cuCtxGetApiVersion(ctx, &version) failed: invalid device context
[1784039508.642527] [h200x8-01:185593:0]      cuda_iface.h:85   UCX  ERRROR cuCtxGetApiVersion(ctx, &version) failed: invalid device context
[1784039508.642182] [h200x8-01:185588:0]      cuda_iface.h:85   UCX  ERROR cuCtxGetApiVersion(ctx, &version) failed: invalid device context
[1784039508.642184] [h200x8-01:185588:0]      cuda_iface.h:85   UCX  ERROR cuCtxGetApiVersion(ctx, &version) failed: invalid device context
[1784039508.642185] [h200x8-01:185588:0]      cuda_iface.h:85   UCX  ERROR cuCtxGetApiVersion(ctx, &version) failed: invalid device context
[1784039508.642186] [h200x8-01:185588:0]      cuda_iface.h:85   UCX  ERROR cuCtxGetApiVersion(ctx, &version) failed: invalid device context
[1784039508.642188] [h200x8-01:185588:0]      cuda_iface.h:85   UCX  ERROR cuCtxGetApiVersion(ctx, &version) failed: invalid device context
[1784039508.642189] [h200x8-01:185588:0]      cuda_iface.h:85   UCX  ERROR cuCtxGetApiVersion(ctx, &version) failed: invalid device context
[1784039508.642191] [h200x8-01:185588:0]      cuda_iface.h:85   UCX  ERROR cuCtxGetApiVersion(ctx, &version) failed: invalid device context
[1784039508.642192] [h200x8-01:185588:0]      cuda_iface.h:85   UCX  ERROR cuCtxGetApiVersion(ctx, &version) failed: invalid device context
[1784039508.642193] [h200x8-01:185588:0]      cuda_iface.h:85   UCX  ERROR cuCtxGetApiVersion(ctx, &version) failed: invalid device context
[1784039508.642196] [h200x8-01:185588:0]      cuda_iface.h:85   UCX  ERROR cuCtxGetApiVersion(ctx, &version) failed: invalid device context
[1784039508.642200] [h200x8-01:185588:0]      cuda_iface.h:85   UCX  ERROR cuCtxGetApiVersion(ctx, &version) failed: invalid device context
[1784039508.642202] [h200x8-01:185588:0]      cuda_iface.h:85   UCX  ERROR cuCtxGetApiVersion(ctx, &version) failed: invalid device context
[1784039508.642203] [h200x8-01:185588:0]      cuda_iface.h:85   UCX  ERROR cuCtxGetApiVersion(ctx, &version) failed: invalid device context
[1784039508.642205] [h200x8-01:185588:0]      cuda_iface.h:85   UCX  ERROR cuCtxGetApiVersion(ctx, &version) failed: invalid device context
[1784039508.642208] [h200x8-01:185588:0]      cuda_iface.h:85   UCX  ERROR cuCtxGetApiVersion(ctx, &version) failed: invalid device context
[1784039508.642210] [h200x8-01:185588:0]      cuda_iface.h:85   UCX  ERROR cuCtxGetApiVersion(ctx, &version) failed: invalid device context
[1784039508.642212] [h200x8-01:185588:0]      cuda_iface.h:85   UCX  ERROR cuCtxGetApiVersion(ctx, &version) failed: invalid device context
[1784039508.642214] [h200x8-01:185588:0]      cuda_iface.h:85   UCX  ERROR cuCtxGetApiVersion(ctx, &version) failed: invalid device context
[1784039508.642215] [h200x8-01:185588:0]      cuda_iface.h:85   UCX  ERROR cuCtxGetApiVersion(ctx, &version) failed: invalid device context
[1784039508.642218] [h200x8-01:185588:0]      cuda_iface.h:85   UCX  ERROR cuCtxGetApiVersion(ctx, &version) failed: invalid device context
[1784039508.642219] [h200x8-01:185588:0]      cuda_iface.h:85   UCX  ERROR cuCtxGetApiVersion(ctx, &version) failed: invalid device context
[1784039508.642221] [h200x8-01:185588:0]      cuda_iface.h:85   UCX  ERROR cuCtxGetApiVersion(ctx, &version) failed: invalid device context
[1784039508.642223] [h200x8-01:185588:0]      cuda_iface.h:85   UCX  ERROR cuCtxGetApiVersion(ctx, &version) failed: invalid device context
[1784039508.642224] [h200x8-01:185588:0]      cuda_iface.h:85   UCX  ERROR cuCtxGetApiVersion(ctx, &version) failed: invalid device context
[1784039508.642226] [h200x8-01:185588:0]      cuda_iface.h:85   UCX  ERROR cuCtxGetApiVersion(ctx, &version) failed: invalid device context
[1784039508.642228] [h200x8-01:185588:0]      cuda_iface.h:85   UCX  ERROR cuCtxGetApiVersion(ctx, &version) failed: invalid device context
[1784039508.642229] [h200x8-01:185588:0]      cuda_iface.h:85   UCX  ERROR cuCtxGetApiVersion(ctx, &version) failed: invalid device context
[1784039508.642232] [h200x8-01:185588:0]      cuda_iface.h:85   UCX  ERROR cuCtxGetApiVersion(ctx, &version) failed: invalid device context
[1784039508.642234] [h200x8-01:185588:0]      cuda_iface.h:85   UCX  ERROR cuCtxGetApiVersion(ctx, &versiROR cuCtxGetApiVersion(ctx, &version) failed: invalid device context
[1784039508.642380] [h200x8-01:185591:0]      cuda_iface.h:85   UCX  ERROR cuCtxGetApiVersion(ctx, &version) failed: invalid device context
[1784039508.642381] [h200x8-01:185591:0]      cuda_iface.h:85   UCX  ERROR cuCtxGetApiVersion(ctx, &version) failed: invalid device context
[1784039508.642383] [h200x8-01:185591:0]      cuda_iface.h:85   UCX  ERROR cuCtxGetApiVersion(ctx, &version) failed: invalid device context
[1784039508.642386] [h200x8-01:185591:0]      cuda_iface.h:85   UCX  ERROR cuCtxGetApiVersion(ctx, &version) failed: invalid device context
[1784039508.642391] [h200x8-01:185591:0]      cuda_iface.h:85   UCX  ERROR cuCtxGetApiVersion(ctx, &version) failed: invalid device context
[1784039508.642395] [h200x8-01:185591:0]      cuda_iface.h:85   UCX  ERROR cuCtxGetApiVersion(ctx, &version) failed: invalid device context
[1784039508.642398] [h200x8-01:185591:0]      cuda_iface.h:85   UCX  ERROR cuCtxGetApiVersion(ctx, &version) failed: invalid device context
[1784039508.642401] [h200x8-01:185591:0]      cuda_iface.h:85   UCX  ERROR cuCtxGetApiVersion(ctx, &version) failed: invalid device context
[1784039508.642405] [h200x8-01:185591:0]      cuda_iface.h:85   UCX  ERROR cuCtxGetApiVersion(ctx, &version) failed: invalid device context
[1784039508.642410] [h200x8-01:185591:0]      cuda_iface.h:85   UCX  ERROR cuCtxGetApiVersion(ctx, &version) failed: invalid device context
[1784039508.642412] [h200x8-01:185591:0]      cuda_iface.h:85   UCX  ERROR cuCtxGetApiVersion(ctx, &version) failed: invalid device context
[1784039508.642418] [h200x8-01:185591:0]      cuda_iface.h:85   UCX  ERROR cuCtxGetApiVersion(ctx, &version) failed: invalid device context
[1784039508.642421] [h200x8-01:185591:0]      cuda_iface.h:85   UCX  ERROR cuCtxGetApiVersion(ctx, &version) failed: invalid device context
[1784039508.642425] [h200x8-01:185591:0]      cuda_iface.h:85   UCX  ERROR cuCtxGetApiVersion(ctx, &version) failed: invalid device context
[1784039508.642429] [h200x8-01:185591:0]      cuda_iface.h:85   UCX  ERROR cuCtxGetApiVersion(ctx, &version) failed: invalid device context
[1784039508.642432] [h200x8-01:185591:0]      cuda_iface.h:85   UCX  ERROR cuCtxGetApiVersion(ctx, &version) failed: invalid device context
[1784039508.642433] [h200x8-01:185591:0]      cuda_iface.h:85   UCX  ERROR cuCtxGetApiVersion(ctx, &version) failed: invalid device context
[1784039508.642435] [h200x8-01:185591:0]      cuda_iface.h:85   UCX  ERROR cuCtxGetApiVersion(ctx, &version) failed: invalid device context
[1784039508.642438] [h200x8-01:185591:0]      cuda_iface.h:85   UCX  ERROR cuCtxGetApiVersion(ctx, &version) failed: invalid device context
[1784039508.642442] [h200x8-01:185591:0]      cuda_iface.h:85   UCX  ERROR cuCtxGetApiVersion(ctx, &version) failed: invalid device context
[1784039508.642446] [h200x8-01:185591:0]      cuda_iface.h:85   UCX  ERROR cuCtxGetApiVersion(ctx, &version) failed: invalid device context
[1784039508.642447] [h200x8-01:185591:0]      cuda_iface.h:85   UCX  ERROR cuCtxGetApiVersion(ctx, &version) failed: invalid device context
[1784039508.642452] [h200x8-01:185591:0]      cuda_iface.h:85   UCX  ERROR cuCtxGetApiVersion(ctx, &version) failed: invalid device context
[1784039508.642457] [h200x8-01:185591:0]      cuda_iface.h:85   UCX  ERROR cuCtxGetApiVersion(ctx, &version) failed: invalid device context
[1784039508.642461] [h200x8-01:185591:0]      cuda_iface.h:85   UCX  ERROR cuCtxGetApiVersion(ctx, &version) failed: invalid device context
[1784039508.642465] [h200x8-01:185591:0]      cuda_iface.h:85   UCX  ERROR cuCtxGetApiVersion(ctx, &version) failed: invalid device context
[1784039508.642470] [h200x8-01:185591:0]      cuda_iface.h:85   UCX  ERROR cuCtxGetApiVersion(ctx, &version) failed: invalid device context
[1784039508.642473] [h200x8-01:185591:0]      cuda_iface.h:85   UCX  ERROR cuCtxGetApiVersion(ctx, &version) failed: invalid device context
[1784039508.642480] [h200x8-01:185591:0]      cuda_iface.h:85   UCX  ERROR cuCtxGetApiVersion(ctx, &versio92:0]      cuda_iface.h:85   UCX  ERROR cuCtxGetApiVersion(ctx, &version) failed: invalid device context
[1784039508.642406] [h200x8-01:185592:0]      cuda_iface.h:85   UCX  ERROR cuCtxGetApiVersion(ctx, &version) failed: invalid device context
[1784039508.642408] [h200x8-01:185592:0]      cuda_iface.h:85   UCX  ERROR cuCtxGetApiVersion(ctx, &version) failed: invalid device context
[1784039508.642411] [h200x8-01:185592:0]      cuda_iface.h:85   UCX  ERROR cuCtxGetApiVersion(ctx, &version) failed: invalid device context
[1784039508.642414] [h200x8-01:185592:0]      cuda_iface.h:85   UCX  ERROR cuCtxGetApiVersion(ctx, &version) failed: invalid device context
[1784039508.642417] [h200x8-01:185592:0]      cuda_iface.h:85   UCX  ERROR cuCtxGetApiVersion(ctx, &version) failed: invalid device context
[1784039508.642419] [h200x8-01:185592:0]      cuda_iface.h:85   UCX  ERROR cuCtxGetApiVersion(ctx, &version) failed: invalid device context
[1784039508.642422] [h200x8-01:185592:0]      cuda_iface.h:85   UCX  ERROR cuCtxGetApiVersion(ctx, &version) failed: invalid device context
[1784039508.642425] [h200x8-01:185592:0]      cuda_iface.h:85   UCX  ERROR cuCtxGetApiVersion(ctx, &version) failed: invalid device context
[1784039508.642428] [h200x8-01:185592:0]      cuda_iface.h:85   UCX  ERROR cuCtxGetApiVersion(ctx, &version) failed: invalid device context
[1784039508.642431] [h200x8-01:185592:0]      cuda_iface.h:85   UCX  ERROR cuCtxGetApiVersion(ctx, &version) failed: invalid device context
[1784039508.642433] [h200x8-01:185592:0]      cuda_iface.h:85   UCX  ERROR cuCtxGetApiVersion(ctx, &version) failed: invalid device context
[1784039508.642436] [h200x8-01:185592:0]      cuda_iface.h:85   UCX  ERROR cuCtxGetApiVersion(ctx, &version) failed: invalid device context
[1784039508.642440] [h200x8-01:185592:0]      cuda_iface.h:85   UCX  ERROR cuCtxGetApiVersion(ctx, &version) failed: invalid device context
[1784039508.642443] [h200x8-01:185592:0]      cuda_iface.h:85   UCX  ERROR cuCtxGetApiVersion(ctx, &version) failed: invalid device context
[1784039508.642445] [h200x8-01:185592:0]      cuda_iface.h:85   UCX  ERROR cuCtxGetApiVersion(ctx, &version) failed: invalid device context
[1784039508.642447] [h200x8-01:185592:0]      cuda_iface.h:85   UCX  ERROR cuCtxGetApiVersion(ctx, &version) failed: invalid device context
[1784039508.642450] [h200x8-01:185592:0]      cuda_iface.h:85   UCX  ERROR cuCtxGetApiVersion(ctx, &version) failed: invalid device context
[1784039508.642453] [h200x8-01:185592:0]      cuda_iface.h:85   UCX  ERROR cuCtxGetApiVersion(ctx, &version) failed: invalid device context
[1784039508.642457] [h200x8-01:185592:0]      cuda_iface.h:85   UCX  ERROR cuCtxGetApiVersion(ctx, &version) failed: invalid device context
[1784039508.642462] [h200x8-01:185592:0]      cuda_iface.h:85   UCX  ERROR cuCtxGetApiVersion(ctx, &version) failed: invalid device context
[1784039508.642466] [h200x8-01:185592:0]      cuda_iface.h:85   UCX  ERROR cuCtxGetApiVersion(ctx, &version) failed: invalid device context
[1784039508.642469] [h200x8-01:185592:0]      cuda_iface.h:85   UCX  ERROR cuCtxGetApiVersion(ctx, &version) failed: invalid device context
[1784039508.642472] [h200x8-01:185592:0]      cuda_iface.h:85   UCX  ERROR cuCtxGetApiVersion(ctx, &version) failed: invalid device context
[1784039508.642473] [h200x8-01:185592:0]      cuda_iface.h:85   UCX  ERROR cuCtxGetApiVersion(ctx, &version) failed: invalid device context
[1784039508.642475] [h200x8-01:185592:0]      cuda_iface.h:85   UCX  ERROR cuCtxGetApiVersion(ctx, &version) failed: invalid device context
[1784039508.642478] [h200x8-01:185592:0]      cuda_iface.h:85   UCX  ERROR cuCtxGetApiVersion(ctx, &version) failed: invalid device context
[1784039508.642481] [h200x8-01:185592:0]      cuda_iface.h:85   UCX  ERROR cuCtxGetApiVersion(ctx, &version) failed: invalid device context
[1784039508.642482] [h200x8-01:185592:0]      cuda_iface.h:85   UCX  ERROR cuCtxGetApiVersion(ctx, &version) failed: invalid device context
[1784039508.642486] [h200x8-01:185592:0]      cuda_iface.h:85   UCX  ERROR cuCtxGetApiVersion(ctx, &version) failed: invalid device context
[1784039508.642345] [h200x8-01:185594:0]      cuda_iface.h:85   UCX  ERROR cuCtxGetApiVersion(ctx, &version) failed: invalid device context
[1784039508.642347] [h200x8-01:185594:0]      cuda_iface.h:85   UCX  ERROR cuCtxGetApiVersion(ctx, &version) failed: invalid device context
[1784039508.642351] [h200x8-01:185594:0]      cuda_iface.h:85   UCX  ERROR cuCtxGetApiVersion(ctx, &version) failed: invalid device context
[1784039508.642354] [h200x8-01:185594:0]      cuda_iface.h:85   UCX  ERROR cuCtxGetApiVersion(ctx, &version) failed: invalid device context
[1784039508.642356] [h200x8-01:185594:0]      cuda_iface.h:85   UCX  ERROR cuCtxGetApiVersion(ctx, &version) failed: invalid device context
[1784039508.642360] [h200x8-01:185594:0]      cuda_iface.h:85   UCX  ERROR cuCtxGetApiVersion(ctx, &version) failed: invalid device context
[1784039508.642361] [h200x8-01:185594:0]      cuda_iface.h:85   UCX  ERROR cuCtxGetApiVersion(ctx, &version) failed: invalid device context
[1784039508.642364] [h200x8-01:185594:0]      cuda_iface.h:85   UCX  ERROR cuCtxGetApiVersion(ctx, &version) failed: invalid device context
[1784039508.642368] [h200x8-01:185594:0]      cuda_iface.h:85   UCX  ERROR cuCtxGetApiVersion(ctx, &version) failed: invalid device context
[1784039508.642372] [h200x8-01:185594:0]      cuda_iface.h:85   UCX  ERROR cuCtxGetApiVersion(ctx, &version) failed: invalid device context
[1784039508.642376] [h200x8-01:185594:0]      cuda_iface.h:85   UCX  ERROR cuCtxGetApiVersion(ctx, &version) failed: invalid device context
[1784039508.642380] [h200x8-01:185594:0]      cuda_iface.h:85   UCX  ERROR cuCtxGetApiVersion(ctx, &version) failed: invalid device context
[1784039508.642381] [h200x8-01:185594:0]      cuda_iface.h:85   UCX  ERROR cuCtxGetApiVersion(ctx, &version) failed: invalid device context
[1784039508.642385] [h200x8-01:185594:0]      cuda_iface.h:85   UCX  ERROR cuCtxGetApiVersion(ctx, &version) failed: invalid device context
[1784039508.642388] [h200x8-01:185594:0]      cuda_iface.h:85   UCX  ERROR cuCtxGetApiVersion(ctx, &version) failed: invalid device context
[1784039508.642392] [h200x8-01:185594:0]      cuda_iface.h:85   UCX  ERROR cuCtxGetApiVersion(ctx, &version) failed: invalid device context
[1784039508.642393] [h200x8-01:185594:0]      cuda_iface.h:85   UCX  ERROR cuCtxGetApiVersion(ctx, &version) failed: invalid device context
[1784039508.642396] [h200x8-01:185594:0]      cuda_iface.h:85   UCX  ERROR cuCtxGetApiVersion(ctx, &version) failed: invalid device context
[1784039508.642399] [h200x8-01:185594:0]      cuda_iface.h:85   UCX  ERROR cuCtxGetApiVersion(ctx, &version) failed: invalid device context
[1784039508.642403] [h200x8-01:185594:0]      cuda_iface.h:85   UCX  ERROR cuCtxGetApiVersion(ctx, &version) failed: invalid device context
[1784039508.642406] [h200x8-01:185594:0]      cuda_iface.h:85   UCX  ERROR cuCtxGetApiVersion(ctx, &version) failed: invalid device context
[1784039508.642409] [h200x8-01:185594:0]      cuda_iface.h:85   UCX  ERROR cuCtxGetApiVersion(ctx, &version) failed: invalid device context
[1784039508.642411] [h200x8-01:185594:0]      cuda_iface.h:85   UCX  ERROR cuCtxGetApiVersion(ctx, &version) failed: invalid device context
[1784039508.642415] [h200x8-01:185594:0]      cuda_iface.h:85   UCX  ERROR cuCtxGetApiVersion(ctx, &version) failed: invalid device context
[1784039508.642420] [h200x8-01:185594:0]      cuda_iface.h:85   UCX  ERROR cuCtxGetApiVersion(ctx, &version) failed: invalid device context
[1784039508.642421] [h200x8-01:185594:0]      cuda_iface.h:85   UCX  ERROR cuCtxGetApiVersion(ctx, &version) failed: invalid device context
[1784039508.642424] [h200x8-01:185594:0]      cuda_iface.h:85   UCX  ERROR cuCtxGetApiVersion(ctx, &version) failed: invalid device context
[1784039508.642426] [h200x8-01:185594:0]      cuda_iface.h:85   UCX  ERROR cuCtxGetApiVersion(ctx, &version) failed: invalid device context
[1784039508.642430] [h200x8-01:185594:0]      cuda_iface.h:85   UCX  ERROR cuCtxGetApiVersion(ctx, &versiRROR cuCtxGetApiVersion(ctx, &version) failed: invalid device context
[1784039508.642283] [h200x8-01:185585:0]      cuda_iface.h:85   UCX  ERROR cuCtxGetApiVersion(ctx, &version) failed: invalid device context
[1784039508.642285] [h200x8-01:185585:0]      cuda_iface.h:85   UCX  ERROR cuCtxGetApiVersion(ctx, &version) failed: invalid device context
[1784039508.642286] [h200x8-01:185585:0]      cuda_iface.h:85   UCX  ERROR cuCtxGetApiVersion(ctx, &version) failed: invalid device context
[1784039508.642287] [h200x8-01:185585:0]      cuda_iface.h:85   UCX  ERROR cuCtxGetApiVersion(ctx, &version) failed: invalid device context
[1784039508.642289] [h200x8-01:185585:0]      cuda_iface.h:85   UCX  ERROR cuCtxGetApiVersion(ctx, &version) failed: invalid device context
[1784039508.642290] [h200x8-01:185585:0]      cuda_iface.h:85   UCX  ERROR cuCtxGetApiVersion(ctx, &version) failed: invalid device context
[1784039508.642291] [h200x8-01:185585:0]      cuda_iface.h:85   UCX  ERROR cuCtxGetApiVersion(ctx, &version) failed: invalid device context
[1784039508.642293] [h200x8-01:185585:0]      cuda_iface.h:85   UCX  ERROR cuCtxGetApiVersion(ctx, &version) failed: invalid device context
[1784039508.642294] [h200x8-01:185585:0]      cuda_iface.h:85   UCX  ERROR cuCtxGetApiVersion(ctx, &version) failed: invalid device context
[1784039508.642295] [h200x8-01:185585:0]      cuda_iface.h:85   UCX  ERROR cuCtxGetApiVersion(ctx, &version) failed: invalid device context
[1784039508.642297] [h200x8-01:185585:0]      cuda_iface.h:85   UCX  ERROR cuCtxGetApiVersion(ctx, &version) failed: invalid device context
[1784039508.642298] [h200x8-01:185585:0]      cuda_iface.h:85   UCX  ERROR cuCtxGetApiVersion(ctx, &version) failed: invalid device context
[1784039508.642300] [h200x8-01:185585:0]      cuda_iface.h:85   UCX  ERROR cuCtxGetApiVersion(ctx, &version) failed: invalid device context
[1784039508.642301] [h200x8-01:185585:0]      cuda_iface.h:85   UCX  ERROR cuCtxGetApiVersion(ctx, &version) failed: invalid device context
[1784039508.642303] [h200x8-01:185585:0]      cuda_iface.h:85   UCX  ERROR cuCtxGetApiVersion(ctx, &version) failed: invalid device context
[1784039508.642304] [h200x8-01:185585:0]      cuda_iface.h:85   UCX  ERROR cuCtxGetApiVersion(ctx, &version) failed: invalid device context
[1784039508.642305] [h200x8-01:185585:0]      cuda_iface.h:85   UCX  ERROR cuCtxGetApiVersion(ctx, &version) failed: invalid device context
[1784039508.642307] [h200x8-01:185585:0]      cuda_iface.h:85   UCX  ERROR cuCtxGetApiVersion(ctx, &version) failed: invalid device context
[1784039508.642308] [h200x8-01:185585:0]      cuda_iface.h:85   UCX  ERROR cuCtxGetApiVersion(ctx, &version) failed: invalid device context
[1784039508.642309] [h200x8-01:185585:0]      cuda_iface.h:85   UCX  ERROR cuCtxGetApiVersion(ctx, &version) failed: invalid device context
[1784039508.642311] [h200x8-01:185585:0]      cuda_iface.h:85   UCX  ERROR cuCtxGetApiVersion(ctx, &version) failed: invalid device context
[1784039508.642312] [h200x8-01:185585:0]      cuda_iface.h:85   UCX  ERROR cuCtxGetApiVersion(ctx, &version) failed: invalid device context
[1784039508.642313] [h200x8-01:185585:0]      cuda_iface.h:85   UCX  ERROR cuCtxGetApiVersion(ctx, &version) failed: invalid device context
[1784039508.642315] [h200x8-01:185585:0]      cuda_iface.h:85   UCX  ERROR cuCtxGetApiVersion(ctx, &version) failed: invalid device context
[1784039508.642316] [h200x8-01:185585:0]      cuda_iface.h:85   UCX  ERROR cuCtxGetApiVersion(ctx, &version) failed: invalid device context
[1784039508.642317] [h200x8-01:185585:0]      cuda_iface.h:85   UCX  ERROR cuCtxGetApiVersion(ctx, &version) failed: invalid device context
[1784039508.642319] [h200x8-01:185585:0]      cuda_iface.h:85   UCX  ERROR cuCtxGetApiVersion(ctx, &version) failed: invalid device context
[1784039508.642320] [h200x8-01:185585:0]      cuda_iface.h:85   UCX  ERROR cuCtxGetApiVersion(ctx, &version) failed: invalid device context
[1784039508.642322] [h200x8-01:185585:0]      cuda_iface.h:85   UCX  ERROR cuCtxGetApiVersion(ctx, &version) failed: invalid device context
[1784039508.642432] [h200x8-01:185594:0]      cuda_iface.h:85   UCX  ERROR cuCtxGetApiVersion(ctx, &version) failed: invalid device context
[1784039508.642434] [h200x8-01:185594:0]      cuda_iface.h:85   UCX  ERROR cuCtxGetApiVersion(ctx, &version) failed: invalid device context
[1784039508.642435] [h200x8-01:185594:0]      cuda_iface.h:85   UCX  ERROR cuCtxGetApiVersion(ctx, &version) failed: invalid device context
[1784039508.642437] [h200x8-01:185594:0]      cuda_iface.h:85   UCX  ERROR cuCtxGetApiVersion(ctx, &version) failed: invalid device context
[1784039508.642441] [h200x8-01:185594:0]      cuda_iface.h:85   UCX  ERROR cuCtxGetApiVersion(ctx, &version) failed: invalid device context
[1784039508.642445] [h200x8-01:185594:0]      cuda_iface.h:85   UCX  ERROR cuCtxGetApiVersion(ctx, &version) failed: invalid device context
[1784039508.642450] [h200x8-01:185594:0]      cuda_iface.h:85   UCX  ERROR cuCtxGetApiVersion(ctx, &version) failed: invalid device context
[1784039508.642454] [h200x8-01:185594:0]      cuda_iface.h:85   UCX  ERROR cuCtxGetApiVersion(ctx, &version) failed: invalid device context
[1784039508.642457] [h200x8-01:185594:0]      cuda_iface.h:85   UCX  ERROR cuCtxGetApiVersion(ctx, &version) failed: invalid device context
[1784039508.642459] [h200x8-01:185594:0]      cuda_iface.h:85   UCX  ERROR cuCtxGetApiVersion(ctx, &version) failed: invalid device context
[1784039508.642464] [h200x8-01:185594:0]      cuda_iface.h:85   UCX  ERROR cuCtxGetApiVersion(ctx, &version) failed: invalid device context
[1784039508.642467] [h200x8-01:185594:0]      cuda_iface.h:85   UCX  ERROR cuCtxGetApiVersion(ctx, &version) failed: invalid device context
[1784039508.642471] [h200x8-01:185594:0]      cuda_iface.h:85   UCX  ERROR cuCtxGetApiVersion(ctx, &version) failed: invalid device context
[1784039508.642475] [h200x8-01:185594:0]      cuda_iface.h:85   UCX  ERROR cuCtxGetApiVersion(ctx, &version) failed: invalid device context
[1784039508.642480] [h200x8-01:185594:0]      cuda_iface.h:85   UCX  ERROR cuCtxGetApiVersion(ctx, &version) failed: invalid device context
[1784039508.642483] [h200x8-01:185594:0]      cuda_iface.h:85   UCX  ERROR cuCtxGetApiVersion(ctx, &version) failed: invalid device context
[1784039508.642487] [h200x8-01:185594:0]      cuda_iface.h:85   UCX  ERROR cuCtxGetApiVersion(ctx, &version) failed: invalid device context
[1784039508.642490] [h200x8-01:185594:0]      cuda_iface.h:85   UCX  ERROR cuCtxGetApiVersion(ctx, &version) failed: invalid device context
[1784039508.642494] [h200x8-01:185594:0]      cuda_iface.h:85   UCX  ERROR cuCtxGetApiVersion(ctx, &version) failed: invalid device context
[1784039508.642497] [h200x8-01:185594:0]      cuda_iface.h:85   UCX  ERROR cuCtxGetApiVersion(ctx, &version) failed: invalid device context
[1784039508.642499] [h200x8-01:185594:0]      cuda_iface.h:85   UCX  ERROR cuCtxGetApiVersion(ctx, &version) failed: invalid device context
[1784039508.642502] [h200x8-01:185594:0]      cuda_iface.h:85   UCX  ERROR cuCtxGetApiVersion(ctx, &version) failed: invalid device context
[1784039508.642504] [h200x8-01:185594:0]      cuda_iface.h:85   UCX  ERROR cuCtxGetApiVersion(ctx, &version) failed: invalid device context
[1784039508.642506] [h200x8-01:185594:0]      cuda_iface.h:85   UCX  ERROR cuCtxGetApiVersion(ctx, &version) failed: invalid device context
[1784039508.642509] [h200x8-01:185594:0]      cuda_iface.h:85   UCX  ERROR cuCtxGetApiVersion(ctx, &version) failed: invalid device context
[1784039508.642513] [h200x8-01:185594:0]      cuda_iface.h:85   UCX  ERROR cuCtxGetApiVersion(ctx, &version) failed: invalid device context
[1784039508.642514] [h200x8-01:185594:0]      cuda_iface.h:85   UCX  ERROR cuCtxGetApiVersion(ctx, &version) failed: invalid device context
[1784039508.642517] [h200x8-01:185594:0]      cuda_iface.h:85   UCX  ERROR cuCtxGetApiVersion(ctx, &version) failed: invalid device context
[1784039508.642520] [h200x8-01:185594:0]      cuda_iface.h:85   UCX  ERROR cuCtxGetApiVersion(ctx, &version) failed: invalid device context
on) failed: invalid device context
[1784039508.642411] [h200x8-01:185586:0]      cuda_iface.h:85   UCX  ERROR cuCtxGetApiVersion(ctx, &version) failed: invalid device context
[1784039508.642415] [h200x8-01:185586:0]      cuda_iface.h:85   UCX  ERROR cuCtxGetApiVersion(ctx, &version) failed: invalid device context
[1784039508.642418] [h200x8-01:185586:0]      cuda_iface.h:85   UCX  ERROR cuCtxGetApiVersion(ctx, &version) failed: invalid device context
[1784039508.642420] [h200x8-01:185586:0]      cuda_iface.h:85   UCX  ERROR cuCtxGetApiVersion(ctx, &version) failed: invalid device context
[1784039508.642423] [h200x8-01:185586:0]      cuda_iface.h:85   UCX  ERROR cuCtxGetApiVersion(ctx, &version) failed: invalid device context
[1784039508.642426] [h200x8-01:185586:0]      cuda_iface.h:85   UCX  ERROR cuCtxGetApiVersion(ctx, &version) failed: invalid device context
[1784039508.642429] [h200x8-01:185586:0]      cuda_iface.h:85   UCX  ERROR cuCtxGetApiVersion(ctx, &version) failed: invalid device context
[1784039508.642432] [h200x8-01:185586:0]      cuda_iface.h:85   UCX  ERROR cuCtxGetApiVersion(ctx, &version) failed: invalid device context
[1784039508.642434] [h200x8-01:185586:0]      cuda_iface.h:85   UCX  ERROR cuCtxGetApiVersion(ctx, &version) failed: invalid device context
[1784039508.642437] [h200x8-01:185586:0]      cuda_iface.h:85   UCX  ERROR cuCtxGetApiVersion(ctx, &version) failed: invalid device context
[1784039508.642440] [h200x8-01:185586:0]      cuda_iface.h:85   UCX  ERROR cuCtxGetApiVersion(ctx, &version) failed: invalid device context
[1784039508.642444] [h200x8-01:185586:0]      cuda_iface.h:85   UCX  ERROR cuCtxGetApiVersion(ctx, &version) failed: invalid device context
[1784039508.642445] [h200x8-01:185586:0]      cuda_iface.h:85   UCX  ERROR cuCtxGetApiVersion(ctx, &version) failed: invalid device context
[1784039508.642447] [h200x8-01:185586:0]      cuda_iface.h:85   UCX  ERROR cuCtxGetApiVersion(ctx, &version) failed: invalid device context
[1784039508.642450] [h200x8-01:185586:0]      cuda_iface.h:85   UCX  ERROR cuCtxGetApiVersion(ctx, &version) failed: invalid device context
[1784039508.642454] [h200x8-01:185586:0]      cuda_iface.h:85   UCX  ERROR cuCtxGetApiVersion(ctx, &version) failed: invalid device context
[1784039508.642458] [h200x8-01:185586:0]      cuda_iface.h:85   UCX  ERROR cuCtxGetApiVersion(ctx, &version) failed: invalid device context
[1784039508.642463] [h200x8-01:185586:0]      cuda_iface.h:85   UCX  ERROR cuCtxGetApiVersion(ctx, &version) failed: invalid device context
[1784039508.642467] [h200x8-01:185586:0]      cuda_iface.h:85   UCX  ERROR cuCtxGetApiVersion(ctx, &version) failed: invalid device context
[1784039508.642471] [h200x8-01:185586:0]      cuda_iface.h:85   UCX  ERROR cuCtxGetApiVersion(ctx, &version) failed: invalid device context
[1784039508.642473] [h200x8-01:185586:0]      cuda_iface.h:85   UCX  ERROR cuCtxGetApiVersion(ctx, &version) failed: invalid device context
[1784039508.642475] [h200x8-01:185586:0]      cuda_iface.h:85   UCX  ERROR cuCtxGetApiVersion(ctx, &version) failed: invalid device context
[1784039508.642476] [h200x8-01:185586:0]      cuda_iface.h:85   UCX  ERROR cuCtxGetApiVersion(ctx, &version) failed: invalid device context
[1784039508.642479] [h200x8-01:185586:0]      cuda_iface.h:85   UCX  ERROR cuCtxGetApiVersion(ctx, &version) failed: invalid device context
[1784039508.642482] [h200x8-01:185586:0]      cuda_iface.h:85   UCX  ERROR cuCtxGetApiVersion(ctx, &version) failed: invalid device context
[1784039508.642484] [h200x8-01:185586:0]      cuda_iface.h:85   UCX  ERROR cuCtxGetApiVersion(ctx, &version) failed: invalid device context
[1784039508.642488] [h200x8-01:185586:0]      cuda_iface.h:85   UCX  ERROR cuCtxGetApiVersion(ctx, &version) failed: invalid device context
[1784039508.642491] [h200x8-01:185586:0]      cuda_iface.h:85   UCX  ERROR cuCtxGetApiVersion(ctx, &version) failed: invalid device context
[1784039508.642494] [h200x8-01:185586:0]      cuda_iface.h:85   UCX  ERROR cuCtxGetApiVersion(ctx, &version) failed: invalid device context
n) failed: invalid device context
[1784039508.642548] [h200x8-01:185587:0]      cuda_iface.h:85   UCX  ERROR cuCtxGetApiVersion(ctx, &version) failed: invalid device context
[1784039508.642550] [h200x8-01:185587:0]      cuda_iface.h:85   UCX  ERROR cuCtxGetApiVersion(ctx, &version) failed: invalid device context
[1784039508.642551] [h200x8-01:185587:0]      cuda_iface.h:85   UCX  ERROR cuCtxGetApiVersion(ctx, &version) failed: invalid device context
[1784039508.642553] [h200x8-01:185587:0]      cuda_iface.h:85   UCX  ERROR cuCtxGetApiVersion(ctx, &version) failed: invalid device context
[1784039508.642555] [h200x8-01:185587:0]      cuda_iface.h:85   UCX  ERROR cuCtxGetApiVersion(ctx, &version) failed: invalid device context
[1784039508.642557] [h200x8-01:185587:0]      cuda_iface.h:85   UCX  ERROR cuCtxGetApiVersion(ctx, &version) failed: invalid device context
[1784039508.642559] [h200x8-01:185587:0]      cuda_iface.h:85   UCX  ERROR cuCtxGetApiVersion(ctx, &version) failed: invalid device context
[1784039508.642561] [h200x8-01:185587:0]      cuda_iface.h:85   UCX  ERROR cuCtxGetApiVersion(ctx, &version) failed: invalid device context
[1784039508.642562] [h200x8-01:185587:0]      cuda_iface.h:85   UCX  ERROR cuCtxGetApiVersion(ctx, &version) failed: invalid device context
[1784039508.642565] [h200x8-01:185587:0]      cuda_iface.h:85   UCX  ERROR cuCtxGetApiVersion(ctx, &version) failed: invalid device context
[1784039508.642567] [h200x8-01:185587:0]      cuda_iface.h:85   UCX  ERROR cuCtxGetApiVersion(ctx, &version) failed: invalid device context
[1784039508.642569] [h200x8-01:185587:0]      cuda_iface.h:85   UCX  ERROR cuCtxGetApiVersion(ctx, &version) failed: invalid device context
[1784039508.642571] [h200x8-01:185587:0]      cuda_iface.h:85   UCX  ERROR cuCtxGetApiVersion(ctx, &version) failed: invalid device context
[1784039508.642574] [h200x8-01:185587:0]      cuda_iface.h:85   UCX  ERROR cuCtxGetApiVersion(ctx, &version) failed: invalid device context
[1784039508.642577] [h200x8-01:185587:0]      cuda_iface.h:85   UCX  ERROR cuCtxGetApiVersion(ctx, &version) failed: invalid device context
[1784039508.642579] [h200x8-01:185587:0]      cuda_iface.h:85   UCX  ERROR cuCtxGetApiVersion(ctx, &version) failed: invalid device context
[1784039508.642580] [h200x8-01:185587:0]      cuda_iface.h:85   UCX  ERROR cuCtxGetApiVersion(ctx, &version) failed: invalid device context
[1784039508.642585] [h200x8-01:185587:0]      cuda_iface.h:85   UCX  ERROR cuCtxGetApiVersion(ctx, &version) failed: invalid device context
[1784039508.642587] [h200x8-01:185587:0]      cuda_iface.h:85   UCX  ERROR cuCtxGetApiVersion(ctx, &version) failed: invalid device context
[1784039508.642588] [h200x8-01:185587:0]      cuda_iface.h:85   UCX  ERROR cuCtxGetApiVersion(ctx, &version) failed: invalid device context
[1784039508.642590] [h200x8-01:185587:0]      cuda_iface.h:85   UCX  ERROR cuCtxGetApiVersion(ctx, &version) failed: invalid device context
[1784039508.642591] [h200x8-01:185587:0]      cuda_iface.h:85   UCX  ERROR cuCtxGetApiVersion(ctx, &version) failed: invalid device context
[1784039508.642594] [h200x8-01:185587:0]      cuda_iface.h:85   UCX  ERROR cuCtxGetApiVersion(ctx, &version) failed: invalid device context
[1784039508.642595] [h200x8-01:185587:0]      cuda_iface.h:85   UCX  ERROR cuCtxGetApiVersion(ctx, &version) failed: invalid device context
[1784039508.642597] [h200x8-01:185587:0]      cuda_iface.h:85   UCX  ERROR cuCtxGetApiVersion(ctx, &version) failed: invalid device context
[1784039508.642598] [h200x8-01:185587:0]      cuda_iface.h:85   UCX  ERROR cuCtxGetApiVersion(ctx, &version) failed: invalid device context
[1784039508.642600] [h200x8-01:185587:0]      cuda_iface.h:85   UCX  ERROR cuCtxGetApiVersion(ctx, &version) failed: invalid device context
[1784039508.642602] [h200x8-01:185587:0]      cuda_iface.h:85   UCX  ERROR cuCtxGetApiVersion(ctx, &version) failed: invalid device context
[1784039508.642603] [h200x8-01:185587:0]      cuda_iface.h:85   UCX  ERROR cuCtxGetApiVersion(ctx, &version) failed: invalid device context
[ROR cuCtxGetApiVersion(ctx, &version) failed: invalid device context
[1784039508.642530] [h200x8-01:185593:0]      cuda_iface.h:85   UCX  ERROR cuCtxGetApiVersion(ctx, &version) failed: invalid device context
[1784039508.642532] [h200x8-01:185593:0]      cuda_iface.h:85   UCX  ERROR cuCtxGetApiVersion(ctx, &version) failed: invalid device context
[1784039508.642536] [h200x8-01:185593:0]      cuda_iface.h:85   UCX  ERROR cuCtxGetApiVersion(ctx, &version) failed: invalid device context
[1784039508.642538] [h200x8-01:185593:0]      cuda_iface.h:85   UCX  ERROR cuCtxGetApiVersion(ctx, &version) failed: invalid device context
[1784039508.642544] [h200x8-01:185593:0]      cuda_iface.h:85   UCX  ERROR cuCtxGetApiVersion(ctx, &version) failed: invalid device context
[1784039508.642547] [h200x8-01:185593:0]      cuda_iface.h:85   UCX  ERROR cuCtxGetApiVersion(ctx, &version) failed: invalid device context
[1784039508.642548] [h200x8-01:185593:0]      cuda_iface.h:85   UCX  ERROR cuCtxGetApiVersion(ctx, &version) failed: invalid device context
[1784039508.642552] [h200x8-01:185593:0]      cuda_iface.h:85   UCX  ERROR cuCtxGetApiVersion(ctx, &version) failed: invalid device context
[1784039508.642553] [h200x8-01:185593:0]      cuda_iface.h:85   UCX  ERROR cuCtxGetApiVersion(ctx, &version) failed: invalid device context
[1784039508.642555] [h200x8-01:185593:0]      cuda_iface.h:85   UCX  ERROR cuCtxGetApiVersion(ctx, &version) failed: invalid device context
[1784039508.642556] [h200x8-01:185593:0]      cuda_iface.h:85   UCX  ERROR cuCtxGetApiVersion(ctx, &version) failed: invalid device context
[1784039508.642558] [h200x8-01:185593:0]      cuda_iface.h:85   UCX  ERROR cuCtxGetApiVersion(ctx, &version) failed: invalid device context
[1784039508.642562] [h200x8-01:185593:0]      cuda_iface.h:85   UCX  ERROR cuCtxGetApiVersion(ctx, &version) failed: invalid device context
[1784039508.642563] [h200x8-01:185593:0]      cuda_iface.h:85   UCX  ERROR cuCtxGetApiVersion(ctx, &version) failed: invalid device context
[1784039508.642565] [h200x8-01:185593:0]      cuda_iface.h:85   UCX  ERROR cuCtxGetApiVersion(ctx, &version) failed: invalid device context
[1784039508.642569] [h200x8-01:185593:0]      cuda_iface.h:85   UCX  ERROR cuCtxGetApiVersion(ctx, &version) failed: invalid device context
[1784039508.642572] [h200x8-01:185593:0]      cuda_iface.h:85   UCX  ERROR cuCtxGetApiVersion(ctx, &version) failed: invalid device context
[1784039508.642573] [h200x8-01:185593:0]      cuda_iface.h:85   UCX  ERROR cuCtxGetApiVersion(ctx, &version) failed: invalid device context
[1784039508.642577] [h200x8-01:185593:0]      cuda_iface.h:85   UCX  ERROR cuCtxGetApiVersion(ctx, &version) failed: invalid device context
[1784039508.642579] [h200x8-01:185593:0]      cuda_iface.h:85   UCX  ERROR cuCtxGetApiVersion(ctx, &version) failed: invalid device context
[1784039508.642580] [h200x8-01:185593:0]      cuda_iface.h:85   UCX  ERROR cuCtxGetApiVersion(ctx, &version) failed: invalid device context
[1784039508.642582] [h200x8-01:185593:0]      cuda_iface.h:85   UCX  ERROR cuCtxGetApiVersion(ctx, &version) failed: invalid device context
[1784039508.642583] [h200x8-01:185593:0]      cuda_iface.h:85   UCX  ERROR cuCtxGetApiVersion(ctx, &version) failed: invalid device context
[1784039508.642585] [h200x8-01:185593:0]      cuda_iface.h:85   UCX  ERROR cuCtxGetApiVersion(ctx, &version) failed: invalid device context
[1784039508.642589] [h200x8-01:185593:0]      cuda_iface.h:85   UCX  ERROR cuCtxGetApiVersion(ctx, &version) failed: invalid device context
[1784039508.642590] [h200x8-01:185593:0]      cuda_iface.h:85   UCX  ERROR cuCtxGetApiVersion(ctx, &version) failed: invalid device context
[1784039508.642592] [h200x8-01:185593:0]      cuda_iface.h:85   UCX  ERROR cuCtxGetApiVersion(ctx, &version) failed: invalid device context
[1784039508.642593] [h200x8-01:185593:0]      cuda_iface.h:85   UCX  ERROR cuCtxGetApiVersion(ctx, &version) failed: invalid device context
[1784039508.642594] [h200x8-01:185593:0]      cuda_iface.h:85   UCX  ERROR cuCtxGetApiVersion(ctx, &versioon) failed: invalid device context
[1784039508.642235] [h200x8-01:185588:0]      cuda_iface.h:85   UCX  ERROR cuCtxGetApiVersion(ctx, &version) failed: invalid device context
[1784039508.642238] [h200x8-01:185588:0]      cuda_iface.h:85   UCX  ERROR cuCtxGetApiVersion(ctx, &version) failed: invalid device context
[1784039508.642240] [h200x8-01:185588:0]      cuda_iface.h:85   UCX  ERROR cuCtxGetApiVersion(ctx, &version) failed: invalid device context
[1784039508.642242] [h200x8-01:185588:0]      cuda_iface.h:85   UCX  ERROR cuCtxGetApiVersion(ctx, &version) failed: invalid device context
[1784039508.642245] [h200x8-01:185588:0]      cuda_iface.h:85   UCX  ERROR cuCtxGetApiVersion(ctx, &version) failed: invalid device context
[1784039508.642247] [h200x8-01:185588:0]      cuda_iface.h:85   UCX  ERROR cuCtxGetApiVersion(ctx, &version) failed: invalid device context
[1784039508.642250] [h200x8-01:185588:0]      cuda_iface.h:85   UCX  ERROR cuCtxGetApiVersion(ctx, &version) failed: invalid device context
[1784039508.642251] [h200x8-01:185588:0]      cuda_iface.h:85   UCX  ERROR cuCtxGetApiVersion(ctx, &version) failed: invalid device context
[1784039508.642252] [h200x8-01:185588:0]      cuda_iface.h:85   UCX  ERROR cuCtxGetApiVersion(ctx, &version) failed: invalid device context
[1784039508.642254] [h200x8-01:185588:0]      cuda_iface.h:85   UCX  ERROR cuCtxGetApiVersion(ctx, &version) failed: invalid device context
[1784039508.642255] [h200x8-01:185588:0]      cuda_iface.h:85   UCX  ERROR cuCtxGetApiVersion(ctx, &version) failed: invalid device context
[1784039508.642256] [h200x8-01:185588:0]      cuda_iface.h:85   UCX  ERROR cuCtxGetApiVersion(ctx, &version) failed: invalid device context
[1784039508.642259] [h200x8-01:185588:0]      cuda_iface.h:85   UCX  ERROR cuCtxGetApiVersion(ctx, &version) failed: invalid device context
[1784039508.642261] [h200x8-01:185588:0]      cuda_iface.h:85   UCX  ERROR cuCtxGetApiVersion(ctx, &version) failed: invalid device context
[1784039508.642263] [h200x8-01:185588:0]      cuda_iface.h:85   UCX  ERROR cuCtxGetApiVersion(ctx, &version) failed: invalid device context
[1784039508.642265] [h200x8-01:185588:0]      cuda_iface.h:85   UCX  ERROR cuCtxGetApiVersion(ctx, &version) failed: invalid device context
[1784039508.642267] [h200x8-01:185588:0]      cuda_iface.h:85   UCX  ERROR cuCtxGetApiVersion(ctx, &version) failed: invalid device context
[1784039508.642269] [h200x8-01:185588:0]      cuda_iface.h:85   UCX  ERROR cuCtxGetApiVersion(ctx, &version) failed: invalid device context
[1784039508.642270] [h200x8-01:185588:0]      cuda_iface.h:85   UCX  ERROR cuCtxGetApiVersion(ctx, &version) failed: invalid device context
[1784039508.642272] [h200x8-01:185588:0]      cuda_iface.h:85   UCX  ERROR cuCtxGetApiVersion(ctx, &version) failed: invalid device context
[1784039508.642274] [h200x8-01:185588:0]      cuda_iface.h:85   UCX  ERROR cuCtxGetApiVersion(ctx, &version) failed: invalid device context
[1784039508.642276] [h200x8-01:185588:0]      cuda_iface.h:85   UCX  ERROR cuCtxGetApiVersion(ctx, &version) failed: invalid device context
[1784039508.642277] [h200x8-01:185588:0]      cuda_iface.h:85   UCX  ERROR cuCtxGetApiVersion(ctx, &version) failed: invalid device context
[1784039508.642278] [h200x8-01:185588:0]      cuda_iface.h:85   UCX  ERROR cuCtxGetApiVersion(ctx, &version) failed: invalid device context
[1784039508.642281] [h200x8-01:185588:0]      cuda_iface.h:85   UCX  ERROR cuCtxGetApiVersion(ctx, &version) failed: invalid device context
[1784039508.642282] [h200x8-01:185588:0]      cuda_iface.h:85   UCX  ERROR cuCtxGetApiVersion(ctx, &version) failed: invalid device context
[1784039508.642285] [h200x8-01:185588:0]      cuda_iface.h:85   UCX  ERROR cuCtxGetApiVersion(ctx, &version) failed: invalid device context
[1784039508.642287] [h200x8-01:185588:0]      cuda_iface.h:85   UCX  ERROR cuCtxGetApiVersion(ctx, &version) failed: invalid device context
[1784039508.642288] [h200x8-01:185588:0]      cuda_iface.h:85   UCX  ERROR cuCtxGetApiVersion(ctx, &version) failed: invalid device context
n) failed: invalid device context
[1784039508.642483] [h200x8-01:185591:0]      cuda_iface.h:85   UCX  ERROR cuCtxGetApiVersion(ctx, &version) failed: invalid device context
[1784039508.642487] [h200x8-01:185591:0]      cuda_iface.h:85   UCX  ERROR cuCtxGetApiVersion(ctx, &version) failed: invalid device context
[1784039508.642489] [h200x8-01:185591:0]      cuda_iface.h:85   UCX  ERROR cuCtxGetApiVersion(ctx, &version) failed: invalid device context
[1784039508.642492] [h200x8-01:185591:0]      cuda_iface.h:85   UCX  ERROR cuCtxGetApiVersion(ctx, &version) failed: invalid device context
[1784039508.642496] [h200x8-01:185591:0]      cuda_iface.h:85   UCX  ERROR cuCtxGetApiVersion(ctx, &version) failed: invalid device context
[1784039508.642500] [h200x8-01:185591:0]      cuda_iface.h:85   UCX  ERROR cuCtxGetApiVersion(ctx, &version) failed: invalid device context
[1784039508.642503] [h200x8-01:185591:0]      cuda_iface.h:85   UCX  ERROR cuCtxGetApiVersion(ctx, &version) failed: invalid device context
[1784039508.642507] [h200x8-01:185591:0]      cuda_iface.h:85   UCX  ERROR cuCtxGetApiVersion(ctx, &version) failed: invalid device context
[1784039508.642511] [h200x8-01:185591:0]      cuda_iface.h:85   UCX  ERROR cuCtxGetApiVersion(ctx, &version) failed: invalid device context
[1784039508.642514] [h200x8-01:185591:0]      cuda_iface.h:85   UCX  ERROR cuCtxGetApiVersion(ctx, &version) failed: invalid device context
[1784039508.642516] [h200x8-01:185591:0]      cuda_iface.h:85   UCX  ERROR cuCtxGetApiVersion(ctx, &version) failed: invalid device context
[1784039508.642518] [h200x8-01:185591:0]      cuda_iface.h:85   UCX  ERROR cuCtxGetApiVersion(ctx, &version) failed: invalid device context
[1784039508.642521] [h200x8-01:185591:0]      cuda_iface.h:85   UCX  ERROR cuCtxGetApiVersion(ctx, &version) failed: invalid device context
[1784039508.642523] [h200x8-01:185591:0]      cuda_iface.h:85   UCX  ERROR cuCtxGetApiVersion(ctx, &version) failed: invalid device context
[1784039508.642525] [h200x8-01:185591:0]      cuda_iface.h:85   UCX  ERROR cuCtxGetApiVersion(ctx, &version) failed: invalid device context
[1784039508.642526] [h200x8-01:185591:0]      cuda_iface.h:85   UCX  ERROR cuCtxGetApiVersion(ctx, &version) failed: invalid device context
[1784039508.642528] [h200x8-01:185591:0]      cuda_iface.h:85   UCX  ERROR cuCtxGetApiVersion(ctx, &version) failed: invalid device context
[1784039508.642531] [h200x8-01:185591:0]      cuda_iface.h:85   UCX  ERROR cuCtxGetApiVersion(ctx, &version) failed: invalid device context
[1784039508.642533] [h200x8-01:185591:0]      cuda_iface.h:85   UCX  ERROR cuCtxGetApiVersion(ctx, &version) failed: invalid device context
[1784039508.642534] [h200x8-01:185591:0]      cuda_iface.h:85   UCX  ERROR cuCtxGetApiVersion(ctx, &version) failed: invalid device context
[1784039508.642538] [h200x8-01:185591:0]      cuda_iface.h:85   UCX  ERROR cuCtxGetApiVersion(ctx, &version) failed: invalid device context
[1784039508.642539] [h200x8-01:185591:0]      cuda_iface.h:85   UCX  ERROR cuCtxGetApiVersion(ctx, &version) failed: invalid device context
[1784039508.642546] [h200x8-01:185591:0]      cuda_iface.h:85   UCX  ERROR cuCtxGetApiVersion(ctx, &version) failed: invalid device context
[1784039508.642548] [h200x8-01:185591:0]      cuda_iface.h:85   UCX  ERROR cuCtxGetApiVersion(ctx, &version) failed: invalid device context
[1784039508.642551] [h200x8-01:185591:0]      cuda_iface.h:85   UCX  ERROR cuCtxGetApiVersion(ctx, &version) failed: invalid device context
[1784039508.642552] [h200x8-01:185591:0]      cuda_iface.h:85   UCX  ERROR cuCtxGetApiVersion(ctx, &version) failed: invalid device context
[1784039508.642560] [h200x8-01:185591:0]      cuda_iface.h:85   UCX  ERROR cuCtxGetApiVersion(ctx, &version) failed: invalid device context
[1784039508.642561] [h200x8-01:185591:0]      cuda_iface.h:85   UCX  ERROR cuCtxGetApiVersion(ctx, &version) failed: invalid device context
[1784039508.642563] [h200x8-01:185591:0]      cuda_iface.h:85   UCX  ERROR cuCtxGetApiVersion(ctx, &version) failed: invalid device context
[RROR cuCtxGetApiVersion(ctx, &version) failed: invalid device context
[1784039508.642490] [h200x8-01:185592:0]      cuda_iface.h:85   UCX  ERROR cuCtxGetApiVersion(ctx, &version) failed: invalid device context
[1784039508.642493] [h200x8-01:185592:0]      cuda_iface.h:85   UCX  ERROR cuCtxGetApiVersion(ctx, &version) failed: invalid device context
[1784039508.642496] [h200x8-01:185592:0]      cuda_iface.h:85   UCX  ERROR cuCtxGetApiVersion(ctx, &version) failed: invalid device context
[1784039508.642499] [h200x8-01:185592:0]      cuda_iface.h:85   UCX  ERROR cuCtxGetApiVersion(ctx, &version) failed: invalid device context
[1784039508.642502] [h200x8-01:185592:0]      cuda_iface.h:85   UCX  ERROR cuCtxGetApiVersion(ctx, &version) failed: invalid device context
[1784039508.642506] [h200x8-01:185592:0]      cuda_iface.h:85   UCX  ERROR cuCtxGetApiVersion(ctx, &version) failed: invalid device context
[1784039508.642508] [h200x8-01:185592:0]      cuda_iface.h:85   UCX  ERROR cuCtxGetApiVersion(ctx, &version) failed: invalid device context
[1784039508.642511] [h200x8-01:185592:0]      cuda_iface.h:85   UCX  ERROR cuCtxGetApiVersion(ctx, &version) failed: invalid device context
[1784039508.642513] [h200x8-01:185592:0]      cuda_iface.h:85   UCX  ERROR cuCtxGetApiVersion(ctx, &version) failed: invalid device context
[1784039508.642516] [h200x8-01:185592:0]      cuda_iface.h:85   UCX  ERROR cuCtxGetApiVersion(ctx, &version) failed: invalid device context
[1784039508.642517] [h200x8-01:185592:0]      cuda_iface.h:85   UCX  ERROR cuCtxGetApiVersion(ctx, &version) failed: invalid device context
[1784039508.642520] [h200x8-01:185592:0]      cuda_iface.h:85   UCX  ERROR cuCtxGetApiVersion(ctx, &version) failed: invalid device context
[1784039508.642521] [h200x8-01:185592:0]      cuda_iface.h:85   UCX  ERROR cuCtxGetApiVersion(ctx, &version) failed: invalid device context
[1784039508.642523] [h200x8-01:185592:0]      cuda_iface.h:85   UCX  ERROR cuCtxGetApiVersion(ctx, &version) failed: invalid device context
[1784039508.642525] [h200x8-01:185592:0]      cuda_iface.h:85   UCX  ERROR cuCtxGetApiVersion(ctx, &version) failed: invalid device context
[1784039508.642527] [h200x8-01:185592:0]      cuda_iface.h:85   UCX  ERROR cuCtxGetApiVersion(ctx, &version) failed: invalid device context
[1784039508.642529] [h200x8-01:185592:0]      cuda_iface.h:85   UCX  ERROR cuCtxGetApiVersion(ctx, &version) failed: invalid device context
[1784039508.642531] [h200x8-01:185592:0]      cuda_iface.h:85   UCX  ERROR cuCtxGetApiVersion(ctx, &version) failed: invalid device context
[1784039508.642536] [h200x8-01:185592:0]      cuda_iface.h:85   UCX  ERROR cuCtxGetApiVersion(ctx, &version) failed: invalid device context
[1784039508.642537] [h200x8-01:185592:0]      cuda_iface.h:85   UCX  ERROR cuCtxGetApiVersion(ctx, &version) failed: invalid device context
[1784039508.642539] [h200x8-01:185592:0]      cuda_iface.h:85   UCX  ERROR cuCtxGetApiVersion(ctx, &version) failed: invalid device context
[1784039508.642547] [h200x8-01:185592:0]      cuda_iface.h:85   UCX  ERROR cuCtxGetApiVersion(ctx, &version) failed: invalid device context
[1784039508.642548] [h200x8-01:185592:0]      cuda_iface.h:85   UCX  ERROR cuCtxGetApiVersion(ctx, &version) failed: invalid device context
[1784039508.642550] [h200x8-01:185592:0]      cuda_iface.h:85   UCX  ERROR cuCtxGetApiVersion(ctx, &version) failed: invalid device context
[1784039508.642551] [h200x8-01:185592:0]      cuda_iface.h:85   UCX  ERROR cuCtxGetApiVersion(ctx, &version) failed: invalid device context
[1784039508.642554] [h200x8-01:185592:0]      cuda_iface.h:85   UCX  ERROR cuCtxGetApiVersion(ctx, &version) failed: invalid device context
[1784039508.642555] [h200x8-01:185592:0]      cuda_iface.h:85   UCX  ERROR cuCtxGetApiVersion(ctx, &version) failed: invalid device context
[1784039508.642557] [h200x8-01:185592:0]      cuda_iface.h:85   UCX  ERROR cuCtxGetApiVersion(ctx, &version) failed: invalid device context
[1784039508.642558] [h200x8-01:185592:0]      cuda_iface.h:85   UCX  ERROR cuCtxGetApiVersion(ctx, &version) failed: invalid device context
[1784039508.642323] [h200x8-01:185585:0]      cuda_iface.h:85   UCX  ERROR cuCtxGetApiVersion(ctx, &version) failed: invalid device context
[1784039508.642324] [h200x8-01:185585:0]      cuda_iface.h:85   UCX  ERROR cuCtxGetApiVersion(ctx, &version) failed: invalid device context
[1784039508.642326] [h200x8-01:185585:0]      cuda_iface.h:85   UCX  ERROR cuCtxGetApiVersion(ctx, &version) failed: invalid device context
[1784039508.642327] [h200x8-01:185585:0]      cuda_iface.h:85   UCX  ERROR cuCtxGetApiVersion(ctx, &version) failed: invalid device context
[1784039508.642329] [h200x8-01:185585:0]      cuda_iface.h:85   UCX  ERROR cuCtxGetApiVersion(ctx, &version) failed: invalid device context
[1784039508.642330] [h200x8-01:185585:0]      cuda_iface.h:85   UCX  ERROR cuCtxGetApiVersion(ctx, &version) failed: invalid device context
[1784039508.642601] [h200x8-01:185585:0]      cuda_iface.h:85   UCX  ERROR cuCtxGetApiVersion(ctx, &version) failed: invalid device context
[1784039508.642604] [h200x8-01:185585:0]      cuda_iface.h:85   UCX  ERROR cuCtxGetApiVersion(ctx, &version) failed: invalid device context
[1784039508.642606] [h200x8-01:185585:0]      cuda_iface.h:85   UCX  ERROR cuCtxGetApiVersion(ctx, &version) failed: invalid device context
[1784039508.642608] [h200x8-01:185585:0]      cuda_iface.h:85   UCX  ERROR cuCtxGetApiVersion(ctx, &version) failed: invalid device context
[1784039508.642610] [h200x8-01:185585:0]      cuda_iface.h:85   UCX  ERROR cuCtxGetApiVersion(ctx, &version) failed: invalid device context
[1784039508.642613] [h200x8-01:185585:0]      cuda_iface.h:85   UCX  ERROR cuCtxGetApiVersion(ctx, &version) failed: invalid device context
[1784039508.642614] [h200x8-01:185585:0]      cuda_iface.h:85   UCX  ERROR cuCtxGetApiVersion(ctx, &version) failed: invalid device context
[1784039508.642617] [h200x8-01:185585:0]      cuda_iface.h:85   UCX  ERROR cuCtxGetApiVersion(ctx, &version) failed: invalid device context
[1784039508.642620] [h200x8-01:185585:0]      cuda_iface.h:85   UCX  ERROR cuCtxGetApiVersion(ctx, &version) failed: invalid device context
[1784039508.642623] [h200x8-01:185585:0]      cuda_iface.h:85   UCX  ERROR cuCtxGetApiVersion(ctx, &version) failed: invalid device context
[1784039508.642627] [h200x8-01:185585:0]      cuda_iface.h:85   UCX  ERROR cuCtxGetApiVersion(ctx, &version) failed: invalid device context
[1784039508.642630] [h200x8-01:185585:0]      cuda_iface.h:85   UCX  ERROR cuCtxGetApiVersion(ctx, &version) failed: invalid device context
[1784039508.642633] [h200x8-01:185585:0]      cuda_iface.h:85   UCX  ERROR cuCtxGetApiVersion(ctx, &version) failed: invalid device context
[1784039508.642635] [h200x8-01:185585:0]      cuda_iface.h:85   UCX  ERROR cuCtxGetApiVersion(ctx, &version) failed: invalid device context
[1784039508.642636] [h200x8-01:185585:0]      cuda_iface.h:85   UCX  ERROR cuCtxGetApiVersion(ctx, &version) failed: invalid device context
[1784039508.642639] [h200x8-01:185585:0]      cuda_iface.h:85   UCX  ERROR cuCtxGetApiVersion(ctx, &version) failed: invalid device context
[1784039508.642641] [h200x8-01:185585:0]      cuda_iface.h:85   UCX  ERROR cuCtxGetApiVersion(ctx, &version) failed: invalid device context
[1784039508.642644] [h200x8-01:185585:0]      cuda_iface.h:85   UCX  ERROR cuCtxGetApiVersion(ctx, &version) failed: invalid device context
[1784039508.642646] [h200x8-01:185585:0]      cuda_iface.h:85   UCX  ERROR cuCtxGetApiVersion(ctx, &version) failed: invalid device context
[1784039508.642648] [h200x8-01:185585:0]      cuda_iface.h:85   UCX  ERROR cuCtxGetApiVersion(ctx, &version) failed: invalid device context
[1784039508.642649] [h200x8-01:185585:0]      cuda_iface.h:85   UCX  ERROR cuCtxGetApiVersion(ctx, &version) failed: invalid device context
[1784039508.642654] [h200x8-01:185585:0]      cuda_iface.h:85   UCX  ERROR cuCtxGetApiVersion(ctx, &version) failed: invalid device context
[1784039508.642656] [h200x8-01:185585:0]      cuda_iface.h:85   UCX  ERROR cuCtxGetApiVersion(ctx, &version) failed: invalid device context
on) failed: invalid device context
[1784039508.642561] [h200x8-01:185592:0]      cuda_iface.h:85   UCX  ERROR cuCtxGetApiVersion(ctx, &version) failed: invalid device context
[1784039508.642562] [h200x8-01:185592:0]      cuda_iface.h:85   UCX  ERROR cuCtxGetApiVersion(ctx, &version) failed: invalid device context
[1784039508.642565] [h200x8-01:185592:0]      cuda_iface.h:85   UCX  ERROR cuCtxGetApiVersion(ctx, &version) failed: invalid device context
[1784039508.642567] [h200x8-01:185592:0]      cuda_iface.h:85   UCX  ERROR cuCtxGetApiVersion(ctx, &version) failed: invalid device context
[1784039508.642569] [h200x8-01:185592:0]      cuda_iface.h:85   UCX  ERROR cuCtxGetApiVersion(ctx, &version) failed: invalid device context
[1784039508.642570] [h200x8-01:185592:0]      cuda_iface.h:85   UCX  ERROR cuCtxGetApiVersion(ctx, &version) failed: invalid device context
[1784039508.642573] [h200x8-01:185592:0]      cuda_iface.h:85   UCX  ERROR cuCtxGetApiVersion(ctx, &version) failed: invalid device context
[1784039508.642575] [h200x8-01:185592:0]      cuda_iface.h:85   UCX  ERROR cuCtxGetApiVersion(ctx, &version) failed: invalid device context
[1784039508.642577] [h200x8-01:185592:0]      cuda_iface.h:85   UCX  ERROR cuCtxGetApiVersion(ctx, &version) failed: invalid device context
[1784039508.642580] [h200x8-01:185592:0]      cuda_iface.h:85   UCX  ERROR cuCtxGetApiVersion(ctx, &version) failed: invalid device context
[1784039508.642581] [h200x8-01:185592:0]      cuda_iface.h:85   UCX  ERROR cuCtxGetApiVersion(ctx, &version) failed: invalid device context
[1784039508.642582] [h200x8-01:185592:0]      cuda_iface.h:85   UCX  ERROR cuCtxGetApiVersion(ctx, &version) failed: invalid device context
[1784039508.642584] [h200x8-01:185592:0]      cuda_iface.h:85   UCX  ERROR cuCtxGetApiVersion(ctx, &version) failed: invalid device context
[1784039508.642586] [h200x8-01:185592:0]      cuda_iface.h:85   UCX  ERROR cuCtxGetApiVersion(ctx, &version) failed: invalid device context
[1784039508.642587] [h200x8-01:185592:0]      cuda_iface.h:85   UCX  ERROR cuCtxGetApiVersion(ctx, &version) failed: invalid device context
[1784039508.642592] [h200x8-01:185592:0]      cuda_iface.h:85   UCX  ERROR cuCtxGetApiVersion(ctx, &version) failed: invalid device context
[1784039508.642594] [h200x8-01:185592:0]      cuda_iface.h:85   UCX  ERROR cuCtxGetApiVersion(ctx, &version) failed: invalid device context
[1784039508.642596] [h200x8-01:185592:0]      cuda_iface.h:85   UCX  ERROR cuCtxGetApiVersion(ctx, &version) failed: invalid device context
[1784039508.642597] [h200x8-01:185592:0]      cuda_iface.h:85   UCX  ERROR cuCtxGetApiVersion(ctx, &version) failed: invalid device context
[1784039508.642599] [h200x8-01:185592:0]      cuda_iface.h:85   UCX  ERROR cuCtxGetApiVersion(ctx, &version) failed: invalid device context
[1784039508.642600] [h200x8-01:185592:0]      cuda_iface.h:85   UCX  ERROR cuCtxGetApiVersion(ctx, &version) failed: invalid device context
[1784039508.642601] [h200x8-01:185592:0]      cuda_iface.h:85   UCX  ERROR cuCtxGetApiVersion(ctx, &version) failed: invalid device context
[1784039508.642604] [h200x8-01:185592:0]      cuda_iface.h:85   UCX  ERROR cuCtxGetApiVersion(ctx, &version) failed: invalid device context
[1784039508.642606] [h200x8-01:185592:0]      cuda_iface.h:85   UCX  ERROR cuCtxGetApiVersion(ctx, &version) failed: invalid device context
[1784039508.642608] [h200x8-01:185592:0]      cuda_iface.h:85   UCX  ERROR cuCtxGetApiVersion(ctx, &version) failed: invalid device context
[1784039508.642610] [h200x8-01:185592:0]      cuda_iface.h:85   UCX  ERROR cuCtxGetApiVersion(ctx, &version) failed: invalid device context
[1784039508.642613] [h200x8-01:185592:0]      cuda_iface.h:85   UCX  ERROR cuCtxGetApiVersion(ctx, &version) failed: invalid device context
[1784039508.642614] [h200x8-01:185592:0]      cuda_iface.h:85   UCX  ERROR cuCtxGetApiVersion(ctx, &version) failed: invalid device context
[1784039508.642616] [h200x8-01:185592:0]      cuda_iface.h:85   UCX  ERROR cuCtxGetApiVersion(ctx, &version) failed: invalid device context
[1784039508.642522] [h200x8-01:185594:0]      cuda_iface.h:85   UCX  ERROR cuCtxGetApiVersion(ctx, &version) failed: invalid device context
[1784039508.642524] [h200x8-01:185594:0]      cuda_iface.h:85   UCX  ERROR cuCtxGetApiVersion(ctx, &version) failed: invalid device context
[1784039508.642526] [h200x8-01:185594:0]      cuda_iface.h:85   UCX  ERROR cuCtxGetApiVersion(ctx, &version) failed: invalid device context
[1784039508.642530] [h200x8-01:185594:0]      cuda_iface.h:85   UCX  ERROR cuCtxGetApiVersion(ctx, &version) failed: invalid device context
[1784039508.642531] [h200x8-01:185594:0]      cuda_iface.h:85   UCX  ERROR cuCtxGetApiVersion(ctx, &version) failed: invalid device context
[1784039508.642535] [h200x8-01:185594:0]      cuda_iface.h:85   UCX  ERROR cuCtxGetApiVersion(ctx, &version) failed: invalid device context
[1784039508.642536] [h200x8-01:185594:0]      cuda_iface.h:85   UCX  ERROR cuCtxGetApiVersion(ctx, &version) failed: invalid device context
[1784039508.642539] [h200x8-01:185594:0]      cuda_iface.h:85   UCX  ERROR cuCtxGetApiVersion(ctx, &version) failed: invalid device context
[1784039508.642546] [h200x8-01:185594:0]      cuda_iface.h:85   UCX  ERROR cuCtxGetApiVersion(ctx, &version) failed: invalid device context
[1784039508.642549] [h200x8-01:185594:0]      cuda_iface.h:85   UCX  ERROR cuCtxGetApiVersion(ctx, &version) failed: invalid device context
[1784039508.642551] [h200x8-01:185594:0]      cuda_iface.h:85   UCX  ERROR cuCtxGetApiVersion(ctx, &version) failed: invalid device context
[1784039508.642558] [h200x8-01:185594:0]      cuda_iface.h:85   UCX  ERROR cuCtxGetApiVersion(ctx, &version) failed: invalid device context
[1784039508.642498] [h200x8-01:185586:0]      cuda_iface.h:85   UCX  ERROR cuCtxGetApiVersion(ctx, &version) failed: invalid device context
[1784039508.642502] [h200x8-01:185586:0]      cuda_iface.h:85   UCX  ERROR cuCtxGetApiVersion(ctx, &version) failed: invalid device context
[1784039508.642506] [h200x8-01:185586:0]      cuda_iface.h:85   UCX  ERROR cuCtxGetApiVersion(ctx, &version) failed: invalid device context
[1784039508.642508] [h200x8-01:185586:0]      cuda_iface.h:85   UCX  ERROR cuCtxGetApiVersion(ctx, &version) failed: invalid device context
[1784039508.642511] [h200x8-01:185586:0]      cuda_iface.h:85   UCX  ERROR cuCtxGetApiVersion(ctx, &version) failed: invalid device context
[1784039508.642559] [h200x8-01:185586:0]      cuda_iface.h:85   UCX  ERROR cuCtxGetApiVersion(ctx, &version) failed: invalid device context
[1784039508.642566] [h200x8-01:185586:0]      cuda_iface.h:85   UCX  ERROR cuCtxGetApiVersion(ctx, &version) failed: invalid device context
[1784039508.642568] [h200x8-01:185586:0]      cuda_iface.h:85   UCX  ERROR cuCtxGetApiVersion(ctx, &version) failed: invalid device context
[1784039508.642570] [h200x8-01:185586:0]      cuda_iface.h:85   UCX  ERROR cuCtxGetApiVersion(ctx, &version) failed: invalid device context
[1784039508.642573] [h200x8-01:185586:0]      cuda_iface.h:85   UCX  ERROR cuCtxGetApiVersion(ctx, &version) failed: invalid device context
[1784039508.642576] [h200x8-01:185586:0]      cuda_iface.h:85   UCX  ERROR cuCtxGetApiVersion(ctx, &version) failed: invalid device context
[1784039508.642580] [h200x8-01:185586:0]      cuda_iface.h:85   UCX  ERROR cuCtxGetApiVersion(ctx, &version) failed: invalid device context
1784039508.642605] [h200x8-01:185587:0]      cuda_iface.h:85   UCX  ERROR cuCtxGetApiVersion(ctx, &version) failed: invalid device context
[1784039508.642606] [h200x8-01:185587:0]      cuda_iface.h:85   UCX  ERROR cuCtxGetApiVersion(ctx, &version) failed: invalid device context
[1784039508.642608] [h200x8-01:185587:0]      cuda_iface.h:85   UCX  ERROR cuCtxGetApiVersion(ctx, &version) failed: invalid device context
[1784039508.642610] [h200x8-01:185587:0]      cuda_iface.h:85   UCX  ERROR cuCtxGetApiVersion(ctx, &version) failed: invalid device context
[1784039508.642611] [h200x8-01:185587:0]      cuda_iface.h:85   UCX  ERROR cuCtxGetApiVersion(ctx, &version) failed: invalid device context
[1784039508.642613] [h200x8-01:185587:0]      cuda_iface.h:85   UCX  ERROR cuCtxGetApiVersion(ctx, &version) failed: invalid device context
[1784039508.642616] [h200x8-01:185587:0]      cuda_iface.h:85   UCX  ERROR cuCtxGetApiVersion(ctx, &version) failed: invalid device context
[1784039508.642617] [h200x8-01:185587:0]      cuda_iface.h:85   UCX  ERROR cuCtxGetApiVersion(ctx, &version) failed: invalid device context
[1784039508.642621] [h200x8-01:185587:0]      cuda_iface.h:85   UCX  ERROR cuCtxGetApiVersion(ctx, &version) failed: invalid device context
[1784039508.642625] [h200x8-01:185587:0]      cuda_iface.h:85   UCX  ERROR cuCtxGetApiVersion(ctx, &version) failed: invalid device context
[1784039508.642628] [h200x8-01:185587:0]      cuda_iface.h:85   UCX  ERROR cuCtxGetApiVersion(ctx, &version) failed: invalid device context
[1784039508.642632] [h200x8-01:185587:0]      cuda_iface.h:85   UCX  ERROR cuCtxGetApiVersion(ctx, &version) failed: invalid device context
n) failed: invalid device context
[1784039508.642597] [h200x8-01:185593:0]      cuda_iface.h:85   UCX  ERROR cuCtxGetApiVersion(ctx, &version) failed: invalid device context
[1784039508.642601] [h200x8-01:185593:0]      cuda_iface.h:85   UCX  ERROR cuCtxGetApiVersion(ctx, &version) failed: invalid device context
[1784039508.642603] [h200x8-01:185593:0]      cuda_iface.h:85   UCX  ERROR cuCtxGetApiVersion(ctx, &version) failed: invalid device context
[1784039508.642605] [h200x8-01:185593:0]      cuda_iface.h:85   UCX  ERROR cuCtxGetApiVersion(ctx, &version) failed: invalid device context
[1784039508.642607] [h200x8-01:185593:0]      cuda_iface.h:85   UCX  ERROR cuCtxGetApiVersion(ctx, &version) failed: invalid device context
[1784039508.642609] [h200x8-01:185593:0]      cuda_iface.h:85   UCX  ERROR cuCtxGetApiVersion(ctx, &version) failed: invalid device context
[1784039508.642611] [h200x8-01:185593:0]      cuda_iface.h:85   UCX  ERROR cuCtxGetApiVersion(ctx, &version) failed: invalid device context
[1784039508.642613] [h200x8-01:185593:0]      cuda_iface.h:85   UCX  ERROR cuCtxGetApiVersion(ctx, &version) failed: invalid device context
[1784039508.642616] [h200x8-01:185593:0]      cuda_iface.h:85   UCX  ERROR cuCtxGetApiVersion(ctx, &version) failed: invalid device context
[1784039508.642618] [h200x8-01:185593:0]      cuda_iface.h:85   UCX  ERROR cuCtxGetApiVersion(ctx, &version) failed: invalid device context
[1784039508.642620] [h200x8-01:185593:0]      cuda_iface.h:85   UCX  ERROR cuCtxGetApiVersion(ctx, &version) failed: invalid device context
[1784039508.642622] [h200x8-01:185593:0]      cuda_iface.h:85   UCX  ERROR cuCtxGetApiVersion(ctx, &version) failed: invalid device context
[1784039508.642624] [h200x8-01:185593:0]      cuda_iface.h:85   UCX  ERROR cuCtxGetApiVersion(ctx, &version) failed: invalid device context
[1784039508.642626] [h200x8-01:185593:0]      cuda_iface.h:85   UCX  ERROR cuCtxGetApiVersion(ctx, &version) failed: invalid device context
[1784039508.642628] [h200x8-01:185593:0]      cuda_iface.h:85   UCX  ERROR cuCtxGetApiVersion(ctx, &version) failed: invalid device context
[1784039508.642630] [h200x8-01:185593:0]      cuda_iface.h:85   UCX  ERROR cuCtxGetApiVersion(ctx, &version) failed: invalid device context
[1784039508.642632] [h200x8-01:185593:0]      cuda_iface.h:85   UCX  ERROR cuCtxGetApiVersion(ctx, &version) failed: invalid device context
[1784039508.642635] [h200x8-01:185593:0]      cuda_iface.h:85   UCX  ERROR cuCtxGetApiVersion(ctx, &version) failed: invalid device context
[1784039508.642636] [h200x8-01:185593:0]      cuda_iface.h:85   UCX  ERROR cuCtxGetApiVersion(ctx, &version) failed: invalid device context
[1784039508.642639] [h200x8-01:185593:0]      cuda_iface.h:85   UCX  ERROR cuCtxGetApiVersion(ctx, &version) failed: invalid device context
[1784039508.642641] [h200x8-01:185593:0]      cuda_iface.h:85   UCX  ERROR cuCtxGetApiVersion(ctx, &version) failed: invalid device context
[1784039508.642643] [h200x8-01:185593:0]      cuda_iface.h:85   UCX  ERROR cuCtxGetApiVersion(ctx, &version) failed: invalid device context
[1784039508.642644] [h200x8-01:185593:0]      cuda_iface.h:85   UCX  ERROR cuCtxGetApiVersion(ctx, &version) failed: invalid device context
[1784039508.642647] [h200x8-01:185593:0]      cuda_iface.h:85   UCX  ERROR cuCtxGetApiVersion(ctx, &version) failed: invalid device context
[1784039508.642649] [h200x8-01:185593:0]      cuda_iface.h:85   UCX  ERROR cuCtxGetApiVersion(ctx, &version) failed: invalid device context
[1784039508.642651] [h200x8-01:185593:0]      cuda_iface.h:85   UCX  ERROR cuCtxGetApiVersion(ctx, &version) failed: invalid device context
[1784039508.642652] [h200x8-01:185593:0]      cuda_iface.h:85   UCX  ERROR cuCtxGetApiVersion(ctx, &version) failed: invalid device context
[1784039508.642657] [h200x8-01:185593:0]      cuda_iface.h:85   UCX  ERROR cuCtxGetApiVersion(ctx, &version) failed: invalid device context
[1784039508.642659] [h200x8-01:185593:0]      cuda_iface.h:85   UCX  ERROR cuCtxGetApiVersion(ctx, &version) failed: invalid device context
[[1784039508.642291] [h200x8-01:185588:0]      cuda_iface.h:85   UCX  ERROR cuCtxGetApiVersion(ctx, &version) failed: invalid device context
[1784039508.642293] [h200x8-01:185588:0]      cuda_iface.h:85   UCX  ERROR cuCtxGetApiVersion(ctx, &version) failed: invalid device context
[1784039508.642295] [h200x8-01:185588:0]      cuda_iface.h:85   UCX  ERROR cuCtxGetApiVersion(ctx, &version) failed: invalid device context
[1784039508.642298] [h200x8-01:185588:0]      cuda_iface.h:85   UCX  ERROR cuCtxGetApiVersion(ctx, &version) failed: invalid device context
[1784039508.642304] [h200x8-01:185588:0]      cuda_iface.h:85   UCX  ERROR cuCtxGetApiVersion(ctx, &version) failed: invalid device context
[1784039508.642514] [h200x8-01:185588:0]      cuda_iface.h:85   UCX  ERROR cuCtxGetApiVersion(ctx, &version) failed: invalid device context
[1784039508.642518] [h200x8-01:185588:0]      cuda_iface.h:85   UCX  ERROR cuCtxGetApiVersion(ctx, &version) failed: invalid device context
[1784039508.642522] [h200x8-01:185588:0]      cuda_iface.h:85   UCX  ERROR cuCtxGetApiVersion(ctx, &version) failed: invalid device context
[1784039508.642523] [h200x8-01:185588:0]      cuda_iface.h:85   UCX  ERROR cuCtxGetApiVersion(ctx, &version) failed: invalid device context
[1784039508.642525] [h200x8-01:185588:0]      cuda_iface.h:85   UCX  ERROR cuCtxGetApiVersion(ctx, &version) failed: invalid device context
[1784039508.642527] [h200x8-01:185588:0]      cuda_iface.h:85   UCX  ERROR cuCtxGetApiVersion(ctx, &version) failed: invalid device context
[1784039508.642528] [h200x8-01:185588:0]      cuda_iface.h:85   UCX  ERROR cuCtxGetApiVersion(ctx, &version) failed: invalid device context
1784039508.642568] [h200x8-01:185591:0]      cuda_iface.h:85   UCX  ERROR cuCtxGetApiVersion(ctx, &version) failed: invalid device context
[1784039508.642571] [h200x8-01:185591:0]      cuda_iface.h:85   UCX  ERROR cuCtxGetApiVersion(ctx, &version) failed: invalid device context
[1784039508.642572] [h200x8-01:185591:0]      cuda_iface.h:85   UCX  ERROR cuCtxGetApiVersion(ctx, &version) failed: invalid device context
[1784039508.642575] [h200x8-01:185591:0]      cuda_iface.h:85   UCX  ERROR cuCtxGetApiVersion(ctx, &version) failed: invalid device context
[1784039508.642579] [h200x8-01:185591:0]      cuda_iface.h:85   UCX  ERROR cuCtxGetApiVersion(ctx, &version) failed: invalid device context
[1784039508.642581] [h200x8-01:185591:0]      cuda_iface.h:85   UCX  ERROR cuCtxGetApiVersion(ctx, &version) failed: invalid device context
[1784039508.642583] [h200x8-01:185591:0]      cuda_iface.h:85   UCX  ERROR cuCtxGetApiVersion(ctx, &version) failed: invalid device context
[1784039508.642584] [h200x8-01:185591:0]      cuda_iface.h:85   UCX  ERROR cuCtxGetApiVersion(ctx, &version) failed: invalid device context
[1784039508.642586] [h200x8-01:185591:0]      cuda_iface.h:85   UCX  ERROR cuCtxGetApiVersion(ctx, &version) failed: invalid device context
[1784039508.642589] [h200x8-01:185591:0]      cuda_iface.h:85   UCX  ERROR cuCtxGetApiVersion(ctx, &version) failed: invalid device context
[1784039508.642591] [h200x8-01:185591:0]      cuda_iface.h:85   UCX  ERROR cuCtxGetApiVersion(ctx, &version) failed: invalid device context
[1784039508.642592] [h200x8-01:185591:0]      cuda_iface.h:85   UCX  ERROR cuCtxGetApiVersion(ctx, &version) failed: invalid device context
[1784039508.642658] [h200x8-01:185585:0]      cuda_iface.h:85   UCX  ERROR cuCtxGetApiVersion(ctx, &version) failed: invalid device context
[1784039508.642660] [h200x8-01:185585:0]      cuda_iface.h:85   UCX  ERROR cuCtxGetApiVersion(ctx, &version) failed: invalid device context
[1784039508.642663] [h200x8-01:185585:0]      cuda_iface.h:85   UCX  ERROR cuCtxGetApiVersion(ctx, &version) failed: invalid device context
[1784039508.642665] [h200x8-01:185585:0]      cuda_iface.h:85   UCX  ERROR cuCtxGetApiVersion(ctx, &version) failed: invalid device context
[1784039508.642667] [h200x8-01:185585:0]      cuda_iface.h:85   UCX  ERROR cuCtxGetApiVersion(ctx, &version) failed: invalid device context
[1784039508.642669] [h200x8-01:185585:0]      cuda_iface.h:85   UCX  ERROR cuCtxGetApiVersion(ctx, &version) failed: invalid device context
[1784039508.642671] [h200x8-01:185585:0]      cuda_iface.h:85   UCX  ERROR cuCtxGetApiVersion(ctx, &version) failed: invalid device context
[1784039508.642674] [h200x8-01:185585:0]      cuda_iface.h:85   UCX  ERROR cuCtxGetApiVersion(ctx, &version) failed: invalid device context
[1784039508.642676] [h200x8-01:185585:0]      cuda_iface.h:85   UCX  ERROR cuCtxGetApiVersion(ctx, &version) failed: invalid device context
[1784039508.642677] [h200x8-01:185585:0]      cuda_iface.h:85   UCX  ERROR cuCtxGetApiVersion(ctx, &version) failed: invalid device context
[1784039508.642679] [h200x8-01:185585:0]      cuda_iface.h:85   UCX  ERROR cuCtxGetApiVersion(ctx, &version) failed: invalid device context
[1784039508.642681] [h200x8-01:185585:0]      cuda_iface.h:85   UCX  ERROR cuCtxGetApiVersion(ctx, &version) failed: invalid device context
[1784039508.642618] [h200x8-01:185592:0]      cuda_iface.h:85   UCX  ERROR cuCtxGetApiVersion(ctx, &version) failed: invalid device context
[1784039508.642621] [h200x8-01:185592:0]      cuda_iface.h:85   UCX  ERROR cuCtxGetApiVersion(ctx, &version) failed: invalid device context
[1784039508.642625] [h200x8-01:185592:0]      cuda_iface.h:85   UCX  ERROR cuCtxGetApiVersion(ctx, &version) failed: invalid device context
[1784039508.642627] [h200x8-01:185592:0]      cuda_iface.h:85   UCX  ERROR cuCtxGetApiVersion(ctx, &version) failed: invalid device context
[1784039508.642630] [h200x8-01:185592:0]      cuda_iface.h:85   UCX  ERROR cuCtxGetApiVersion(ctx, &version) failed: invalid device context
[1784039508.642693] [h200x8-01:185592:0]      cuda_iface.h:85   UCX  ERROR cuCtxGetApiVersion(ctx, &version) failed: invalid device context
[1784039508.642696] [h200x8-01:185592:0]      cuda_iface.h:85   UCX  ERROR cuCtxGetApiVersion(ctx, &version) failed: invalid device context
[1784039508.642699] [h200x8-01:185592:0]      cuda_iface.h:85   UCX  ERROR cuCtxGetApiVersion(ctx, &version) failed: invalid device context
[1784039508.642702] [h200x8-01:185592:0]      cuda_iface.h:85   UCX  ERROR cuCtxGetApiVersion(ctx, &version) failed: invalid device context
[1784039508.642704] [h200x8-01:185592:0]      cuda_iface.h:85   UCX  ERROR cuCtxGetApiVersion(ctx, &version) failed: invalid device context
[1784039508.642706] [h200x8-01:185592:0]      cuda_iface.h:85   UCX  ERROR cuCtxGetApiVersion(ctx, &version) failed: invalid device context
[1784039508.642708] [h200x8-01:185592:0]      cuda_iface.h:85   UCX  ERROR cuCtxGetApiVersion(ctx, &version) failed: invalid device context
1784039508.642660] [h200x8-01:185593:0]      cuda_iface.h:85   UCX  ERROR cuCtxGetApiVersion(ctx, &version) failed: invalid device context
[1784039508.642661] [h200x8-01:185593:0]      cuda_iface.h:85   UCX  ERROR cuCtxGetApiVersion(ctx, &version) failed: invalid device context
[1784039508.642663] [h200x8-01:185593:0]      cuda_iface.h:85   UCX  ERROR cuCtxGetApiVersion(ctx, &version) failed: invalid device context
[1784039508.642664] [h200x8-01:185593:0]      cuda_iface.h:85   UCX  ERROR cuCtxGetApiVersion(ctx, &version) failed: invalid device context
[1784039508.642666] [h200x8-01:185593:0]      cuda_iface.h:85   UCX  ERROR cuCtxGetApiVersion(ctx, &version) failed: invalid device context
[1784039508.642669] [h200x8-01:185593:0]      cuda_iface.h:85   UCX  ERROR cuCtxGetApiVersion(ctx, &version) failed: invalid device context
[1784039508.642670] [h200x8-01:185593:0]      cuda_iface.h:85   UCX  ERROR cuCtxGetApiVersion(ctx, &version) failed: invalid device context
[1784039508.642672] [h200x8-01:185593:0]      cuda_iface.h:85   UCX  ERROR cuCtxGetApiVersion(ctx, &version) failed: invalid device context
[1784039508.642674] [h200x8-01:185593:0]      cuda_iface.h:85   UCX  ERROR cuCtxGetApiVersion(ctx, &version) failed: invalid device context
[1784039508.642676] [h200x8-01:185593:0]      cuda_iface.h:85   UCX  ERROR cuCtxGetApiVersion(ctx, &version) failed: invalid device context
[1784039508.642678] [h200x8-01:185593:0]      cuda_iface.h:85   UCX  ERROR cuCtxGetApiVersion(ctx, &version) failed: invalid device context
[1784039508.642680] [h200x8-01:185593:0]      cuda_iface.h:85   UCX  ERROR cuCtxGetApiVersion(ctx, &version) failed: invalid device context
