Host h200x8-01 using GPU 0: NVIDIA H200 NVL
Host h200x8-01 using GPU 6: NVIDIA H200 NVL
Host h200x8-01 using GPU 2: NVIDIA H200 NVL
Host h200x8-01 using GPU 5: NVIDIA H200 NVL
Host h200x8-01 using GPU 4: NVIDIA H200 NVL
Host h200x8-01 using GPU 1: NVIDIA H200 NVL
Host h200x8-01 using GPU 3: NVIDIA H200 NVL
Host h200x8-01 using GPU 7: NVIDIA H200 NVL
Running until t=0.010000, Problem size=45x45x45
   Used Memory         =  682.2500 Mb
Run completed:  
   Problem size        =  45 
   MPI tasks           =  8 
   Iteration count     =  3145 
   Final Origin Energy = 1.482403e+06 
   Testing Plane 0 of Energy Array on rank 0:
        MaxAbsDiff   = 3.468556e-02
        TotalAbsDiff = 1.183323e+00
        MaxRelDiff   = 5.623050e-05


Elapsed time         =       5.82 (s)
Grind time (us/z/c)  = 0.020313799 (per dom)  (0.0025392248 overall)
FOM                  =  393820.98 (z/s)

[1784040169.298851] [h200x8-01:189545:0]      cuda_iface.h:85   UCX  ERROR cuCtxGetApiVersion(ctx, &version) failed: invalid device context
[1784040169.298865] [h200x8-01:189545:0]      cuda_iface.h:85   UCX  ERROR cuCtxGetApiVersion(ctx, &version) failed: invalid device context
[1784040169.298868] [h200x8-01:189545:0]      cuda_iface.h:85   UCX  ERROR cuCtxGetApiVersion(ctx, &version) failed: invalid device context
[1784040169.298870] [h200x8-01:189545:0]      cuda_iface.h:85   UCX  ERROR cuCtxGetApiVersion(ctx, &version) failed: invalid device context
[1784040169.298872] [h200x8-01:189545:0]      cuda_iface.h:85   UCX  ERROR cuCtxGetApiVersion(ctx, &version) failed: invalid device context
[1784040169.298873] [h200x8-01:189545:0]      cuda_iface.h:85   UCX  ERROR cuCtxGetApiVersion(ctx, &version) failed: invalid device context
[1784040169.298876] [h200x8-01:189545:0]      cuda_iface.h:85   UCX  ERROR cuCtxGetApiVersion(ctx, &version) failed: invalid device context
[1784040169.298878] [h200x8-01:189545:0]      cuda_iface.h:85   UCX  ERROR cuCtxGetApiVersion(ctx, &version) failed: invalid device context
[1784040169.298879] [h200x8-01:189545:0]      cuda_iface.h:85   UCX  ERROR cuCtxGetApiVersion(ctx, &version) failed: invalid device context
[1784040169.298881] [h200x8-01:189545:0]      cuda_iface.h:85   UCX  ERROR cuCtxGetApiVersion(ctx, &version) failed: invalid device context
[1784040169.298883] [h200x8-01:189545:0]      cuda_iface.h:85   UCX  ERROR cuCtxGetApiVersion(ctx, &version) failed: invalid device context
[1784040169.298884] [h200x8-01:189545:0]      cuda_iface.h:85   UCX  ERROR cuCtxGetApiVersion(ctx, &version) failed: invalid device context
[1784040169.298886] [h200x8-01:189545:0]      cuda_iface.h:85   UCX  ERROR cuCtxGetApiVersion(ctx, &version) failed: invalid device context
[1784040169.298888] [h200x8-01:189545:0]      cuda_iface.h:85   UCX  ERROR cuCtxGetApiVersion(ctx, &version) failed: invalid device context
[1784040169.298890] [h200x8-01:189545:0]      cuda_iface.h:85   UCX  ERROR cuCtxGetApiVersion(ctx, &version) failed: invalid device context
[1784040169.298892] [h200x8-01:189545:0]      cuda_iface.h:85   UCX  ERROR cuCtxGetApiVersion(ctx, &version) failed: invalid device context
[1784040169.298894] [h200x8-01:189545:0]      cuda_iface.h:85   UCX  ERROR cuCtxGetApiVersion(ctx, &version) failed: invalid device context
[1784040169.298896] [h200x8-01:189545:0]      cuda_iface.h:85   UCX  ERROR cuCtxGetApiVersion(ctx, &version) failed: invalid device context
[1784040169.298897] [h200x8-01:189545:0]      cuda_iface.h:85   UCX  ERROR cuCtxGetApiVersion(ctx, &version) failed: invalid device context
[1784040169.298899] [h200x8-01:189545:0]      cuda_iface.h:85   UCX  ERROR cuCtxGetApiVersion(ctx, &version) failed: invalid device context
[1784040169.298901] [h200x8-01:189545:0]      cuda_iface.h:85   UCX  ERROR cuCtxGetApiVersion(ctx, &version) failed: invalid device context
[1784040169.298902] [h200x8-01:189545:0]      cuda_iface.h:85   UCX  ERROR cuCtxGetApiVersion(ctx, &version) failed: invalid device context
[1784040169.298904] [h200x8-01:189545:0]      cuda_iface.h:85   UCX  ERROR cuCtxGetApiVersion(ctx, &version) failed: invalid device context
[1784040169.298906] [h200x8-01:189545:0]      cuda_iface.h:85   UCX  ERROR cuCtxGetApiVersion(ctx, &version) failed: invalid device context
[1784040169.298908] [h200x8-01:189545:0]      cuda_iface.h:85   UCX  ERROR cuCtxGetApiVersion(ctx, &version) failed: invalid device context
[1784040169.298909] [h200x8-01:189545:0]      cuda_iface.h:85   UCX  ERROR cuCtxGetApiVersion(ctx, &version) failed: invalid device context
[1784040169.298911] [h200x8-01:189545:0]      cuda_iface.h:85   UCX  ERROR cuCtxGetApiVersion(ctx, &version) failed: invalid device context
[1784040169.298913] [h200x8-01:189545:0]      cuda_iface.h:85   UCX  ERROR cuCtxGetApiVersion(ctx, &version) failed: invalid device context
[1784040169.298915] [h200x8-01:189545:0]      cuda_iface.h:85   UCX  ERROR cuCtxGetApiVersion(ctx, &version) failed: invalid device context
[1784040169.298916] [h200x8-01:18954[1784040169.298896] [h200x8-01:189547:0]      cuda_iface.h:85   UCX  ERROR cuCtxGetApiVersion(ctx, &version) failed: invalid device context
[1784040169.298911] [h200x8-01:189547:0]      cuda_iface.h:85   UCX  ERROR cuCtxGetApiVersion(ctx, &version) failed: invalid device context
[1784040169.298913] [h200x8-01:189547:0]      cuda_iface.h:85   UCX  ERROR cuCtxGetApiVersion(ctx, &version) failed: invalid device context
[1784040169.298915] [h200x8-01:189547:0]      cuda_iface.h:85   UCX  ERROR cuCtxGetApiVersion(ctx, &version) failed: invalid device context
[1784040169.298916] [h200x8-01:189547:0]      cuda_iface.h:85   UCX  ERROR cuCtxGetApiVersion(ctx, &version) failed: invalid device context
[1784040169.298918] [h200x8-01:189547:0]      cuda_iface.h:85   UCX  ERROR cuCtxGetApiVersion(ctx, &version) failed: invalid device context
[1784040169.298919] [h200x8-01:189547:0]      cuda_iface.h:85   UCX  ERROR cuCtxGetApiVersion(ctx, &version) failed: invalid device context
[1784040169.298920] [h200x8-01:189547:0]      cuda_iface.h:85   UCX  ERROR cuCtxGetApiVersion(ctx, &version) failed: invalid device context
[1784040169.298922] [h200x8-01:189547:0]      cuda_iface.h:85   UCX  ERROR cuCtxGetApiVersion(ctx, &version) failed: invalid device context
[1784040169.298923] [h200x8-01:189547:0]      cuda_iface.h:85   UCX  ERROR cuCtxGetApiVersion(ctx, &version) failed: invalid device context
[1784040169.298925] [h200x8-01:189547:0]      cuda_iface.h:85   UCX  ERROR cuCtxGetApiVersion(ctx, &version) failed: invalid device context
[1784040169.298926] [h200x8-01:189547:0]      cuda_iface.h:85   UCX  ERROR cuCtxGetApiVersion(ctx, &version) failed: invalid device context
[1784040169.298927] [h200x8-01:189547:0]      cuda_iface.h:85   UCX  ERROR cuCtxGetApiVersion(ctx, &version) failed: invalid device context
[1784040169.298929] [h200x8-01:189547:0]      cuda_iface.h:85   UCX  ERROR cuCtxGetApiVersion(ctx, &version) failed: invalid device context
[1784040169.298931] [h200x8-01:189547:0]      cuda_iface.h:85   UCX  ERROR cuCtxGetApiVersion(ctx, &version) failed: invalid device context
[1784040169.298932] [h200x8-01:189547:0]      cuda_iface.h:85   UCX  ERROR cuCtxGetApiVersion(ctx, &version) failed: invalid device context
[1784040169.298934] [h200x8-01:189547:0]      cuda_iface.h:85   UCX  ERROR cuCtxGetApiVersion(ctx, &version) failed: invalid device context
[1784040169.298935] [h200x8-01:189547:0]      cuda_iface.h:85   UCX  ERROR cuCtxGetApiVersion(ctx, &version) failed: invalid device context
[1784040169.298936] [h200x8-01:189547:0]      cuda_iface.h:85   UCX  ERROR cuCtxGetApiVersion(ctx, &version) failed: invalid device context
[1784040169.298938] [h200x8-01:189547:0]      cuda_iface.h:85   UCX  ERROR cuCtxGetApiVersion(ctx, &version) failed: invalid device context
[1784040169.298939] [h200x8-01:189547:0]      cuda_iface.h:85   UCX  ERROR cuCtxGetApiVersion(ctx, &version) failed: invalid device context
[1784040169.298941] [h200x8-01:189547:0]      cuda_iface.h:85   UCX  ERROR cuCtxGetApiVersion(ctx, &version) failed: invalid device context
[1784040169.298942] [h200x8-01:189547:0]      cuda_iface.h:85   UCX  ERROR cuCtxGetApiVersion(ctx, &version) failed: invalid device context
[1784040169.298944] [h200x8-01:189547:0]      cuda_iface.h:85   UCX  ERROR cuCtxGetApiVersion(ctx, &version) failed: invalid device context
[1784040169.298946] [h200x8-01:189547:0]      cuda_iface.h:85   UCX  ERROR cuCtxGetApiVersion(ctx, &version) failed: invalid device context
[1784040169.298947] [h200x8-01:189547:0]      cuda_iface.h:85   UCX  ERROR cuCtxGetApiVersion(ctx, &version) failed: invalid device context
[1784040169.298948] [h200x8-01:189547:0]      cuda_iface.h:85   UCX  ERROR cuCtxGetApiVersion(ctx, &version) failed: invalid device context
[1784040169.298950] [h200x8-01:189547:0]      cuda_iface.h:85   UCX  ERROR cuCtxGetApiVersion(ctx, &version) failed: invalid device context
[1784040169.298951] [h200x8-01:189547:0]      cuda_iface.h:85   UCX  ERROR cuCtxGetApiVersion(ctx, &version) failed: invalid device context
[1784040169.298953] [h200x8-01:1895[1784040169.298785] [h200x8-01:189540:0]      cuda_iface.h:85   UCX  ERROR cuCtxGetApiVersion(ctx, &version) failed: invalid device context
[1784040169.298799] [h200x8-01:189540:0]      cuda_iface.h:85   UCX  ERROR cuCtxGetApiVersion(ctx, &version) failed: invalid device context
[1784040169.298802] [h200x8-01:189540:0]      cuda_iface.h:85   UCX  ERROR cuCtxGetApiVersion(ctx, &version) failed: invalid device context
[1784040169.298804] [h200x8-01:189540:0]      cuda_iface.h:85   UCX  ERROR cuCtxGetApiVersion(ctx, &version) failed: invalid device context
[1784040169.298807] [h200x8-01:189540:0]      cuda_iface.h:85   UCX  ERROR cuCtxGetApiVersion(ctx, &version) failed: invalid device context
[1784040169.298808] [h200x8-01:189540:0]      cuda_iface.h:85   UCX  ERROR cuCtxGetApiVersion(ctx, &version) failed: invalid device context
[1784040169.298810] [h200x8-01:189540:0]      cuda_iface.h:85   UCX  ERROR cuCtxGetApiVersion(ctx, &version) failed: invalid device context
[1784040169.298812] [h200x8-01:189540:0]      cuda_iface.h:85   UCX  ERROR cuCtxGetApiVersion(ctx, &version) failed: invalid device context
[1784040169.298814] [h200x8-01:189540:0]      cuda_iface.h:85   UCX  ERROR cuCtxGetApiVersion(ctx, &version) failed: invalid device context
[1784040169.298816] [h200x8-01:189540:0]      cuda_iface.h:85   UCX  ERROR cuCtxGetApiVersion(ctx, &version) failed: invalid device context
[1784040169.298819] [h200x8-01:189540:0]      cuda_iface.h:85   UCX  ERROR cuCtxGetApiVersion(ctx, &version) failed: invalid device context
[1784040169.298821] [h200x8-01:189540:0]      cuda_iface.h:85   UCX  ERROR cuCtxGetApiVersion(ctx, &version) failed: invalid device context
[1784040169.298823] [h200x8-01:189540:0]      cuda_iface.h:85   UCX  ERROR cuCtxGetApiVersion(ctx, &version) failed: invalid device context
[1784040169.298825] [h200x8-01:189540:0]      cuda_iface.h:85   UCX  ERROR cuCtxGetApiVersion(ctx, &version) failed: invalid device context
[1784040169.298828] [h200x8-01:189540:0]      cuda_iface.h:85   UCX  ERROR cuCtxGetApiVersion(ctx, &version) failed: invalid device context
[1784040169.298830] [h200x8-01:189540:0]      cuda_iface.h:85   UCX  ERROR cuCtxGetApiVersion(ctx, &version) failed: invalid device context
[1784040169.298833] [h200x8-01:189540:0]      cuda_iface.h:85   UCX  ERROR cuCtxGetApiVersion(ctx, &version) failed: invalid device context
[1784040169.298834] [h200x8-01:189540:0]      cuda_iface.h:85   UCX  ERROR cuCtxGetApiVersion(ctx, &version) failed: invalid device context
[1784040169.298835] [h200x8-01:189540:0]      cuda_iface.h:85   UCX  ERROR cuCtxGetApiVersion(ctx, &version) failed: invalid device context
[1784040169.298837] [h200x8-01:189540:0]      cuda_iface.h:85   UCX  ERROR cuCtxGetApiVersion(ctx, &version) failed: invalid device context
[1784040169.298838] [h200x8-01:189540:0]      cuda_iface.h:85   UCX  ERROR cuCtxGetApiVersion(ctx, &version) failed: invalid device context
[1784040169.298841] [h200x8-01:189540:0]      cuda_iface.h:85   UCX  ERROR cuCtxGetApiVersion(ctx, &version) failed: invalid device context
[1784040169.298844] [h200x8-01:189540:0]      cuda_iface.h:85   UCX  ERROR cuCtxGetApiVersion(ctx, &version) failed: invalid device context
[1784040169.298846] [h200x8-01:189540:0]      cuda_iface.h:85   UCX  ERROR cuCtxGetApiVersion(ctx, &version) failed: invalid device context
[1784040169.298848] [h200x8-01:189540:0]      cuda_iface.h:85   UCX  ERROR cuCtxGetApiVersion(ctx, &version) failed: invalid device context
[1784040169.298850] [h200x8-01:189540:0]      cuda_iface.h:85   UCX  ERROR cuCtxGetApiVersion(ctx, &version) failed: invalid device context
[1784040169.298851] [h200x8-01:189540:0]      cuda_iface.h:85   UCX  ERROR cuCtxGetApiVersion(ctx, &version) failed: invalid device context
[1784040169.298854] [h200x8-01:189540:0]      cuda_iface.h:85   UCX  ERROR cuCtxGetApiVersion(ctx, &version) failed: invalid device context
[1784040169.298855] [h200x8-01:189540:0]      cuda_iface.h:85   UCX  ERROR cuCtxGetApiVersion(ctx, &version) failed: invalid device context
[1784040169.298857] [h200x8-01:1895[1784040169.298867] [h200x8-01:189546:0]      cuda_iface.h:85   UCX  ERROR cuCtxGetApiVersion(ctx, &version) failed: invalid device context
[1784040169.298882] [h200x8-01:189546:0]      cuda_iface.h:85   UCX  ERROR cuCtxGetApiVersion(ctx, &version) failed: invalid device context
[1784040169.298885] [h200x8-01:189546:0]      cuda_iface.h:85   UCX  ERROR cuCtxGetApiVersion(ctx, &version) failed: invalid device context
[1784040169.298887] [h200x8-01:189546:0]      cuda_iface.h:85   UCX  ERROR cuCtxGetApiVersion(ctx, &version) failed: invalid device context
[1784040169.298889] [h200x8-01:189546:0]      cuda_iface.h:85   UCX  ERROR cuCtxGetApiVersion(ctx, &version) failed: invalid device context
[1784040169.298892] [h200x8-01:189546:0]      cuda_iface.h:85   UCX  ERROR cuCtxGetApiVersion(ctx, &version) failed: invalid device context
[1784040169.298894] [h200x8-01:189546:0]      cuda_iface.h:85   UCX  ERROR cuCtxGetApiVersion(ctx, &version) failed: invalid device context
[1784040169.298895] [h200x8-01:189546:0]      cuda_iface.h:85   UCX  ERROR cuCtxGetApiVersion(ctx, &version) failed: invalid device context
[1784040169.298897] [h200x8-01:189546:0]      cuda_iface.h:85   UCX  ERROR cuCtxGetApiVersion(ctx, &version) failed: invalid device context
[1784040169.298899] [h200x8-01:189546:0]      cuda_iface.h:85   UCX  ERROR cuCtxGetApiVersion(ctx, &version) failed: invalid device context
[1784040169.298901] [h200x8-01:189546:0]      cuda_iface.h:85   UCX  ERROR cuCtxGetApiVersion(ctx, &version) failed: invalid device context
[1784040169.298903] [h200x8-01:189546:0]      cuda_iface.h:85   UCX  ERROR cuCtxGetApiVersion(ctx, &version) failed: invalid device context
[1784040169.298905] [h200x8-01:189546:0]      cuda_iface.h:85   UCX  ERROR cuCtxGetApiVersion(ctx, &version) failed: invalid device context
[1784040169.298907] [h200x8-01:189546:0]      cuda_iface.h:85   UCX  ERROR cuCtxGetApiVersion(ctx, &version) failed: invalid device context
[1784040169.298910] [h200x8-01:189546:0]      cuda_iface.h:85   UCX  ERROR cuCtxGetApiVersion(ctx, &version) failed: invalid device context
[1784040169.298912] [h200x8-01:189546:0]      cuda_iface.h:85   UCX  ERROR cuCtxGetApiVersion(ctx, &version) failed: invalid device context
[1784040169.298914] [h200x8-01:189546:0]      cuda_iface.h:85   UCX  ERROR cuCtxGetApiVersion(ctx, &version) failed: invalid device context
[1784040169.298916] [h200x8-01:189546:0]      cuda_iface.h:85   UCX  ERROR cuCtxGetApiVersion(ctx, &version) failed: invalid device context
[1784040169.298922] [h200x8-01:189546:0]      cuda_iface.h:85   UCX  ERROR cuCtxGetApiVersion(ctx, &version) failed: invalid device context
[1784040169.298925] [h200x8-01:189546:0]      cuda_iface.h:85   UCX  ERROR cuCtxGetApiVersion(ctx, &version) failed: invalid device context
[1784040169.298926] [h200x8-01:189546:0]      cuda_iface.h:85   UCX  ERROR cuCtxGetApiVersion(ctx, &version) failed: invalid device context
[1784040169.298930] [h200x8-01:189546:0]      cuda_iface.h:85   UCX  ERROR cuCtxGetApiVersion(ctx, &version) failed: invalid device context
[1784040169.298932] [h200x8-01:189546:0]      cuda_iface.h:85   UCX  ERROR cuCtxGetApiVersion(ctx, &version) failed: invalid device context
[1784040169.298934] [h200x8-01:189546:0]      cuda_iface.h:85   UCX  ERROR cuCtxGetApiVersion(ctx, &version) failed: invalid device context
[1784040169.298939] [h200x8-01:189546:0]      cuda_iface.h:85   UCX  ERROR cuCtxGetApiVersion(ctx, &version) failed: invalid device context
[1784040169.298941] [h200x8-01:189546:0]      cuda_iface.h:85   UCX  ERROR cuCtxGetApiVersion(ctx, &version) failed: invalid device context
[1784040169.298942] [h200x8-01:189546:0]      cuda_iface.h:85   UCX  ERROR cuCtxGetApiVersion(ctx, &version) failed: invalid device context
[1784040169.298945] [h200x8-01:189546:0]      cuda_iface.h:85   UCX  ERROR cuCtxGetApiVersion(ctx, &version) failed: invalid device context
[1784040169.298947] [h200x8-01:189546:0]      cuda_iface.h:85   UCX  ERROR cuCtxGetApiVersion(ctx, &version) failed: invalid device context
[1784040169.298949] [h200x8-01:18954[1784040169.298660] [h200x8-01:189541:0]      cuda_iface.h:85   UCX  ERROR cuCtxGetApiVersion(ctx, &version) failed: invalid device context
[1784040169.298678] [h200x8-01:189541:0]      cuda_iface.h:85   UCX  ERROR cuCtxGetApiVersion(ctx, &version) failed: invalid device context
[1784040169.298680] [h200x8-01:189541:0]      cuda_iface.h:85   UCX  ERROR cuCtxGetApiVersion(ctx, &version) failed: invalid device context
[1784040169.298681] [h200x8-01:189541:0]      cuda_iface.h:85   UCX  ERROR cuCtxGetApiVersion(ctx, &version) failed: invalid device context
[1784040169.298683] [h200x8-01:189541:0]      cuda_iface.h:85   UCX  ERROR cuCtxGetApiVersion(ctx, &version) failed: invalid device context
[1784040169.298684] [h200x8-01:189541:0]      cuda_iface.h:85   UCX  ERROR cuCtxGetApiVersion(ctx, &version) failed: invalid device context
[1784040169.298686] [h200x8-01:189541:0]      cuda_iface.h:85   UCX  ERROR cuCtxGetApiVersion(ctx, &version) failed: invalid device context
[1784040169.298687] [h200x8-01:189541:0]      cuda_iface.h:85   UCX  ERROR cuCtxGetApiVersion(ctx, &version) failed: invalid device context
[1784040169.298688] [h200x8-01:189541:0]      cuda_iface.h:85   UCX  ERROR cuCtxGetApiVersion(ctx, &version) failed: invalid device context
[1784040169.298690] [h200x8-01:189541:0]      cuda_iface.h:85   UCX  ERROR cuCtxGetApiVersion(ctx, &version) failed: invalid device context
[1784040169.298691] [h200x8-01:189541:0]      cuda_iface.h:85   UCX  ERROR cuCtxGetApiVersion(ctx, &version) failed: invalid device context
[1784040169.298693] [h200x8-01:189541:0]      cuda_iface.h:85   UCX  ERROR cuCtxGetApiVersion(ctx, &version) failed: invalid device context
[1784040169.298694] [h200x8-01:189541:0]      cuda_iface.h:85   UCX  ERROR cuCtxGetApiVersion(ctx, &version) failed: invalid device context
[1784040169.298696] [h200x8-01:189541:0]      cuda_iface.h:85   UCX  ERROR cuCtxGetApiVersion(ctx, &version) failed: invalid device context
[1784040169.298697] [h200x8-01:189541:0]      cuda_iface.h:85   UCX  ERROR cuCtxGetApiVersion(ctx, &version) failed: invalid device context
[1784040169.298699] [h200x8-01:189541:0]      cuda_iface.h:85   UCX  ERROR cuCtxGetApiVersion(ctx, &version) failed: invalid device context
[1784040169.298700] [h200x8-01:189541:0]      cuda_iface.h:85   UCX  ERROR cuCtxGetApiVersion(ctx, &version) failed: invalid device context
[1784040169.298702] [h200x8-01:189541:0]      cuda_iface.h:85   UCX  ERROR cuCtxGetApiVersion(ctx, &version) failed: invalid device context
[1784040169.298703] [h200x8-01:189541:0]      cuda_iface.h:85   UCX  ERROR cuCtxGetApiVersion(ctx, &version) failed: invalid device context
[1784040169.298705] [h200x8-01:189541:0]      cuda_iface.h:85   UCX  ERROR cuCtxGetApiVersion(ctx, &version) failed: invalid device context
[1784040169.298706] [h200x8-01:189541:0]      cuda_iface.h:85   UCX  ERROR cuCtxGetApiVersion(ctx, &version) failed: invalid device context
[1784040169.298708] [h200x8-01:189541:0]      cuda_iface.h:85   UCX  ERROR cuCtxGetApiVersion(ctx, &version) failed: invalid device context
[1784040169.298709] [h200x8-01:189541:0]      cuda_iface.h:85   UCX  ERROR cuCtxGetApiVersion(ctx, &version) failed: invalid device context
[1784040169.298710] [h200x8-01:189541:0]      cuda_iface.h:85   UCX  ERROR cuCtxGetApiVersion(ctx, &version) failed: invalid device context
[1784040169.298712] [h200x8-01:189541:0]      cuda_iface.h:85   UCX  ERROR cuCtxGetApiVersion(ctx, &version) failed: invalid device context
[1784040169.298714] [h200x8-01:189541:0]      cuda_iface.h:85   UCX  ERROR cuCtxGetApiVersion(ctx, &version) failed: invalid device context
[1784040169.298716] [h200x8-01:189541:0]      cuda_iface.h:85   UCX  ERROR cuCtxGetApiVersion(ctx, &version) failed: invalid device context
[1784040169.298717] [h200x8-01:189541:0]      cuda_iface.h:85   UCX  ERROR cuCtxGetApiVersion(ctx, &version) failed: invalid device context
[1784040169.298719] [h200x8-01:189541:0]      cuda_iface.h:85   UCX  ERROR cuCtxGetApiVersion(ctx, &version) failed: invalid device context
[1784040169.298720] [h200x8-01:1895[1784040169.298821] [h200x8-01:189551:0]      cuda_iface.h:85   UCX  ERROR cuCtxGetApiVersion(ctx, &version) failed: invalid device context
[1784040169.298837] [h200x8-01:189551:0]      cuda_iface.h:85   UCX  ERROR cuCtxGetApiVersion(ctx, &version) failed: invalid device context
[1784040169.298840] [h200x8-01:189551:0]      cuda_iface.h:85   UCX  ERROR cuCtxGetApiVersion(ctx, &version) failed: invalid device context
[1784040169.298841] [h200x8-01:189551:0]      cuda_iface.h:85   UCX  ERROR cuCtxGetApiVersion(ctx, &version) failed: invalid device context
[1784040169.298843] [h200x8-01:189551:0]      cuda_iface.h:85   UCX  ERROR cuCtxGetApiVersion(ctx, &version) failed: invalid device context
[1784040169.298844] [h200x8-01:189551:0]      cuda_iface.h:85   UCX  ERROR cuCtxGetApiVersion(ctx, &version) failed: invalid device context
[1784040169.298846] [h200x8-01:189551:0]      cuda_iface.h:85   UCX  ERROR cuCtxGetApiVersion(ctx, &version) failed: invalid device context
[1784040169.298848] [h200x8-01:189551:0]      cuda_iface.h:85   UCX  ERROR cuCtxGetApiVersion(ctx, &version) failed: invalid device context
[1784040169.298849] [h200x8-01:189551:0]      cuda_iface.h:85   UCX  ERROR cuCtxGetApiVersion(ctx, &version) failed: invalid device context
[1784040169.298851] [h200x8-01:189551:0]      cuda_iface.h:85   UCX  ERROR cuCtxGetApiVersion(ctx, &version) failed: invalid device context
[1784040169.298853] [h200x8-01:189551:0]      cuda_iface.h:85   UCX  ERROR cuCtxGetApiVersion(ctx, &version) failed: invalid device context
[1784040169.298855] [h200x8-01:189551:0]      cuda_iface.h:85   UCX  ERROR cuCtxGetApiVersion(ctx, &version) failed: invalid device context
[1784040169.298857] [h200x8-01:189551:0]      cuda_iface.h:85   UCX  ERROR cuCtxGetApiVersion(ctx, &version) failed: invalid device context
[1784040169.298858] [h200x8-01:189551:0]      cuda_iface.h:85   UCX  ERROR cuCtxGetApiVersion(ctx, &version) failed: invalid device context
[1784040169.298860] [h200x8-01:189551:0]      cuda_iface.h:85   UCX  ERROR cuCtxGetApiVersion(ctx, &version) failed: invalid device context
[1784040169.298862] [h200x8-01:189551:0]      cuda_iface.h:85   UCX  ERROR cuCtxGetApiVersion(ctx, &version) failed: invalid device context
[1784040169.298863] [h200x8-01:189551:0]      cuda_iface.h:85   UCX  ERROR cuCtxGetApiVersion(ctx, &version) failed: invalid device context
[1784040169.298865] [h200x8-01:189551:0]      cuda_iface.h:85   UCX  ERROR cuCtxGetApiVersion(ctx, &version) failed: invalid device context
[1784040169.298867] [h200x8-01:189551:0]      cuda_iface.h:85   UCX  ERROR cuCtxGetApiVersion(ctx, &version) failed: invalid device context
[1784040169.298869] [h200x8-01:189551:0]      cuda_iface.h:85   UCX  ERROR cuCtxGetApiVersion(ctx, &version) failed: invalid device context
[1784040169.298872] [h200x8-01:189551:0]      cuda_iface.h:85   UCX  ERROR cuCtxGetApiVersion(ctx, &version) failed: invalid device context
[1784040169.298874] [h200x8-01:189551:0]      cuda_iface.h:85   UCX  ERROR cuCtxGetApiVersion(ctx, &version) failed: invalid device context
[1784040169.298875] [h200x8-01:189551:0]      cuda_iface.h:85   UCX  ERROR cuCtxGetApiVersion(ctx, &version) failed: invalid device context
[1784040169.298878] [h200x8-01:189551:0]      cuda_iface.h:85   UCX  ERROR cuCtxGetApiVersion(ctx, &version) failed: invalid device context
[1784040169.298880] [h200x8-01:189551:0]      cuda_iface.h:85   UCX  ERROR cuCtxGetApiVersion(ctx, &version) failed: invalid device context
[1784040169.298882] [h200x8-01:189551:0]      cuda_iface.h:85   UCX  ERROR cuCtxGetApiVersion(ctx, &version) failed: invalid device context
[1784040169.298884] [h200x8-01:189551:0]      cuda_iface.h:85   UCX  ERROR cuCtxGetApiVersion(ctx, &version) failed: invalid device context
[1784040169.298886] [h200x8-01:189551:0]      cuda_iface.h:85   UCX  ERROR cuCtxGetApiVersion(ctx, &version) failed: invalid device context
[1784040169.298887] [h200x8-01:189551:0]      cuda_iface.h:85   UCX  ERROR cuCtxGetApiVersion(ctx, &version) failed: invalid device context
[1784040169.298889] [h200x8-01:1895[1784040169.298784] [h200x8-01:189542:0]      cuda_iface.h:85   UCX  ERROR cuCtxGetApiVersion(ctx, &version) failed: invalid device context
[1784040169.298803] [h200x8-01:189542:0]      cuda_iface.h:85   UCX  ERROR cuCtxGetApiVersion(ctx, &version) failed: invalid device context
[1784040169.298805] [h200x8-01:189542:0]      cuda_iface.h:85   UCX  ERROR cuCtxGetApiVersion(ctx, &version) failed: invalid device context
[1784040169.298807] [h200x8-01:189542:0]      cuda_iface.h:85   UCX  ERROR cuCtxGetApiVersion(ctx, &version) failed: invalid device context
[1784040169.298809] [h200x8-01:189542:0]      cuda_iface.h:85   UCX  ERROR cuCtxGetApiVersion(ctx, &version) failed: invalid device context
[1784040169.298811] [h200x8-01:189542:0]      cuda_iface.h:85   UCX  ERROR cuCtxGetApiVersion(ctx, &version) failed: invalid device context
[1784040169.298813] [h200x8-01:189542:0]      cuda_iface.h:85   UCX  ERROR cuCtxGetApiVersion(ctx, &version) failed: invalid device context
[1784040169.298815] [h200x8-01:189542:0]      cuda_iface.h:85   UCX  ERROR cuCtxGetApiVersion(ctx, &version) failed: invalid device context
[1784040169.298818] [h200x8-01:189542:0]      cuda_iface.h:85   UCX  ERROR cuCtxGetApiVersion(ctx, &version) failed: invalid device context
[1784040169.298821] [h200x8-01:189542:0]      cuda_iface.h:85   UCX  ERROR cuCtxGetApiVersion(ctx, &version) failed: invalid device context
[1784040169.298823] [h200x8-01:189542:0]      cuda_iface.h:85   UCX  ERROR cuCtxGetApiVersion(ctx, &version) failed: invalid device context
[1784040169.298825] [h200x8-01:189542:0]      cuda_iface.h:85   UCX  ERROR cuCtxGetApiVersion(ctx, &version) failed: invalid device context
[1784040169.298827] [h200x8-01:189542:0]      cuda_iface.h:85   UCX  ERROR cuCtxGetApiVersion(ctx, &version) failed: invalid device context
[1784040169.298829] [h200x8-01:189542:0]      cuda_iface.h:85   UCX  ERROR cuCtxGetApiVersion(ctx, &version) failed: invalid device context
[1784040169.298831] [h200x8-01:189542:0]      cuda_iface.h:85   UCX  ERROR cuCtxGetApiVersion(ctx, &version) failed: invalid device context
[1784040169.298832] [h200x8-01:189542:0]      cuda_iface.h:85   UCX  ERROR cuCtxGetApiVersion(ctx, &version) failed: invalid device context
[1784040169.298834] [h200x8-01:189542:0]      cuda_iface.h:85   UCX  ERROR cuCtxGetApiVersion(ctx, &version) failed: invalid device context
[1784040169.298836] [h200x8-01:189542:0]      cuda_iface.h:85   UCX  ERROR cuCtxGetApiVersion(ctx, &version) failed: invalid device context
[1784040169.298838] [h200x8-01:189542:0]      cuda_iface.h:85   UCX  ERROR cuCtxGetApiVersion(ctx, &version) failed: invalid device context
[1784040169.298840] [h200x8-01:189542:0]      cuda_iface.h:85   UCX  ERROR cuCtxGetApiVersion(ctx, &version) failed: invalid device context
[1784040169.298842] [h200x8-01:189542:0]      cuda_iface.h:85   UCX  ERROR cuCtxGetApiVersion(ctx, &version) failed: invalid device context
[1784040169.298843] [h200x8-01:189542:0]      cuda_iface.h:85   UCX  ERROR cuCtxGetApiVersion(ctx, &version) failed: invalid device context
[1784040169.298844] [h200x8-01:189542:0]      cuda_iface.h:85   UCX  ERROR cuCtxGetApiVersion(ctx, &version) failed: invalid device context
[1784040169.298846] [h200x8-01:189542:0]      cuda_iface.h:85   UCX  ERROR cuCtxGetApiVersion(ctx, &version) failed: invalid device context
[1784040169.298848] [h200x8-01:189542:0]      cuda_iface.h:85   UCX  ERROR cuCtxGetApiVersion(ctx, &version) failed: invalid device context
[1784040169.298850] [h200x8-01:189542:0]      cuda_iface.h:85   UCX  ERROR cuCtxGetApiVersion(ctx, &version) failed: invalid device context
[1784040169.298853] [h200x8-01:189542:0]      cuda_iface.h:85   UCX  ERROR cuCtxGetApiVersion(ctx, &version) failed: invalid device context
[1784040169.298855] [h200x8-01:189542:0]      cuda_iface.h:85   UCX  ERROR cuCtxGetApiVersion(ctx, &version) failed: invalid device context
[1784040169.298856] [h200x8-01:189542:0]      cuda_iface.h:85   UCX  ERROR cuCtxGetApiVersion(ctx, &version) failed: invalid device context
[1784040169.298859] [h200x8-01:1895[1784040169.298841] [h200x8-01:189539:0]      cuda_iface.h:85   UCX  ERROR cuCtxGetApiVersion(ctx, &version) failed: invalid device context
[1784040169.298856] [h200x8-01:189539:0]      cuda_iface.h:85   UCX  ERROR cuCtxGetApiVersion(ctx, &version) failed: invalid device context
[1784040169.298859] [h200x8-01:189539:0]      cuda_iface.h:85   UCX  ERROR cuCtxGetApiVersion(ctx, &version) failed: invalid device context
[1784040169.298861] [h200x8-01:189539:0]      cuda_iface.h:85   UCX  ERROR cuCtxGetApiVersion(ctx, &version) failed: invalid device context
[1784040169.298864] [h200x8-01:189539:0]      cuda_iface.h:85   UCX  ERROR cuCtxGetApiVersion(ctx, &version) failed: invalid device context
[1784040169.298866] [h200x8-01:189539:0]      cuda_iface.h:85   UCX  ERROR cuCtxGetApiVersion(ctx, &version) failed: invalid device context
[1784040169.298867] [h200x8-01:189539:0]      cuda_iface.h:85   UCX  ERROR cuCtxGetApiVersion(ctx, &version) failed: invalid device context
[1784040169.298869] [h200x8-01:189539:0]      cuda_iface.h:85   UCX  ERROR cuCtxGetApiVersion(ctx, &version) failed: invalid device context
[1784040169.298872] [h200x8-01:189539:0]      cuda_iface.h:85   UCX  ERROR cuCtxGetApiVersion(ctx, &version) failed: invalid device context
[1784040169.298874] [h200x8-01:189539:0]      cuda_iface.h:85   UCX  ERROR cuCtxGetApiVersion(ctx, &version) failed: invalid device context
[1784040169.298875] [h200x8-01:189539:0]      cuda_iface.h:85   UCX  ERROR cuCtxGetApiVersion(ctx, &version) failed: invalid device context
[1784040169.298877] [h200x8-01:189539:0]      cuda_iface.h:85   UCX  ERROR cuCtxGetApiVersion(ctx, &version) failed: invalid device context
[1784040169.298880] [h200x8-01:189539:0]      cuda_iface.h:85   UCX  ERROR cuCtxGetApiVersion(ctx, &version) failed: invalid device context
[1784040169.298882] [h200x8-01:189539:0]      cuda_iface.h:85   UCX  ERROR cuCtxGetApiVersion(ctx, &version) failed: invalid device context
[1784040169.298884] [h200x8-01:189539:0]      cuda_iface.h:85   UCX  ERROR cuCtxGetApiVersion(ctx, &version) failed: invalid device context
[1784040169.298886] [h200x8-01:189539:0]      cuda_iface.h:85   UCX  ERROR cuCtxGetApiVersion(ctx, &version) failed: invalid device context
[1784040169.298888] [h200x8-01:189539:0]      cuda_iface.h:85   UCX  ERROR cuCtxGetApiVersion(ctx, &version) failed: invalid device context
[1784040169.298889] [h200x8-01:189539:0]      cuda_iface.h:85   UCX  ERROR cuCtxGetApiVersion(ctx, &version) failed: invalid device context
[1784040169.298891] [h200x8-01:189539:0]      cuda_iface.h:85   UCX  ERROR cuCtxGetApiVersion(ctx, &version) failed: invalid device context
[1784040169.298894] [h200x8-01:189539:0]      cuda_iface.h:85   UCX  ERROR cuCtxGetApiVersion(ctx, &version) failed: invalid device context
[1784040169.298895] [h200x8-01:189539:0]      cuda_iface.h:85   UCX  ERROR cuCtxGetApiVersion(ctx, &version) failed: invalid device context
[1784040169.298897] [h200x8-01:189539:0]      cuda_iface.h:85   UCX  ERROR cuCtxGetApiVersion(ctx, &version) failed: invalid device context
[1784040169.298898] [h200x8-01:189539:0]      cuda_iface.h:85   UCX  ERROR cuCtxGetApiVersion(ctx, &version) failed: invalid device context
[1784040169.298900] [h200x8-01:189539:0]      cuda_iface.h:85   UCX  ERROR cuCtxGetApiVersion(ctx, &version) failed: invalid device context
[1784040169.298902] [h200x8-01:189539:0]      cuda_iface.h:85   UCX  ERROR cuCtxGetApiVersion(ctx, &version) failed: invalid device context
[1784040169.298904] [h200x8-01:189539:0]      cuda_iface.h:85   UCX  ERROR cuCtxGetApiVersion(ctx, &version) failed: invalid device context
[1784040169.298906] [h200x8-01:189539:0]      cuda_iface.h:85   UCX  ERROR cuCtxGetApiVersion(ctx, &version) failed: invalid device context
[1784040169.298908] [h200x8-01:189539:0]      cuda_iface.h:85   UCX  ERROR cuCtxGetApiVersion(ctx, &version) failed: invalid device context
[1784040169.298909] [h200x8-01:189539:0]      cuda_iface.h:85   UCX  ERROR cuCtxGetApiVersion(ctx, &version) failed: invalid device context
[1784040169.298911] [h200x8-01:189542:0]      cuda_iface.h:85   UCX  ERROR cuCtxGetApiVersion(ctx, &version) failed: invalid device context
[1784040169.298860] [h200x8-01:189542:0]      cuda_iface.h:85   UCX  ERROR cuCtxGetApiVersion(ctx, &version) failed: invalid device context
[1784040169.298862] [h200x8-01:189542:0]      cuda_iface.h:85   UCX  ERROR cuCtxGetApiVersion(ctx, &version) failed: invalid device context
[1784040169.298863] [h200x8-01:189542:0]      cuda_iface.h:85   UCX  ERROR cuCtxGetApiVersion(ctx, &version) failed: invalid device context
[1784040169.298866] [h200x8-01:189542:0]      cuda_iface.h:85   UCX  ERROR cuCtxGetApiVersion(ctx, &version) failed: invalid device context
[1784040169.298868] [h200x8-01:189542:0]      cuda_iface.h:85   UCX  ERROR cuCtxGetApiVersion(ctx, &version) failed: invalid device context
[1784040169.298869] [h200x8-01:189542:0]      cuda_iface.h:85   UCX  ERROR cuCtxGetApiVersion(ctx, &version) failed: invalid device context
[1784040169.298871] [h200x8-01:189542:0]      cuda_iface.h:85   UCX  ERROR cuCtxGetApiVersion(ctx, &version) failed: invalid device context
[1784040169.298874] [h200x8-01:189542:0]      cuda_iface.h:85   UCX  ERROR cuCtxGetApiVersion(ctx, &version) failed: invalid device context
[1784040169.298875] [h200x8-01:189542:0]      cuda_iface.h:85   UCX  ERROR cuCtxGetApiVersion(ctx, &version) failed: invalid device context
[1784040169.298876] [h200x8-01:189542:0]      cuda_iface.h:85   UCX  ERROR cuCtxGetApiVersion(ctx, &version) failed: invalid device context
[1784040169.298879] [h200x8-01:189542:0]      cuda_iface.h:85   UCX  ERROR cuCtxGetApiVersion(ctx, &version) failed: invalid device context
[1784040169.298881] [h200x8-01:189542:0]      cuda_iface.h:85   UCX  ERROR cuCtxGetApiVersion(ctx, &version) failed: invalid device context
[1784040169.298882] [h200x8-01:189542:0]      cuda_iface.h:85   UCX  ERROR cuCtxGetApiVersion(ctx, &version) failed: invalid device context
[1784040169.298884] [h200x8-01:189542:0]      cuda_iface.h:85   UCX  ERROR cuCtxGetApiVersion(ctx, &version) failed: invalid device context
[1784040169.298885] [h200x8-01:189542:0]      cuda_iface.h:85   UCX  ERROR cuCtxGetApiVersion(ctx, &version) failed: invalid device context
[1784040169.298887] [h200x8-01:189542:0]      cuda_iface.h:85   UCX  ERROR cuCtxGetApiVersion(ctx, &version) failed: invalid device context
[1784040169.298889] [h200x8-01:189542:0]      cuda_iface.h:85   UCX  ERROR cuCtxGetApiVersion(ctx, &version) failed: invalid device context
[1784040169.298890] [h200x8-01:189542:0]      cuda_iface.h:85   UCX  ERROR cuCtxGetApiVersion(ctx, &version) failed: invalid device context
[1784040169.298892] [h200x8-01:189542:0]      cuda_iface.h:85   UCX  ERROR cuCtxGetApiVersion(ctx, &version) failed: invalid device context
[1784040169.298893] [h200x8-01:189542:0]      cuda_iface.h:85   UCX  ERROR cuCtxGetApiVersion(ctx, &version) failed: invalid device context
[1784040169.298895] [h200x8-01:189542:0]      cuda_iface.h:85   UCX  ERROR cuCtxGetApiVersion(ctx, &version) failed: invalid device context
[1784040169.298897] [h200x8-01:189542:0]      cuda_iface.h:85   UCX  ERROR cuCtxGetApiVersion(ctx, &version) failed: invalid device context
[1784040169.298898] [h200x8-01:189542:0]      cuda_iface.h:85   UCX  ERROR cuCtxGetApiVersion(ctx, &version) failed: invalid device context
[1784040169.298900] [h200x8-01:189542:0]      cuda_iface.h:85   UCX  ERROR cuCtxGetApiVersion(ctx, &version) failed: invalid device context
[1784040169.298902] [h200x8-01:189542:0]      cuda_iface.h:85   UCX  ERROR cuCtxGetApiVersion(ctx, &version) failed: invalid device context
[1784040169.298904] [h200x8-01:189542:0]      cuda_iface.h:85   UCX  ERROR cuCtxGetApiVersion(ctx, &version) failed: invalid device context
[1784040169.298906] [h200x8-01:189542:0]      cuda_iface.h:85   UCX  ERROR cuCtxGetApiVersion(ctx, &version) failed: invalid device context
[1784040169.298910] [h200x8-01:189542:0]      cuda_iface.h:85   UCX  ERROR cuCtxGetApiVersion(ctx, &version) failed: invalid device context
[1784040169.298911] [h200x8-01:189542:0]      cuda_iface.h:85   UCX  ER5:0]      cuda_iface.h:85   UCX  ERROR cuCtxGetApiVersion(ctx, &version) failed: invalid device context
[1784040169.298918] [h200x8-01:189545:0]      cuda_iface.h:85   UCX  ERROR cuCtxGetApiVersion(ctx, &version) failed: invalid device context
[1784040169.298919] [h200x8-01:189545:0]      cuda_iface.h:85   UCX  ERROR cuCtxGetApiVersion(ctx, &version) failed: invalid device context
[1784040169.298923] [h200x8-01:189545:0]      cuda_iface.h:85   UCX  ERROR cuCtxGetApiVersion(ctx, &version) failed: invalid device context
[1784040169.298924] [h200x8-01:189545:0]      cuda_iface.h:85   UCX  ERROR cuCtxGetApiVersion(ctx, &version) failed: invalid device context
[1784040169.298926] [h200x8-01:189545:0]      cuda_iface.h:85   UCX  ERROR cuCtxGetApiVersion(ctx, &version) failed: invalid device context
[1784040169.298927] [h200x8-01:189545:0]      cuda_iface.h:85   UCX  ERROR cuCtxGetApiVersion(ctx, &version) failed: invalid device context
[1784040169.298931] [h200x8-01:189545:0]      cuda_iface.h:85   UCX  ERROR cuCtxGetApiVersion(ctx, &version) failed: invalid device context
[1784040169.298932] [h200x8-01:189545:0]      cuda_iface.h:85   UCX  ERROR cuCtxGetApiVersion(ctx, &version) failed: invalid device context
[1784040169.298934] [h200x8-01:189545:0]      cuda_iface.h:85   UCX  ERROR cuCtxGetApiVersion(ctx, &version) failed: invalid device context
[1784040169.298938] [h200x8-01:189545:0]      cuda_iface.h:85   UCX  ERROR cuCtxGetApiVersion(ctx, &version) failed: invalid device context
[1784040169.298939] [h200x8-01:189545:0]      cuda_iface.h:85   UCX  ERROR cuCtxGetApiVersion(ctx, &version) failed: invalid device context
[1784040169.298943] [h200x8-01:189545:0]      cuda_iface.h:85   UCX  ERROR cuCtxGetApiVersion(ctx, &version) failed: invalid device context
[1784040169.298945] [h200x8-01:189545:0]      cuda_iface.h:85   UCX  ERROR cuCtxGetApiVersion(ctx, &version) failed: invalid device context
[1784040169.298946] [h200x8-01:189545:0]      cuda_iface.h:85   UCX  ERROR cuCtxGetApiVersion(ctx, &version) failed: invalid device context
[1784040169.298950] [h200x8-01:189545:0]      cuda_iface.h:85   UCX  ERROR cuCtxGetApiVersion(ctx, &version) failed: invalid device context
[1784040169.298952] [h200x8-01:189545:0]      cuda_iface.h:85   UCX  ERROR cuCtxGetApiVersion(ctx, &version) failed: invalid device context
[1784040169.298954] [h200x8-01:189545:0]      cuda_iface.h:85   UCX  ERROR cuCtxGetApiVersion(ctx, &version) failed: invalid device context
[1784040169.298958] [h200x8-01:189545:0]      cuda_iface.h:85   UCX  ERROR cuCtxGetApiVersion(ctx, &version) failed: invalid device context
[1784040169.298959] [h200x8-01:189545:0]      cuda_iface.h:85   UCX  ERROR cuCtxGetApiVersion(ctx, &version) failed: invalid device context
[1784040169.298960] [h200x8-01:189545:0]      cuda_iface.h:85   UCX  ERROR cuCtxGetApiVersion(ctx, &version) failed: invalid device context
[1784040169.298964] [h200x8-01:189545:0]      cuda_iface.h:85   UCX  ERROR cuCtxGetApiVersion(ctx, &version) failed: invalid device context
[1784040169.298965] [h200x8-01:189545:0]      cuda_iface.h:85   UCX  ERROR cuCtxGetApiVersion(ctx, &version) failed: invalid device context
[1784040169.298970] [h200x8-01:189545:0]      cuda_iface.h:85   UCX  ERROR cuCtxGetApiVersion(ctx, &version) failed: invalid device context
[1784040169.298971] [h200x8-01:189545:0]      cuda_iface.h:85   UCX  ERROR cuCtxGetApiVersion(ctx, &version) failed: invalid device context
[1784040169.298972] [h200x8-01:189545:0]      cuda_iface.h:85   UCX  ERROR cuCtxGetApiVersion(ctx, &version) failed: invalid device context
[1784040169.298976] [h200x8-01:189545:0]      cuda_iface.h:85   UCX  ERROR cuCtxGetApiVersion(ctx, &version) failed: invalid device context
[1784040169.298978] [h200x8-01:189545:0]      cuda_iface.h:85   UCX  ERROR cuCtxGetApiVersion(ctx, &version) failed: invalid device context
[1784040169.298980] [h200x8-01:189545:0]      cuda_iface.h:85   UCX  ERROR cuCtxGetApiVersion(ctx, &version) failed: invalid device context
[1784040169.298983] [h200x8-01:189545:0]      cuda_iface.h:85   UCX  ER47:0]      cuda_iface.h:85   UCX  ERROR cuCtxGetApiVersion(ctx, &version) failed: invalid device context
[1784040169.298955] [h200x8-01:189547:0]      cuda_iface.h:85   UCX  ERROR cuCtxGetApiVersion(ctx, &version) failed: invalid device context
[1784040169.298957] [h200x8-01:189547:0]      cuda_iface.h:85   UCX  ERROR cuCtxGetApiVersion(ctx, &version) failed: invalid device context
[1784040169.298958] [h200x8-01:189547:0]      cuda_iface.h:85   UCX  ERROR cuCtxGetApiVersion(ctx, &version) failed: invalid device context
[1784040169.298959] [h200x8-01:189547:0]      cuda_iface.h:85   UCX  ERROR cuCtxGetApiVersion(ctx, &version) failed: invalid device context
[1784040169.298961] [h200x8-01:189547:0]      cuda_iface.h:85   UCX  ERROR cuCtxGetApiVersion(ctx, &version) failed: invalid device context
[1784040169.298962] [h200x8-01:189547:0]      cuda_iface.h:85   UCX  ERROR cuCtxGetApiVersion(ctx, &version) failed: invalid device context
[1784040169.298964] [h200x8-01:189547:0]      cuda_iface.h:85   UCX  ERROR cuCtxGetApiVersion(ctx, &version) failed: invalid device context
[1784040169.298965] [h200x8-01:189547:0]      cuda_iface.h:85   UCX  ERROR cuCtxGetApiVersion(ctx, &version) failed: invalid device context
[1784040169.298967] [h200x8-01:189547:0]      cuda_iface.h:85   UCX  ERROR cuCtxGetApiVersion(ctx, &version) failed: invalid device context
[1784040169.298968] [h200x8-01:189547:0]      cuda_iface.h:85   UCX  ERROR cuCtxGetApiVersion(ctx, &version) failed: invalid device context
[1784040169.298969] [h200x8-01:189547:0]      cuda_iface.h:85   UCX  ERROR cuCtxGetApiVersion(ctx, &version) failed: invalid device context
[1784040169.298971] [h200x8-01:189547:0]      cuda_iface.h:85   UCX  ERROR cuCtxGetApiVersion(ctx, &version) failed: invalid device context
[1784040169.298972] [h200x8-01:189547:0]      cuda_iface.h:85   UCX  ERROR cuCtxGetApiVersion(ctx, &version) failed: invalid device context
[1784040169.298974] [h200x8-01:189547:0]      cuda_iface.h:85   UCX  ERROR cuCtxGetApiVersion(ctx, &version) failed: invalid device context
[1784040169.298975] [h200x8-01:189547:0]      cuda_iface.h:85   UCX  ERROR cuCtxGetApiVersion(ctx, &version) failed: invalid device context
[1784040169.298976] [h200x8-01:189547:0]      cuda_iface.h:85   UCX  ERROR cuCtxGetApiVersion(ctx, &version) failed: invalid device context
[1784040169.298978] [h200x8-01:189547:0]      cuda_iface.h:85   UCX  ERROR cuCtxGetApiVersion(ctx, &version) failed: invalid device context
[1784040169.298979] [h200x8-01:189547:0]      cuda_iface.h:85   UCX  ERROR cuCtxGetApiVersion(ctx, &version) failed: invalid device context
[1784040169.298980] [h200x8-01:189547:0]      cuda_iface.h:85   UCX  ERROR cuCtxGetApiVersion(ctx, &version) failed: invalid device context
[1784040169.298982] [h200x8-01:189547:0]      cuda_iface.h:85   UCX  ERROR cuCtxGetApiVersion(ctx, &version) failed: invalid device context
[1784040169.298983] [h200x8-01:189547:0]      cuda_iface.h:85   UCX  ERROR cuCtxGetApiVersion(ctx, &version) failed: invalid device context
[1784040169.298984] [h200x8-01:189547:0]      cuda_iface.h:85   UCX  ERROR cuCtxGetApiVersion(ctx, &version) failed: invalid device context
[1784040169.298986] [h200x8-01:189547:0]      cuda_iface.h:85   UCX  ERROR cuCtxGetApiVersion(ctx, &version) failed: invalid device context
[1784040169.298987] [h200x8-01:189547:0]      cuda_iface.h:85   UCX  ERROR cuCtxGetApiVersion(ctx, &version) failed: invalid device context
[1784040169.298989] [h200x8-01:189547:0]      cuda_iface.h:85   UCX  ERROR cuCtxGetApiVersion(ctx, &version) failed: invalid device context
[1784040169.298991] [h200x8-01:189547:0]      cuda_iface.h:85   UCX  ERROR cuCtxGetApiVersion(ctx, &version) failed: invalid device context
[1784040169.298992] [h200x8-01:189547:0]      cuda_iface.h:85   UCX  ERROR cuCtxGetApiVersion(ctx, &version) failed: invalid device context
[1784040169.298994] [h200x8-01:189547:0]      cuda_iface.h:85   UCX  ERROR cuCtxGetApiVersion(ctx, &version) failed: invalid device context
[1784040169.298996] [h200x8-01:189547:0]      cuda_iface.h:85   UCX  E40:0]      cuda_iface.h:85   UCX  ERROR cuCtxGetApiVersion(ctx, &version) failed: invalid device context
[1784040169.298859] [h200x8-01:189540:0]      cuda_iface.h:85   UCX  ERROR cuCtxGetApiVersion(ctx, &version) failed: invalid device context
[1784040169.298861] [h200x8-01:189540:0]      cuda_iface.h:85   UCX  ERROR cuCtxGetApiVersion(ctx, &version) failed: invalid device context
[1784040169.298862] [h200x8-01:189540:0]      cuda_iface.h:85   UCX  ERROR cuCtxGetApiVersion(ctx, &version) failed: invalid device context
[1784040169.298863] [h200x8-01:189540:0]      cuda_iface.h:85   UCX  ERROR cuCtxGetApiVersion(ctx, &version) failed: invalid device context
[1784040169.298866] [h200x8-01:189540:0]      cuda_iface.h:85   UCX  ERROR cuCtxGetApiVersion(ctx, &version) failed: invalid device context
[1784040169.298868] [h200x8-01:189540:0]      cuda_iface.h:85   UCX  ERROR cuCtxGetApiVersion(ctx, &version) failed: invalid device context
[1784040169.298869] [h200x8-01:189540:0]      cuda_iface.h:85   UCX  ERROR cuCtxGetApiVersion(ctx, &version) failed: invalid device context
[1784040169.298870] [h200x8-01:189540:0]      cuda_iface.h:85   UCX  ERROR cuCtxGetApiVersion(ctx, &version) failed: invalid device context
[1784040169.298873] [h200x8-01:189540:0]      cuda_iface.h:85   UCX  ERROR cuCtxGetApiVersion(ctx, &version) failed: invalid device context
[1784040169.298875] [h200x8-01:189540:0]      cuda_iface.h:85   UCX  ERROR cuCtxGetApiVersion(ctx, &version) failed: invalid device context
[1784040169.298876] [h200x8-01:189540:0]      cuda_iface.h:85   UCX  ERROR cuCtxGetApiVersion(ctx, &version) failed: invalid device context
[1784040169.298878] [h200x8-01:189540:0]      cuda_iface.h:85   UCX  ERROR cuCtxGetApiVersion(ctx, &version) failed: invalid device context
[1784040169.298880] [h200x8-01:189540:0]      cuda_iface.h:85   UCX  ERROR cuCtxGetApiVersion(ctx, &version) failed: invalid device context
[1784040169.298882] [h200x8-01:189540:0]      cuda_iface.h:85   UCX  ERROR cuCtxGetApiVersion(ctx, &version) failed: invalid device context
[1784040169.298883] [h200x8-01:189540:0]      cuda_iface.h:85   UCX  ERROR cuCtxGetApiVersion(ctx, &version) failed: invalid device context
[1784040169.298884] [h200x8-01:189540:0]      cuda_iface.h:85   UCX  ERROR cuCtxGetApiVersion(ctx, &version) failed: invalid device context
[1784040169.298887] [h200x8-01:189540:0]      cuda_iface.h:85   UCX  ERROR cuCtxGetApiVersion(ctx, &version) failed: invalid device context
[1784040169.298888] [h200x8-01:189540:0]      cuda_iface.h:85   UCX  ERROR cuCtxGetApiVersion(ctx, &version) failed: invalid device context
[1784040169.298889] [h200x8-01:189540:0]      cuda_iface.h:85   UCX  ERROR cuCtxGetApiVersion(ctx, &version) failed: invalid device context
[1784040169.298891] [h200x8-01:189540:0]      cuda_iface.h:85   UCX  ERROR cuCtxGetApiVersion(ctx, &version) failed: invalid device context
[1784040169.298893] [h200x8-01:189540:0]      cuda_iface.h:85   UCX  ERROR cuCtxGetApiVersion(ctx, &version) failed: invalid device context
[1784040169.298895] [h200x8-01:189540:0]      cuda_iface.h:85   UCX  ERROR cuCtxGetApiVersion(ctx, &version) failed: invalid device context
[1784040169.298896] [h200x8-01:189540:0]      cuda_iface.h:85   UCX  ERROR cuCtxGetApiVersion(ctx, &version) failed: invalid device context
[1784040169.298898] [h200x8-01:189540:0]      cuda_iface.h:85   UCX  ERROR cuCtxGetApiVersion(ctx, &version) failed: invalid device context
[1784040169.298900] [h200x8-01:189540:0]      cuda_iface.h:85   UCX  ERROR cuCtxGetApiVersion(ctx, &version) failed: invalid device context
[1784040169.298901] [h200x8-01:189540:0]      cuda_iface.h:85   UCX  ERROR cuCtxGetApiVersion(ctx, &version) failed: invalid device context
[1784040169.298903] [h200x8-01:189540:0]      cuda_iface.h:85   UCX  ERROR cuCtxGetApiVersion(ctx, &version) failed: invalid device context
[1784040169.298906] [h200x8-01:189540:0]      cuda_iface.h:85   UCX  ERROR cuCtxGetApiVersion(ctx, &version) failed: invalid device context
[1784040169.298907] [h200x8-01:189540:0]      cuda_iface.h:85   UCX  E6:0]      cuda_iface.h:85   UCX  ERROR cuCtxGetApiVersion(ctx, &version) failed: invalid device context
[1784040169.298952] [h200x8-01:189546:0]      cuda_iface.h:85   UCX  ERROR cuCtxGetApiVersion(ctx, &version) failed: invalid device context
[1784040169.298954] [h200x8-01:189546:0]      cuda_iface.h:85   UCX  ERROR cuCtxGetApiVersion(ctx, &version) failed: invalid device context
[1784040169.298956] [h200x8-01:189546:0]      cuda_iface.h:85   UCX  ERROR cuCtxGetApiVersion(ctx, &version) failed: invalid device context
[1784040169.298960] [h200x8-01:189546:0]      cuda_iface.h:85   UCX  ERROR cuCtxGetApiVersion(ctx, &version) failed: invalid device context
[1784040169.298962] [h200x8-01:189546:0]      cuda_iface.h:85   UCX  ERROR cuCtxGetApiVersion(ctx, &version) failed: invalid device context
[1784040169.298965] [h200x8-01:189546:0]      cuda_iface.h:85   UCX  ERROR cuCtxGetApiVersion(ctx, &version) failed: invalid device context
[1784040169.298967] [h200x8-01:189546:0]      cuda_iface.h:85   UCX  ERROR cuCtxGetApiVersion(ctx, &version) failed: invalid device context
[1784040169.298969] [h200x8-01:189546:0]      cuda_iface.h:85   UCX  ERROR cuCtxGetApiVersion(ctx, &version) failed: invalid device context
[1784040169.298973] [h200x8-01:189546:0]      cuda_iface.h:85   UCX  ERROR cuCtxGetApiVersion(ctx, &version) failed: invalid device context
[1784040169.298975] [h200x8-01:189546:0]      cuda_iface.h:85   UCX  ERROR cuCtxGetApiVersion(ctx, &version) failed: invalid device context
[1784040169.298979] [h200x8-01:189546:0]      cuda_iface.h:85   UCX  ERROR cuCtxGetApiVersion(ctx, &version) failed: invalid device context
[1784040169.298980] [h200x8-01:189546:0]      cuda_iface.h:85   UCX  ERROR cuCtxGetApiVersion(ctx, &version) failed: invalid device context
[1784040169.298982] [h200x8-01:189546:0]      cuda_iface.h:85   UCX  ERROR cuCtxGetApiVersion(ctx, &version) failed: invalid device context
[1784040169.298986] [h200x8-01:189546:0]      cuda_iface.h:85   UCX  ERROR cuCtxGetApiVersion(ctx, &version) failed: invalid device context
[1784040169.298987] [h200x8-01:189546:0]      cuda_iface.h:85   UCX  ERROR cuCtxGetApiVersion(ctx, &version) failed: invalid device context
[1784040169.298989] [h200x8-01:189546:0]      cuda_iface.h:85   UCX  ERROR cuCtxGetApiVersion(ctx, &version) failed: invalid device context
[1784040169.298992] [h200x8-01:189546:0]      cuda_iface.h:85   UCX  ERROR cuCtxGetApiVersion(ctx, &version) failed: invalid device context
[1784040169.298994] [h200x8-01:189546:0]      cuda_iface.h:85   UCX  ERROR cuCtxGetApiVersion(ctx, &version) failed: invalid device context
[1784040169.298995] [h200x8-01:189546:0]      cuda_iface.h:85   UCX  ERROR cuCtxGetApiVersion(ctx, &version) failed: invalid device context
[1784040169.298999] [h200x8-01:189546:0]      cuda_iface.h:85   UCX  ERROR cuCtxGetApiVersion(ctx, &version) failed: invalid device context
[1784040169.299000] [h200x8-01:189546:0]      cuda_iface.h:85   UCX  ERROR cuCtxGetApiVersion(ctx, &version) failed: invalid device context
[1784040169.299005] [h200x8-01:189546:0]      cuda_iface.h:85   UCX  ERROR cuCtxGetApiVersion(ctx, &version) failed: invalid device context
[1784040169.299007] [h200x8-01:189546:0]      cuda_iface.h:85   UCX  ERROR cuCtxGetApiVersion(ctx, &version) failed: invalid device context
[1784040169.299008] [h200x8-01:189546:0]      cuda_iface.h:85   UCX  ERROR cuCtxGetApiVersion(ctx, &version) failed: invalid device context
[1784040169.299013] [h200x8-01:189546:0]      cuda_iface.h:85   UCX  ERROR cuCtxGetApiVersion(ctx, &version) failed: invalid device context
[1784040169.299015] [h200x8-01:189546:0]      cuda_iface.h:85   UCX  ERROR cuCtxGetApiVersion(ctx, &version) failed: invalid device context
[1784040169.299019] [h200x8-01:189546:0]      cuda_iface.h:85   UCX  ERROR cuCtxGetApiVersion(ctx, &version) failed: invalid device context
[1784040169.299021] [h200x8-01:189546:0]      cuda_iface.h:85   UCX  ERROR cuCtxGetApiVersion(ctx, &version) failed: invalid device context
[1784040169.299025] [h200x8-01:189546:0]      cuda_iface.h:85   UCX  ER41:0]      cuda_iface.h:85   UCX  ERROR cuCtxGetApiVersion(ctx, &version) failed: invalid device context
[1784040169.298722] [h200x8-01:189541:0]      cuda_iface.h:85   UCX  ERROR cuCtxGetApiVersion(ctx, &version) failed: invalid device context
[1784040169.298723] [h200x8-01:189541:0]      cuda_iface.h:85   UCX  ERROR cuCtxGetApiVersion(ctx, &version) failed: invalid device context
[1784040169.298725] [h200x8-01:189541:0]      cuda_iface.h:85   UCX  ERROR cuCtxGetApiVersion(ctx, &version) failed: invalid device context
[1784040169.298726] [h200x8-01:189541:0]      cuda_iface.h:85   UCX  ERROR cuCtxGetApiVersion(ctx, &version) failed: invalid device context
[1784040169.298728] [h200x8-01:189541:0]      cuda_iface.h:85   UCX  ERROR cuCtxGetApiVersion(ctx, &version) failed: invalid device context
[1784040169.298729] [h200x8-01:189541:0]      cuda_iface.h:85   UCX  ERROR cuCtxGetApiVersion(ctx, &version) failed: invalid device context
[1784040169.298730] [h200x8-01:189541:0]      cuda_iface.h:85   UCX  ERROR cuCtxGetApiVersion(ctx, &version) failed: invalid device context
[1784040169.298732] [h200x8-01:189541:0]      cuda_iface.h:85   UCX  ERROR cuCtxGetApiVersion(ctx, &version) failed: invalid device context
[1784040169.298733] [h200x8-01:189541:0]      cuda_iface.h:85   UCX  ERROR cuCtxGetApiVersion(ctx, &version) failed: invalid device context
[1784040169.298734] [h200x8-01:189541:0]      cuda_iface.h:85   UCX  ERROR cuCtxGetApiVersion(ctx, &version) failed: invalid device context
[1784040169.298736] [h200x8-01:189541:0]      cuda_iface.h:85   UCX  ERROR cuCtxGetApiVersion(ctx, &version) failed: invalid device context
[1784040169.298737] [h200x8-01:189541:0]      cuda_iface.h:85   UCX  ERROR cuCtxGetApiVersion(ctx, &version) failed: invalid device context
[1784040169.298739] [h200x8-01:189541:0]      cuda_iface.h:85   UCX  ERROR cuCtxGetApiVersion(ctx, &version) failed: invalid device context
[1784040169.298740] [h200x8-01:189541:0]      cuda_iface.h:85   UCX  ERROR cuCtxGetApiVersion(ctx, &version) failed: invalid device context
[1784040169.298741] [h200x8-01:189541:0]      cuda_iface.h:85   UCX  ERROR cuCtxGetApiVersion(ctx, &version) failed: invalid device context
[1784040169.298743] [h200x8-01:189541:0]      cuda_iface.h:85   UCX  ERROR cuCtxGetApiVersion(ctx, &version) failed: invalid device context
[1784040169.298744] [h200x8-01:189541:0]      cuda_iface.h:85   UCX  ERROR cuCtxGetApiVersion(ctx, &version) failed: invalid device context
[1784040169.298745] [h200x8-01:189541:0]      cuda_iface.h:85   UCX  ERROR cuCtxGetApiVersion(ctx, &version) failed: invalid device context
[1784040169.298747] [h200x8-01:189541:0]      cuda_iface.h:85   UCX  ERROR cuCtxGetApiVersion(ctx, &version) failed: invalid device context
[1784040169.298748] [h200x8-01:189541:0]      cuda_iface.h:85   UCX  ERROR cuCtxGetApiVersion(ctx, &version) failed: invalid device context
[1784040169.298750] [h200x8-01:189541:0]      cuda_iface.h:85   UCX  ERROR cuCtxGetApiVersion(ctx, &version) failed: invalid device context
[1784040169.298751] [h200x8-01:189541:0]      cuda_iface.h:85   UCX  ERROR cuCtxGetApiVersion(ctx, &version) failed: invalid device context
[1784040169.298752] [h200x8-01:189541:0]      cuda_iface.h:85   UCX  ERROR cuCtxGetApiVersion(ctx, &version) failed: invalid device context
[1784040169.298754] [h200x8-01:189541:0]      cuda_iface.h:85   UCX  ERROR cuCtxGetApiVersion(ctx, &version) failed: invalid device context
[1784040169.298755] [h200x8-01:189541:0]      cuda_iface.h:85   UCX  ERROR cuCtxGetApiVersion(ctx, &version) failed: invalid device context
[1784040169.298756] [h200x8-01:189541:0]      cuda_iface.h:85   UCX  ERROR cuCtxGetApiVersion(ctx, &version) failed: invalid device context
[1784040169.298758] [h200x8-01:189541:0]      cuda_iface.h:85   UCX  ERROR cuCtxGetApiVersion(ctx, &version) failed: invalid device context
[1784040169.298760] [h200x8-01:189541:0]      cuda_iface.h:85   UCX  ERROR cuCtxGetApiVersion(ctx, &version) failed: invalid device context
[1784040169.298761] [h200x8-01:189541:0]      cuda_iface.h:85   UCX  E51:0]      cuda_iface.h:85   UCX  ERROR cuCtxGetApiVersion(ctx, &version) failed: invalid device context
[1784040169.298891] [h200x8-01:189551:0]      cuda_iface.h:85   UCX  ERROR cuCtxGetApiVersion(ctx, &version) failed: invalid device context
[1784040169.298893] [h200x8-01:189551:0]      cuda_iface.h:85   UCX  ERROR cuCtxGetApiVersion(ctx, &version) failed: invalid device context
[1784040169.298894] [h200x8-01:189551:0]      cuda_iface.h:85   UCX  ERROR cuCtxGetApiVersion(ctx, &version) failed: invalid device context
[1784040169.298896] [h200x8-01:189551:0]      cuda_iface.h:85   UCX  ERROR cuCtxGetApiVersion(ctx, &version) failed: invalid device context
[1784040169.298898] [h200x8-01:189551:0]      cuda_iface.h:85   UCX  ERROR cuCtxGetApiVersion(ctx, &version) failed: invalid device context
[1784040169.298899] [h200x8-01:189551:0]      cuda_iface.h:85   UCX  ERROR cuCtxGetApiVersion(ctx, &version) failed: invalid device context
[1784040169.298903] [h200x8-01:189551:0]      cuda_iface.h:85   UCX  ERROR cuCtxGetApiVersion(ctx, &version) failed: invalid device context
[1784040169.298905] [h200x8-01:189551:0]      cuda_iface.h:85   UCX  ERROR cuCtxGetApiVersion(ctx, &version) failed: invalid device context
[1784040169.298906] [h200x8-01:189551:0]      cuda_iface.h:85   UCX  ERROR cuCtxGetApiVersion(ctx, &version) failed: invalid device context
[1784040169.298908] [h200x8-01:189551:0]      cuda_iface.h:85   UCX  ERROR cuCtxGetApiVersion(ctx, &version) failed: invalid device context
[1784040169.298910] [h200x8-01:189551:0]      cuda_iface.h:85   UCX  ERROR cuCtxGetApiVersion(ctx, &version) failed: invalid device context
[1784040169.298911] [h200x8-01:189551:0]      cuda_iface.h:85   UCX  ERROR cuCtxGetApiVersion(ctx, &version) failed: invalid device context
[1784040169.298912] [h200x8-01:189551:0]      cuda_iface.h:85   UCX  ERROR cuCtxGetApiVersion(ctx, &version) failed: invalid device context
[1784040169.298915] [h200x8-01:189551:0]      cuda_iface.h:85   UCX  ERROR cuCtxGetApiVersion(ctx, &version) failed: invalid device context
[1784040169.298916] [h200x8-01:189551:0]      cuda_iface.h:85   UCX  ERROR cuCtxGetApiVersion(ctx, &version) failed: invalid device context
[1784040169.298917] [h200x8-01:189551:0]      cuda_iface.h:85   UCX  ERROR cuCtxGetApiVersion(ctx, &version) failed: invalid device context
[1784040169.298919] [h200x8-01:189551:0]      cuda_iface.h:85   UCX  ERROR cuCtxGetApiVersion(ctx, &version) failed: invalid device context
[1784040169.298920] [h200x8-01:189551:0]      cuda_iface.h:85   UCX  ERROR cuCtxGetApiVersion(ctx, &version) failed: invalid device context
[1784040169.298924] [h200x8-01:189551:0]      cuda_iface.h:85   UCX  ERROR cuCtxGetApiVersion(ctx, &version) failed: invalid device context
[1784040169.298925] [h200x8-01:189551:0]      cuda_iface.h:85   UCX  ERROR cuCtxGetApiVersion(ctx, &version) failed: invalid device context
[1784040169.298927] [h200x8-01:189551:0]      cuda_iface.h:85   UCX  ERROR cuCtxGetApiVersion(ctx, &version) failed: invalid device context
[1784040169.298928] [h200x8-01:189551:0]      cuda_iface.h:85   UCX  ERROR cuCtxGetApiVersion(ctx, &version) failed: invalid device context
[1784040169.298933] [h200x8-01:189551:0]      cuda_iface.h:85   UCX  ERROR cuCtxGetApiVersion(ctx, &version) failed: invalid device context
[1784040169.298934] [h200x8-01:189551:0]      cuda_iface.h:85   UCX  ERROR cuCtxGetApiVersion(ctx, &version) failed: invalid device context
[1784040169.298938] [h200x8-01:189551:0]      cuda_iface.h:85   UCX  ERROR cuCtxGetApiVersion(ctx, &version) failed: invalid device context
[1784040169.298940] [h200x8-01:189551:0]      cuda_iface.h:85   UCX  ERROR cuCtxGetApiVersion(ctx, &version) failed: invalid device context
[1784040169.298944] [h200x8-01:189551:0]      cuda_iface.h:85   UCX  ERROR cuCtxGetApiVersion(ctx, &version) failed: invalid device context
[1784040169.298946] [h200x8-01:189551:0]      cuda_iface.h:85   UCX  ERROR cuCtxGetApiVersion(ctx, &version) failed: invalid device context
[1784040169.298947] [h200x8-01:189551:0]      cuda_iface.h:85   UCX  E39:0]      cuda_iface.h:85   UCX  ERROR cuCtxGetApiVersion(ctx, &version) failed: invalid device context
[1784040169.298913] [h200x8-01:189539:0]      cuda_iface.h:85   UCX  ERROR cuCtxGetApiVersion(ctx, &version) failed: invalid device context
[1784040169.298914] [h200x8-01:189539:0]      cuda_iface.h:85   UCX  ERROR cuCtxGetApiVersion(ctx, &version) failed: invalid device context
[1784040169.298916] [h200x8-01:189539:0]      cuda_iface.h:85   UCX  ERROR cuCtxGetApiVersion(ctx, &version) failed: invalid device context
[1784040169.298920] [h200x8-01:189539:0]      cuda_iface.h:85   UCX  ERROR cuCtxGetApiVersion(ctx, &version) failed: invalid device context
[1784040169.298922] [h200x8-01:189539:0]      cuda_iface.h:85   UCX  ERROR cuCtxGetApiVersion(ctx, &version) failed: invalid device context
[1784040169.298923] [h200x8-01:189539:0]      cuda_iface.h:85   UCX  ERROR cuCtxGetApiVersion(ctx, &version) failed: invalid device context
[1784040169.298925] [h200x8-01:189539:0]      cuda_iface.h:85   UCX  ERROR cuCtxGetApiVersion(ctx, &version) failed: invalid device context
[1784040169.298929] [h200x8-01:189539:0]      cuda_iface.h:85   UCX  ERROR cuCtxGetApiVersion(ctx, &version) failed: invalid device context
[1784040169.298930] [h200x8-01:189539:0]      cuda_iface.h:85   UCX  ERROR cuCtxGetApiVersion(ctx, &version) failed: invalid device context
[1784040169.298931] [h200x8-01:189539:0]      cuda_iface.h:85   UCX  ERROR cuCtxGetApiVersion(ctx, &version) failed: invalid device context
[1784040169.298934] [h200x8-01:189539:0]      cuda_iface.h:85   UCX  ERROR cuCtxGetApiVersion(ctx, &version) failed: invalid device context
[1784040169.298936] [h200x8-01:189539:0]      cuda_iface.h:85   UCX  ERROR cuCtxGetApiVersion(ctx, &version) failed: invalid device context
[1784040169.298938] [h200x8-01:189539:0]      cuda_iface.h:85   UCX  ERROR cuCtxGetApiVersion(ctx, &version) failed: invalid device context
[1784040169.298943] [h200x8-01:189539:0]      cuda_iface.h:85   UCX  ERROR cuCtxGetApiVersion(ctx, &version) failed: invalid device context
[1784040169.298945] [h200x8-01:189539:0]      cuda_iface.h:85   UCX  ERROR cuCtxGetApiVersion(ctx, &version) failed: invalid device context
[1784040169.298950] [h200x8-01:189539:0]      cuda_iface.h:85   UCX  ERROR cuCtxGetApiVersion(ctx, &version) failed: invalid device context
[1784040169.298951] [h200x8-01:189539:0]      cuda_iface.h:85   UCX  ERROR cuCtxGetApiVersion(ctx, &version) failed: invalid device context
[1784040169.298953] [h200x8-01:189539:0]      cuda_iface.h:85   UCX  ERROR cuCtxGetApiVersion(ctx, &version) failed: invalid device context
[1784040169.298956] [h200x8-01:189539:0]      cuda_iface.h:85   UCX  ERROR cuCtxGetApiVersion(ctx, &version) failed: invalid device context
[1784040169.298958] [h200x8-01:189539:0]      cuda_iface.h:85   UCX  ERROR cuCtxGetApiVersion(ctx, &version) failed: invalid device context
[1784040169.298959] [h200x8-01:189539:0]      cuda_iface.h:85   UCX  ERROR cuCtxGetApiVersion(ctx, &version) failed: invalid device context
[1784040169.298963] [h200x8-01:189539:0]      cuda_iface.h:85   UCX  ERROR cuCtxGetApiVersion(ctx, &version) failed: invalid device context
[1784040169.298964] [h200x8-01:189539:0]      cuda_iface.h:85   UCX  ERROR cuCtxGetApiVersion(ctx, &version) failed: invalid device context
[1784040169.298969] [h200x8-01:189539:0]      cuda_iface.h:85   UCX  ERROR cuCtxGetApiVersion(ctx, &version) failed: invalid device context
[1784040169.298971] [h200x8-01:189539:0]      cuda_iface.h:85   UCX  ERROR cuCtxGetApiVersion(ctx, &version) failed: invalid device context
[1784040169.298975] [h200x8-01:189539:0]      cuda_iface.h:85   UCX  ERROR cuCtxGetApiVersion(ctx, &version) failed: invalid device context
[1784040169.298976] [h200x8-01:189539:0]      cuda_iface.h:85   UCX  ERROR cuCtxGetApiVersion(ctx, &version) failed: invalid device context
[1784040169.298978] [h200x8-01:189539:0]      cuda_iface.h:85   UCX  ERROR cuCtxGetApiVersion(ctx, &version) failed: invalid device context
[1784040169.298981] [h200x8-01:189539:0]      cuda_iface.h:85   UCX  ERROR cuCtxGetApiVersion(ctx, &version) failed: invalid device context
[1784040169.298952] [h200x8-01:189551:0]      cuda_iface.h:85   UCX  ERROR cuCtxGetApiVersion(ctx, &version) failed: invalid device context
[1784040169.298953] [h200x8-01:189551:0]      cuda_iface.h:85   UCX  ERROR cuCtxGetApiVersion(ctx, &version) failed: invalid device context
[1784040169.298955] [h200x8-01:189551:0]      cuda_iface.h:85   UCX  ERROR cuCtxGetApiVersion(ctx, &version) failed: invalid device context
[1784040169.298958] [h200x8-01:189551:0]      cuda_iface.h:85   UCX  ERROR cuCtxGetApiVersion(ctx, &version) failed: invalid device context
[1784040169.298960] [h200x8-01:189551:0]      cuda_iface.h:85   UCX  ERROR cuCtxGetApiVersion(ctx, &version) failed: invalid device context
[1784040169.298961] [h200x8-01:189551:0]      cuda_iface.h:85   UCX  ERROR cuCtxGetApiVersion(ctx, &version) failed: invalid device context
[1784040169.298965] [h200x8-01:189551:0]      cuda_iface.h:85   UCX  ERROR cuCtxGetApiVersion(ctx, &version) failed: invalid device context
[1784040169.298966] [h200x8-01:189551:0]      cuda_iface.h:85   UCX  ERROR cuCtxGetApiVersion(ctx, &version) failed: invalid device context
[1784040169.298968] [h200x8-01:189551:0]      cuda_iface.h:85   UCX  ERROR cuCtxGetApiVersion(ctx, &version) failed: invalid device context
[1784040169.298972] [h200x8-01:189551:0]      cuda_iface.h:85   UCX  ERROR cuCtxGetApiVersion(ctx, &version) failed: invalid device context
[1784040169.298974] [h200x8-01:189551:0]      cuda_iface.h:85   UCX  ERROR cuCtxGetApiVersion(ctx, &version) failed: invalid device context
[1784040169.298977] [h200x8-01:189551:0]      cuda_iface.h:85   UCX  ERROR cuCtxGetApiVersion(ctx, &version) failed: invalid device context
[1784040169.298978] [h200x8-01:189551:0]      cuda_iface.h:85   UCX  ERROR cuCtxGetApiVersion(ctx, &version) failed: invalid device context
[1784040169.298980] [h200x8-01:189551:0]      cuda_iface.h:85   UCX  ERROR cuCtxGetApiVersion(ctx, &version) failed: invalid device context
[1784040169.298983] [h200x8-01:189551:0]      cuda_iface.h:85   UCX  ERROR cuCtxGetApiVersion(ctx, &version) failed: invalid device context
[1784040169.298985] [h200x8-01:189551:0]      cuda_iface.h:85   UCX  ERROR cuCtxGetApiVersion(ctx, &version) failed: invalid device context
[1784040169.298986] [h200x8-01:189551:0]      cuda_iface.h:85   UCX  ERROR cuCtxGetApiVersion(ctx, &version) failed: invalid device context
[1784040169.298990] [h200x8-01:189551:0]      cuda_iface.h:85   UCX  ERROR cuCtxGetApiVersion(ctx, &version) failed: invalid device context
[1784040169.298991] [h200x8-01:189551:0]      cuda_iface.h:85   UCX  ERROR cuCtxGetApiVersion(ctx, &version) failed: invalid device context
[1784040169.298992] [h200x8-01:189551:0]      cuda_iface.h:85   UCX  ERROR cuCtxGetApiVersion(ctx, &version) failed: invalid device context
[1784040169.298996] [h200x8-01:189551:0]      cuda_iface.h:85   UCX  ERROR cuCtxGetApiVersion(ctx, &version) failed: invalid device context
[1784040169.298997] [h200x8-01:189551:0]      cuda_iface.h:85   UCX  ERROR cuCtxGetApiVersion(ctx, &version) failed: invalid device context
[1784040169.298999] [h200x8-01:189551:0]      cuda_iface.h:85   UCX  ERROR cuCtxGetApiVersion(ctx, &version) failed: invalid device context
[1784040169.299002] [h200x8-01:189551:0]      cuda_iface.h:85   UCX  ERROR cuCtxGetApiVersion(ctx, &version) failed: invalid device context
[1784040169.299004] [h200x8-01:189551:0]      cuda_iface.h:85   UCX  ERROR cuCtxGetApiVersion(ctx, &version) failed: invalid device context
[1784040169.299005] [h200x8-01:189551:0]      cuda_iface.h:85   UCX  ERROR cuCtxGetApiVersion(ctx, &version) failed: invalid device context
[1784040169.299009] [h200x8-01:189551:0]      cuda_iface.h:85   UCX  ERROR cuCtxGetApiVersion(ctx, &version) failed: invalid device context
[1784040169.299011] [h200x8-01:189551:0]      cuda_iface.h:85   UCX  ERROR cuCtxGetApiVersion(ctx, &version) failed: invalid device context
[1784040169.299015] [h200x8-01:189551:0]      cuda_iface.h:85   UCX  ERROR cuCtxGetApiVersion(ctx, &versiROR cuCtxGetApiVersion(ctx, &version) failed: invalid device context
[1784040169.298913] [h200x8-01:189542:0]      cuda_iface.h:85   UCX  ERROR cuCtxGetApiVersion(ctx, &version) failed: invalid device context
[1784040169.298915] [h200x8-01:189542:0]      cuda_iface.h:85   UCX  ERROR cuCtxGetApiVersion(ctx, &version) failed: invalid device context
[1784040169.298917] [h200x8-01:189542:0]      cuda_iface.h:85   UCX  ERROR cuCtxGetApiVersion(ctx, &version) failed: invalid device context
[1784040169.298918] [h200x8-01:189542:0]      cuda_iface.h:85   UCX  ERROR cuCtxGetApiVersion(ctx, &version) failed: invalid device context
[1784040169.298919] [h200x8-01:189542:0]      cuda_iface.h:85   UCX  ERROR cuCtxGetApiVersion(ctx, &version) failed: invalid device context
[1784040169.298921] [h200x8-01:189542:0]      cuda_iface.h:85   UCX  ERROR cuCtxGetApiVersion(ctx, &version) failed: invalid device context
[1784040169.298922] [h200x8-01:189542:0]      cuda_iface.h:85   UCX  ERROR cuCtxGetApiVersion(ctx, &version) failed: invalid device context
[1784040169.298926] [h200x8-01:189542:0]      cuda_iface.h:85   UCX  ERROR cuCtxGetApiVersion(ctx, &version) failed: invalid device context
[1784040169.298928] [h200x8-01:189542:0]      cuda_iface.h:85   UCX  ERROR cuCtxGetApiVersion(ctx, &version) failed: invalid device context
[1784040169.298929] [h200x8-01:189542:0]      cuda_iface.h:85   UCX  ERROR cuCtxGetApiVersion(ctx, &version) failed: invalid device context
[1784040169.298932] [h200x8-01:189542:0]      cuda_iface.h:85   UCX  ERROR cuCtxGetApiVersion(ctx, &version) failed: invalid device context
[1784040169.298934] [h200x8-01:189542:0]      cuda_iface.h:85   UCX  ERROR cuCtxGetApiVersion(ctx, &version) failed: invalid device context
[1784040169.298935] [h200x8-01:189542:0]      cuda_iface.h:85   UCX  ERROR cuCtxGetApiVersion(ctx, &version) failed: invalid device context
[1784040169.298942] [h200x8-01:189542:0]      cuda_iface.h:85   UCX  ERROR cuCtxGetApiVersion(ctx, &version) failed: invalid device context
[1784040169.298943] [h200x8-01:189542:0]      cuda_iface.h:85   UCX  ERROR cuCtxGetApiVersion(ctx, &version) failed: invalid device context
[1784040169.298947] [h200x8-01:189542:0]      cuda_iface.h:85   UCX  ERROR cuCtxGetApiVersion(ctx, &version) failed: invalid device context
[1784040169.298948] [h200x8-01:189542:0]      cuda_iface.h:85   UCX  ERROR cuCtxGetApiVersion(ctx, &version) failed: invalid device context
[1784040169.298950] [h200x8-01:189542:0]      cuda_iface.h:85   UCX  ERROR cuCtxGetApiVersion(ctx, &version) failed: invalid device context
[1784040169.298953] [h200x8-01:189542:0]      cuda_iface.h:85   UCX  ERROR cuCtxGetApiVersion(ctx, &version) failed: invalid device context
[1784040169.298955] [h200x8-01:189542:0]      cuda_iface.h:85   UCX  ERROR cuCtxGetApiVersion(ctx, &version) failed: invalid device context
[1784040169.298956] [h200x8-01:189542:0]      cuda_iface.h:85   UCX  ERROR cuCtxGetApiVersion(ctx, &version) failed: invalid device context
[1784040169.298960] [h200x8-01:189542:0]      cuda_iface.h:85   UCX  ERROR cuCtxGetApiVersion(ctx, &version) failed: invalid device context
[1784040169.298962] [h200x8-01:189542:0]      cuda_iface.h:85   UCX  ERROR cuCtxGetApiVersion(ctx, &version) failed: invalid device context
[1784040169.298963] [h200x8-01:189542:0]      cuda_iface.h:85   UCX  ERROR cuCtxGetApiVersion(ctx, &version) failed: invalid device context
[1784040169.298967] [h200x8-01:189542:0]      cuda_iface.h:85   UCX  ERROR cuCtxGetApiVersion(ctx, &version) failed: invalid device context
[1784040169.298969] [h200x8-01:189542:0]      cuda_iface.h:85   UCX  ERROR cuCtxGetApiVersion(ctx, &version) failed: invalid device context
[1784040169.298972] [h200x8-01:189542:0]      cuda_iface.h:85   UCX  ERROR cuCtxGetApiVersion(ctx, &version) failed: invalid device context
[1784040169.298974] [h200x8-01:189542:0]      cuda_iface.h:85   UCX  ERROR cuCtxGetApiVersion(ctx, &version) failed: invalid device context
[1784040169.298977] [h200x8-01:189542:0]      cuda_iface.h:85   UCX  ERROR cuCtxGetApiVersion(ctx, &versioROR cuCtxGetApiVersion(ctx, &version) failed: invalid device context
[1784040169.298984] [h200x8-01:189545:0]      cuda_iface.h:85   UCX  ERROR cuCtxGetApiVersion(ctx, &version) failed: invalid device context
[1784040169.298989] [h200x8-01:189545:0]      cuda_iface.h:85   UCX  ERROR cuCtxGetApiVersion(ctx, &version) failed: invalid device context
[1784040169.298990] [h200x8-01:189545:0]      cuda_iface.h:85   UCX  ERROR cuCtxGetApiVersion(ctx, &version) failed: invalid device context
[1784040169.298994] [h200x8-01:189545:0]      cuda_iface.h:85   UCX  ERROR cuCtxGetApiVersion(ctx, &version) failed: invalid device context
[1784040169.298995] [h200x8-01:189545:0]      cuda_iface.h:85   UCX  ERROR cuCtxGetApiVersion(ctx, &version) failed: invalid device context
[1784040169.298997] [h200x8-01:189545:0]      cuda_iface.h:85   UCX  ERROR cuCtxGetApiVersion(ctx, &version) failed: invalid device context
[1784040169.299000] [h200x8-01:189545:0]      cuda_iface.h:85   UCX  ERROR cuCtxGetApiVersion(ctx, &version) failed: invalid device context
[1784040169.299002] [h200x8-01:189545:0]      cuda_iface.h:85   UCX  ERROR cuCtxGetApiVersion(ctx, &version) failed: invalid device context
[1784040169.299003] [h200x8-01:189545:0]      cuda_iface.h:85   UCX  ERROR cuCtxGetApiVersion(ctx, &version) failed: invalid device context
[1784040169.299007] [h200x8-01:189545:0]      cuda_iface.h:85   UCX  ERROR cuCtxGetApiVersion(ctx, &version) failed: invalid device context
[1784040169.299008] [h200x8-01:189545:0]      cuda_iface.h:85   UCX  ERROR cuCtxGetApiVersion(ctx, &version) failed: invalid device context
[1784040169.299010] [h200x8-01:189545:0]      cuda_iface.h:85   UCX  ERROR cuCtxGetApiVersion(ctx, &version) failed: invalid device context
[1784040169.299013] [h200x8-01:189545:0]      cuda_iface.h:85   UCX  ERROR cuCtxGetApiVersion(ctx, &version) failed: invalid device context
[1784040169.299015] [h200x8-01:189545:0]      cuda_iface.h:85   UCX  ERROR cuCtxGetApiVersion(ctx, &version) failed: invalid device context
[1784040169.299016] [h200x8-01:189545:0]      cuda_iface.h:85   UCX  ERROR cuCtxGetApiVersion(ctx, &version) failed: invalid device context
[1784040169.299020] [h200x8-01:189545:0]      cuda_iface.h:85   UCX  ERROR cuCtxGetApiVersion(ctx, &version) failed: invalid device context
[1784040169.299021] [h200x8-01:189545:0]      cuda_iface.h:85   UCX  ERROR cuCtxGetApiVersion(ctx, &version) failed: invalid device context
[1784040169.299025] [h200x8-01:189545:0]      cuda_iface.h:85   UCX  ERROR cuCtxGetApiVersion(ctx, &version) failed: invalid device context
[1784040169.299027] [h200x8-01:189545:0]      cuda_iface.h:85   UCX  ERROR cuCtxGetApiVersion(ctx, &version) failed: invalid device context
[1784040169.299029] [h200x8-01:189545:0]      cuda_iface.h:85   UCX  ERROR cuCtxGetApiVersion(ctx, &version) failed: invalid device context
[1784040169.299033] [h200x8-01:189545:0]      cuda_iface.h:85   UCX  ERROR cuCtxGetApiVersion(ctx, &version) failed: invalid device context
[1784040169.299034] [h200x8-01:189545:0]      cuda_iface.h:85   UCX  ERROR cuCtxGetApiVersion(ctx, &version) failed: invalid device context
[1784040169.299036] [h200x8-01:189545:0]      cuda_iface.h:85   UCX  ERROR cuCtxGetApiVersion(ctx, &version) failed: invalid device context
[1784040169.299037] [h200x8-01:189545:0]      cuda_iface.h:85   UCX  ERROR cuCtxGetApiVersion(ctx, &version) failed: invalid device context
[1784040169.299042] [h200x8-01:189545:0]      cuda_iface.h:85   UCX  ERROR cuCtxGetApiVersion(ctx, &version) failed: invalid device context
[1784040169.299043] [h200x8-01:189545:0]      cuda_iface.h:85   UCX  ERROR cuCtxGetApiVersion(ctx, &version) failed: invalid device context
[1784040169.299048] [h200x8-01:189545:0]      cuda_iface.h:85   UCX  ERROR cuCtxGetApiVersion(ctx, &version) failed: invalid device context
[1784040169.299049] [h200x8-01:189545:0]      cuda_iface.h:85   UCX  ERROR cuCtxGetApiVersion(ctx, &version) failed: invalid device context
[1784040169.299054] [h200x8-01:189545:0]      cuda_iface.h:85   UCX  ERROR cuCtxGetApiVersion(ctx, &versioRROR cuCtxGetApiVersion(ctx, &version) failed: invalid device context
[1784040169.298998] [h200x8-01:189547:0]      cuda_iface.h:85   UCX  ERROR cuCtxGetApiVersion(ctx, &version) failed: invalid device context
[1784040169.299000] [h200x8-01:189547:0]      cuda_iface.h:85   UCX  ERROR cuCtxGetApiVersion(ctx, &version) failed: invalid device context
[1784040169.299001] [h200x8-01:189547:0]      cuda_iface.h:85   UCX  ERROR cuCtxGetApiVersion(ctx, &version) failed: invalid device context
[1784040169.299003] [h200x8-01:189547:0]      cuda_iface.h:85   UCX  ERROR cuCtxGetApiVersion(ctx, &version) failed: invalid device context
[1784040169.299004] [h200x8-01:189547:0]      cuda_iface.h:85   UCX  ERROR cuCtxGetApiVersion(ctx, &version) failed: invalid device context
[1784040169.299007] [h200x8-01:189547:0]      cuda_iface.h:85   UCX  ERROR cuCtxGetApiVersion(ctx, &version) failed: invalid device context
[1784040169.299008] [h200x8-01:189547:0]      cuda_iface.h:85   UCX  ERROR cuCtxGetApiVersion(ctx, &version) failed: invalid device context
[1784040169.299010] [h200x8-01:189547:0]      cuda_iface.h:85   UCX  ERROR cuCtxGetApiVersion(ctx, &version) failed: invalid device context
[1784040169.299011] [h200x8-01:189547:0]      cuda_iface.h:85   UCX  ERROR cuCtxGetApiVersion(ctx, &version) failed: invalid device context
[1784040169.299013] [h200x8-01:189547:0]      cuda_iface.h:85   UCX  ERROR cuCtxGetApiVersion(ctx, &version) failed: invalid device context
[1784040169.299015] [h200x8-01:189547:0]      cuda_iface.h:85   UCX  ERROR cuCtxGetApiVersion(ctx, &version) failed: invalid device context
[1784040169.299017] [h200x8-01:189547:0]      cuda_iface.h:85   UCX  ERROR cuCtxGetApiVersion(ctx, &version) failed: invalid device context
[1784040169.299020] [h200x8-01:189547:0]      cuda_iface.h:85   UCX  ERROR cuCtxGetApiVersion(ctx, &version) failed: invalid device context
[1784040169.299022] [h200x8-01:189547:0]      cuda_iface.h:85   UCX  ERROR cuCtxGetApiVersion(ctx, &version) failed: invalid device context
[1784040169.299023] [h200x8-01:189547:0]      cuda_iface.h:85   UCX  ERROR cuCtxGetApiVersion(ctx, &version) failed: invalid device context
[1784040169.299026] [h200x8-01:189547:0]      cuda_iface.h:85   UCX  ERROR cuCtxGetApiVersion(ctx, &version) failed: invalid device context
[1784040169.299028] [h200x8-01:189547:0]      cuda_iface.h:85   UCX  ERROR cuCtxGetApiVersion(ctx, &version) failed: invalid device context
[1784040169.299029] [h200x8-01:189547:0]      cuda_iface.h:85   UCX  ERROR cuCtxGetApiVersion(ctx, &version) failed: invalid device context
[1784040169.299031] [h200x8-01:189547:0]      cuda_iface.h:85   UCX  ERROR cuCtxGetApiVersion(ctx, &version) failed: invalid device context
[1784040169.299034] [h200x8-01:189547:0]      cuda_iface.h:85   UCX  ERROR cuCtxGetApiVersion(ctx, &version) failed: invalid device context
[1784040169.299035] [h200x8-01:189547:0]      cuda_iface.h:85   UCX  ERROR cuCtxGetApiVersion(ctx, &version) failed: invalid device context
[1784040169.299037] [h200x8-01:189547:0]      cuda_iface.h:85   UCX  ERROR cuCtxGetApiVersion(ctx, &version) failed: invalid device context
[1784040169.299039] [h200x8-01:189547:0]      cuda_iface.h:85   UCX  ERROR cuCtxGetApiVersion(ctx, &version) failed: invalid device context
[1784040169.299041] [h200x8-01:189547:0]      cuda_iface.h:85   UCX  ERROR cuCtxGetApiVersion(ctx, &version) failed: invalid device context
[1784040169.299043] [h200x8-01:189547:0]      cuda_iface.h:85   UCX  ERROR cuCtxGetApiVersion(ctx, &version) failed: invalid device context
[1784040169.299045] [h200x8-01:189547:0]      cuda_iface.h:85   UCX  ERROR cuCtxGetApiVersion(ctx, &version) failed: invalid device context
[1784040169.299047] [h200x8-01:189547:0]      cuda_iface.h:85   UCX  ERROR cuCtxGetApiVersion(ctx, &version) failed: invalid device context
[1784040169.299049] [h200x8-01:189547:0]      cuda_iface.h:85   UCX  ERROR cuCtxGetApiVersion(ctx, &version) failed: invalid device context
[1784040169.299051] [h200x8-01:189547:0]      cuda_iface.h:85   UCX  ERROR cuCtxGetApiVersion(ctx, &versiRROR cuCtxGetApiVersion(ctx, &version) failed: invalid device context
[1784040169.298910] [h200x8-01:189540:0]      cuda_iface.h:85   UCX  ERROR cuCtxGetApiVersion(ctx, &version) failed: invalid device context
[1784040169.298911] [h200x8-01:189540:0]      cuda_iface.h:85   UCX  ERROR cuCtxGetApiVersion(ctx, &version) failed: invalid device context
[1784040169.298913] [h200x8-01:189540:0]      cuda_iface.h:85   UCX  ERROR cuCtxGetApiVersion(ctx, &version) failed: invalid device context
[1784040169.298916] [h200x8-01:189540:0]      cuda_iface.h:85   UCX  ERROR cuCtxGetApiVersion(ctx, &version) failed: invalid device context
[1784040169.298918] [h200x8-01:189540:0]      cuda_iface.h:85   UCX  ERROR cuCtxGetApiVersion(ctx, &version) failed: invalid device context
[1784040169.298919] [h200x8-01:189540:0]      cuda_iface.h:85   UCX  ERROR cuCtxGetApiVersion(ctx, &version) failed: invalid device context
[1784040169.298921] [h200x8-01:189540:0]      cuda_iface.h:85   UCX  ERROR cuCtxGetApiVersion(ctx, &version) failed: invalid device context
[1784040169.298922] [h200x8-01:189540:0]      cuda_iface.h:85   UCX  ERROR cuCtxGetApiVersion(ctx, &version) failed: invalid device context
[1784040169.298923] [h200x8-01:189540:0]      cuda_iface.h:85   UCX  ERROR cuCtxGetApiVersion(ctx, &version) failed: invalid device context
[1784040169.298928] [h200x8-01:189540:0]      cuda_iface.h:85   UCX  ERROR cuCtxGetApiVersion(ctx, &version) failed: invalid device context
[1784040169.298929] [h200x8-01:189540:0]      cuda_iface.h:85   UCX  ERROR cuCtxGetApiVersion(ctx, &version) failed: invalid device context
[1784040169.298931] [h200x8-01:189540:0]      cuda_iface.h:85   UCX  ERROR cuCtxGetApiVersion(ctx, &version) failed: invalid device context
[1784040169.298933] [h200x8-01:189540:0]      cuda_iface.h:85   UCX  ERROR cuCtxGetApiVersion(ctx, &version) failed: invalid device context
[1784040169.298935] [h200x8-01:189540:0]      cuda_iface.h:85   UCX  ERROR cuCtxGetApiVersion(ctx, &version) failed: invalid device context
[1784040169.298937] [h200x8-01:189540:0]      cuda_iface.h:85   UCX  ERROR cuCtxGetApiVersion(ctx, &version) failed: invalid device context
[1784040169.298942] [h200x8-01:189540:0]      cuda_iface.h:85   UCX  ERROR cuCtxGetApiVersion(ctx, &version) failed: invalid device context
[1784040169.298943] [h200x8-01:189540:0]      cuda_iface.h:85   UCX  ERROR cuCtxGetApiVersion(ctx, &version) failed: invalid device context
[1784040169.298944] [h200x8-01:189540:0]      cuda_iface.h:85   UCX  ERROR cuCtxGetApiVersion(ctx, &version) failed: invalid device context
[1784040169.298947] [h200x8-01:189540:0]      cuda_iface.h:85   UCX  ERROR cuCtxGetApiVersion(ctx, &version) failed: invalid device context
[1784040169.298949] [h200x8-01:189540:0]      cuda_iface.h:85   UCX  ERROR cuCtxGetApiVersion(ctx, &version) failed: invalid device context
[1784040169.298950] [h200x8-01:189540:0]      cuda_iface.h:85   UCX  ERROR cuCtxGetApiVersion(ctx, &version) failed: invalid device context
[1784040169.298952] [h200x8-01:189540:0]      cuda_iface.h:85   UCX  ERROR cuCtxGetApiVersion(ctx, &version) failed: invalid device context
[1784040169.298955] [h200x8-01:189540:0]      cuda_iface.h:85   UCX  ERROR cuCtxGetApiVersion(ctx, &version) failed: invalid device context
[1784040169.298956] [h200x8-01:189540:0]      cuda_iface.h:85   UCX  ERROR cuCtxGetApiVersion(ctx, &version) failed: invalid device context
[1784040169.298958] [h200x8-01:189540:0]      cuda_iface.h:85   UCX  ERROR cuCtxGetApiVersion(ctx, &version) failed: invalid device context
[1784040169.298962] [h200x8-01:189540:0]      cuda_iface.h:85   UCX  ERROR cuCtxGetApiVersion(ctx, &version) failed: invalid device context
[1784040169.298964] [h200x8-01:189540:0]      cuda_iface.h:85   UCX  ERROR cuCtxGetApiVersion(ctx, &version) failed: invalid device context
[1784040169.298968] [h200x8-01:189540:0]      cuda_iface.h:85   UCX  ERROR cuCtxGetApiVersion(ctx, &version) failed: invalid device context
[1784040169.298969] [h200x8-01:189540:0]      cuda_iface.h:85   UCX  ERROR cuCtxGetApiVersion(ctx, &versiROR cuCtxGetApiVersion(ctx, &version) failed: invalid device context
[1784040169.299027] [h200x8-01:189546:0]      cuda_iface.h:85   UCX  ERROR cuCtxGetApiVersion(ctx, &version) failed: invalid device context
[1784040169.299030] [h200x8-01:189546:0]      cuda_iface.h:85   UCX  ERROR cuCtxGetApiVersion(ctx, &version) failed: invalid device context
[1784040169.299032] [h200x8-01:189546:0]      cuda_iface.h:85   UCX  ERROR cuCtxGetApiVersion(ctx, &version) failed: invalid device context
[1784040169.299034] [h200x8-01:189546:0]      cuda_iface.h:85   UCX  ERROR cuCtxGetApiVersion(ctx, &version) failed: invalid device context
[1784040169.299040] [h200x8-01:189546:0]      cuda_iface.h:85   UCX  ERROR cuCtxGetApiVersion(ctx, &version) failed: invalid device context
[1784040169.299042] [h200x8-01:189546:0]      cuda_iface.h:85   UCX  ERROR cuCtxGetApiVersion(ctx, &version) failed: invalid device context
[1784040169.299043] [h200x8-01:189546:0]      cuda_iface.h:85   UCX  ERROR cuCtxGetApiVersion(ctx, &version) failed: invalid device context
[1784040169.299047] [h200x8-01:189546:0]      cuda_iface.h:85   UCX  ERROR cuCtxGetApiVersion(ctx, &version) failed: invalid device context
[1784040169.299049] [h200x8-01:189546:0]      cuda_iface.h:85   UCX  ERROR cuCtxGetApiVersion(ctx, &version) failed: invalid device context
[1784040169.299053] [h200x8-01:189546:0]      cuda_iface.h:85   UCX  ERROR cuCtxGetApiVersion(ctx, &version) failed: invalid device context
[1784040169.299059] [h200x8-01:189546:0]      cuda_iface.h:85   UCX  ERROR cuCtxGetApiVersion(ctx, &version) failed: invalid device context
[1784040169.299064] [h200x8-01:189546:0]      cuda_iface.h:85   UCX  ERROR cuCtxGetApiVersion(ctx, &version) failed: invalid device context
[1784040169.299069] [h200x8-01:189546:0]      cuda_iface.h:85   UCX  ERROR cuCtxGetApiVersion(ctx, &version) failed: invalid device context
[1784040169.299074] [h200x8-01:189546:0]      cuda_iface.h:85   UCX  ERROR cuCtxGetApiVersion(ctx, &version) failed: invalid device context
[1784040169.299079] [h200x8-01:189546:0]      cuda_iface.h:85   UCX  ERROR cuCtxGetApiVersion(ctx, &version) failed: invalid device context
[1784040169.299086] [h200x8-01:189546:0]      cuda_iface.h:85   UCX  ERROR cuCtxGetApiVersion(ctx, &version) failed: invalid device context
[1784040169.299091] [h200x8-01:189546:0]      cuda_iface.h:85   UCX  ERROR cuCtxGetApiVersion(ctx, &version) failed: invalid device context
[1784040169.299096] [h200x8-01:189546:0]      cuda_iface.h:85   UCX  ERROR cuCtxGetApiVersion(ctx, &version) failed: invalid device context
[1784040169.299100] [h200x8-01:189546:0]      cuda_iface.h:85   UCX  ERROR cuCtxGetApiVersion(ctx, &version) failed: invalid device context
[1784040169.299101] [h200x8-01:189546:0]      cuda_iface.h:85   UCX  ERROR cuCtxGetApiVersion(ctx, &version) failed: invalid device context
[1784040169.299106] [h200x8-01:189546:0]      cuda_iface.h:85   UCX  ERROR cuCtxGetApiVersion(ctx, &version) failed: invalid device context
[1784040169.299107] [h200x8-01:189546:0]      cuda_iface.h:85   UCX  ERROR cuCtxGetApiVersion(ctx, &version) failed: invalid device context
[1784040169.299111] [h200x8-01:189546:0]      cuda_iface.h:85   UCX  ERROR cuCtxGetApiVersion(ctx, &version) failed: invalid device context
[1784040169.299115] [h200x8-01:189546:0]      cuda_iface.h:85   UCX  ERROR cuCtxGetApiVersion(ctx, &version) failed: invalid device context
[1784040169.299120] [h200x8-01:189546:0]      cuda_iface.h:85   UCX  ERROR cuCtxGetApiVersion(ctx, &version) failed: invalid device context
[1784040169.299124] [h200x8-01:189546:0]      cuda_iface.h:85   UCX  ERROR cuCtxGetApiVersion(ctx, &version) failed: invalid device context
[1784040169.299128] [h200x8-01:189546:0]      cuda_iface.h:85   UCX  ERROR cuCtxGetApiVersion(ctx, &version) failed: invalid device context
[1784040169.299133] [h200x8-01:189546:0]      cuda_iface.h:85   UCX  ERROR cuCtxGetApiVersion(ctx, &version) failed: invalid device context
[1784040169.299138] [h200x8-01:189546:0]      cuda_iface.h:85   UCX  ERROR cuCtxGetApiVersion(ctx, &versioRROR cuCtxGetApiVersion(ctx, &version) failed: invalid device context
[1784040169.298762] [h200x8-01:189541:0]      cuda_iface.h:85   UCX  ERROR cuCtxGetApiVersion(ctx, &version) failed: invalid device context
[1784040169.298765] [h200x8-01:189541:0]      cuda_iface.h:85   UCX  ERROR cuCtxGetApiVersion(ctx, &version) failed: invalid device context
[1784040169.298767] [h200x8-01:189541:0]      cuda_iface.h:85   UCX  ERROR cuCtxGetApiVersion(ctx, &version) failed: invalid device context
[1784040169.298769] [h200x8-01:189541:0]      cuda_iface.h:85   UCX  ERROR cuCtxGetApiVersion(ctx, &version) failed: invalid device context
[1784040169.298770] [h200x8-01:189541:0]      cuda_iface.h:85   UCX  ERROR cuCtxGetApiVersion(ctx, &version) failed: invalid device context
[1784040169.298772] [h200x8-01:189541:0]      cuda_iface.h:85   UCX  ERROR cuCtxGetApiVersion(ctx, &version) failed: invalid device context
[1784040169.298776] [h200x8-01:189541:0]      cuda_iface.h:85   UCX  ERROR cuCtxGetApiVersion(ctx, &version) failed: invalid device context
[1784040169.298778] [h200x8-01:189541:0]      cuda_iface.h:85   UCX  ERROR cuCtxGetApiVersion(ctx, &version) failed: invalid device context
[1784040169.298780] [h200x8-01:189541:0]      cuda_iface.h:85   UCX  ERROR cuCtxGetApiVersion(ctx, &version) failed: invalid device context
[1784040169.298783] [h200x8-01:189541:0]      cuda_iface.h:85   UCX  ERROR cuCtxGetApiVersion(ctx, &version) failed: invalid device context
[1784040169.298784] [h200x8-01:189541:0]      cuda_iface.h:85   UCX  ERROR cuCtxGetApiVersion(ctx, &version) failed: invalid device context
[1784040169.298786] [h200x8-01:189541:0]      cuda_iface.h:85   UCX  ERROR cuCtxGetApiVersion(ctx, &version) failed: invalid device context
[1784040169.298787] [h200x8-01:189541:0]      cuda_iface.h:85   UCX  ERROR cuCtxGetApiVersion(ctx, &version) failed: invalid device context
[1784040169.298789] [h200x8-01:189541:0]      cuda_iface.h:85   UCX  ERROR cuCtxGetApiVersion(ctx, &version) failed: invalid device context
[1784040169.298792] [h200x8-01:189541:0]      cuda_iface.h:85   UCX  ERROR cuCtxGetApiVersion(ctx, &version) failed: invalid device context
[1784040169.298793] [h200x8-01:189541:0]      cuda_iface.h:85   UCX  ERROR cuCtxGetApiVersion(ctx, &version) failed: invalid device context
[1784040169.298795] [h200x8-01:189541:0]      cuda_iface.h:85   UCX  ERROR cuCtxGetApiVersion(ctx, &version) failed: invalid device context
[1784040169.298796] [h200x8-01:189541:0]      cuda_iface.h:85   UCX  ERROR cuCtxGetApiVersion(ctx, &version) failed: invalid device context
[1784040169.298798] [h200x8-01:189541:0]      cuda_iface.h:85   UCX  ERROR cuCtxGetApiVersion(ctx, &version) failed: invalid device context
[1784040169.298800] [h200x8-01:189541:0]      cuda_iface.h:85   UCX  ERROR cuCtxGetApiVersion(ctx, &version) failed: invalid device context
[1784040169.298802] [h200x8-01:189541:0]      cuda_iface.h:85   UCX  ERROR cuCtxGetApiVersion(ctx, &version) failed: invalid device context
[1784040169.298803] [h200x8-01:189541:0]      cuda_iface.h:85   UCX  ERROR cuCtxGetApiVersion(ctx, &version) failed: invalid device context
[1784040169.298805] [h200x8-01:189541:0]      cuda_iface.h:85   UCX  ERROR cuCtxGetApiVersion(ctx, &version) failed: invalid device context
[1784040169.298806] [h200x8-01:189541:0]      cuda_iface.h:85   UCX  ERROR cuCtxGetApiVersion(ctx, &version) failed: invalid device context
[1784040169.298807] [h200x8-01:189541:0]      cuda_iface.h:85   UCX  ERROR cuCtxGetApiVersion(ctx, &version) failed: invalid device context
[1784040169.298809] [h200x8-01:189541:0]      cuda_iface.h:85   UCX  ERROR cuCtxGetApiVersion(ctx, &version) failed: invalid device context
[1784040169.298810] [h200x8-01:189541:0]      cuda_iface.h:85   UCX  ERROR cuCtxGetApiVersion(ctx, &version) failed: invalid device context
[1784040169.298812] [h200x8-01:189541:0]      cuda_iface.h:85   UCX  ERROR cuCtxGetApiVersion(ctx, &version) failed: invalid device context
[1784040169.298815] [h200x8-01:189541:0]      cuda_iface.h:85   UCX  ERROR cuCtxGetApiVersion(ctx, &versiRROR cuCtxGetApiVersion(ctx, &version) failed: invalid device context
[1784040169.298982] [h200x8-01:189539:0]      cuda_iface.h:85   UCX  ERROR cuCtxGetApiVersion(ctx, &version) failed: invalid device context
[1784040169.298984] [h200x8-01:189539:0]      cuda_iface.h:85   UCX  ERROR cuCtxGetApiVersion(ctx, &version) failed: invalid device context
[1784040169.298988] [h200x8-01:189539:0]      cuda_iface.h:85   UCX  ERROR cuCtxGetApiVersion(ctx, &version) failed: invalid device context
[1784040169.298989] [h200x8-01:189539:0]      cuda_iface.h:85   UCX  ERROR cuCtxGetApiVersion(ctx, &version) failed: invalid device context
[1784040169.298990] [h200x8-01:189539:0]      cuda_iface.h:85   UCX  ERROR cuCtxGetApiVersion(ctx, &version) failed: invalid device context
[1784040169.298995] [h200x8-01:189539:0]      cuda_iface.h:85   UCX  ERROR cuCtxGetApiVersion(ctx, &version) failed: invalid device context
[1784040169.298997] [h200x8-01:189539:0]      cuda_iface.h:85   UCX  ERROR cuCtxGetApiVersion(ctx, &version) failed: invalid device context
[1784040169.299001] [h200x8-01:189539:0]      cuda_iface.h:85   UCX  ERROR cuCtxGetApiVersion(ctx, &version) failed: invalid device context
[1784040169.299002] [h200x8-01:189539:0]      cuda_iface.h:85   UCX  ERROR cuCtxGetApiVersion(ctx, &version) failed: invalid device context
[1784040169.299004] [h200x8-01:189539:0]      cuda_iface.h:85   UCX  ERROR cuCtxGetApiVersion(ctx, &version) failed: invalid device context
[1784040169.299009] [h200x8-01:189539:0]      cuda_iface.h:85   UCX  ERROR cuCtxGetApiVersion(ctx, &version) failed: invalid device context
[1784040169.299010] [h200x8-01:189539:0]      cuda_iface.h:85   UCX  ERROR cuCtxGetApiVersion(ctx, &version) failed: invalid device context
[1784040169.299014] [h200x8-01:189539:0]      cuda_iface.h:85   UCX  ERROR cuCtxGetApiVersion(ctx, &version) failed: invalid device context
[1784040169.299016] [h200x8-01:189539:0]      cuda_iface.h:85   UCX  ERROR cuCtxGetApiVersion(ctx, &version) failed: invalid device context
[1784040169.299018] [h200x8-01:189539:0]      cuda_iface.h:85   UCX  ERROR cuCtxGetApiVersion(ctx, &version) failed: invalid device context
[1784040169.299022] [h200x8-01:189539:0]      cuda_iface.h:85   UCX  ERROR cuCtxGetApiVersion(ctx, &version) failed: invalid device context
[1784040169.299024] [h200x8-01:189539:0]      cuda_iface.h:85   UCX  ERROR cuCtxGetApiVersion(ctx, &version) failed: invalid device context
[1784040169.299028] [h200x8-01:189539:0]      cuda_iface.h:85   UCX  ERROR cuCtxGetApiVersion(ctx, &version) failed: invalid device context
[1784040169.299030] [h200x8-01:189539:0]      cuda_iface.h:85   UCX  ERROR cuCtxGetApiVersion(ctx, &version) failed: invalid device context
[1784040169.299034] [h200x8-01:189539:0]      cuda_iface.h:85   UCX  ERROR cuCtxGetApiVersion(ctx, &version) failed: invalid device context
[1784040169.299036] [h200x8-01:189539:0]      cuda_iface.h:85   UCX  ERROR cuCtxGetApiVersion(ctx, &version) failed: invalid device context
[1784040169.299038] [h200x8-01:189539:0]      cuda_iface.h:85   UCX  ERROR cuCtxGetApiVersion(ctx, &version) failed: invalid device context
[1784040169.299039] [h200x8-01:189539:0]      cuda_iface.h:85   UCX  ERROR cuCtxGetApiVersion(ctx, &version) failed: invalid device context
[1784040169.299044] [h200x8-01:189539:0]      cuda_iface.h:85   UCX  ERROR cuCtxGetApiVersion(ctx, &version) failed: invalid device context
[1784040169.299046] [h200x8-01:189539:0]      cuda_iface.h:85   UCX  ERROR cuCtxGetApiVersion(ctx, &version) failed: invalid device context
[1784040169.299050] [h200x8-01:189539:0]      cuda_iface.h:85   UCX  ERROR cuCtxGetApiVersion(ctx, &version) failed: invalid device context
[1784040169.299055] [h200x8-01:189539:0]      cuda_iface.h:85   UCX  ERROR cuCtxGetApiVersion(ctx, &version) failed: invalid device context
[1784040169.299061] [h200x8-01:189539:0]      cuda_iface.h:85   UCX  ERROR cuCtxGetApiVersion(ctx, &version) failed: invalid device context
[1784040169.299066] [h200x8-01:189539:0]      cuda_iface.h:85   UCX  ERROR cuCtxGetApiVersion(ctx, &version) failed: invalid device context
[1784040169.298817] [h200x8-01:189541:0]      cuda_iface.h:85   UCX  ERROR cuCtxGetApiVersion(ctx, &version) failed: invalid device context
[1784040169.298820] [h200x8-01:189541:0]      cuda_iface.h:85   UCX  ERROR cuCtxGetApiVersion(ctx, &version) failed: invalid device context
[1784040169.298822] [h200x8-01:189541:0]      cuda_iface.h:85   UCX  ERROR cuCtxGetApiVersion(ctx, &version) failed: invalid device context
[1784040169.298824] [h200x8-01:189541:0]      cuda_iface.h:85   UCX  ERROR cuCtxGetApiVersion(ctx, &version) failed: invalid device context
[1784040169.298826] [h200x8-01:189541:0]      cuda_iface.h:85   UCX  ERROR cuCtxGetApiVersion(ctx, &version) failed: invalid device context
[1784040169.298829] [h200x8-01:189541:0]      cuda_iface.h:85   UCX  ERROR cuCtxGetApiVersion(ctx, &version) failed: invalid device context
[1784040169.298831] [h200x8-01:189541:0]      cuda_iface.h:85   UCX  ERROR cuCtxGetApiVersion(ctx, &version) failed: invalid device context
[1784040169.298835] [h200x8-01:189541:0]      cuda_iface.h:85   UCX  ERROR cuCtxGetApiVersion(ctx, &version) failed: invalid device context
[1784040169.298837] [h200x8-01:189541:0]      cuda_iface.h:85   UCX  ERROR cuCtxGetApiVersion(ctx, &version) failed: invalid device context
[1784040169.298838] [h200x8-01:189541:0]      cuda_iface.h:85   UCX  ERROR cuCtxGetApiVersion(ctx, &version) failed: invalid device context
[1784040169.298840] [h200x8-01:189541:0]      cuda_iface.h:85   UCX  ERROR cuCtxGetApiVersion(ctx, &version) failed: invalid device context
[1784040169.298841] [h200x8-01:189541:0]      cuda_iface.h:85   UCX  ERROR cuCtxGetApiVersion(ctx, &version) failed: invalid device context
[1784040169.298842] [h200x8-01:189541:0]      cuda_iface.h:85   UCX  ERROR cuCtxGetApiVersion(ctx, &version) failed: invalid device context
[1784040169.298844] [h200x8-01:189541:0]      cuda_iface.h:85   UCX  ERROR cuCtxGetApiVersion(ctx, &version) failed: invalid device context
[1784040169.298845] [h200x8-01:189541:0]      cuda_iface.h:85   UCX  ERROR cuCtxGetApiVersion(ctx, &version) failed: invalid device context
[1784040169.298846] [h200x8-01:189541:0]      cuda_iface.h:85   UCX  ERROR cuCtxGetApiVersion(ctx, &version) failed: invalid device context
[1784040169.298848] [h200x8-01:189541:0]      cuda_iface.h:85   UCX  ERROR cuCtxGetApiVersion(ctx, &version) failed: invalid device context
[1784040169.298849] [h200x8-01:189541:0]      cuda_iface.h:85   UCX  ERROR cuCtxGetApiVersion(ctx, &version) failed: invalid device context
[1784040169.298852] [h200x8-01:189541:0]      cuda_iface.h:85   UCX  ERROR cuCtxGetApiVersion(ctx, &version) failed: invalid device context
[1784040169.298853] [h200x8-01:189541:0]      cuda_iface.h:85   UCX  ERROR cuCtxGetApiVersion(ctx, &version) failed: invalid device context
[1784040169.298854] [h200x8-01:189541:0]      cuda_iface.h:85   UCX  ERROR cuCtxGetApiVersion(ctx, &version) failed: invalid device context
[1784040169.298856] [h200x8-01:189541:0]      cuda_iface.h:85   UCX  ERROR cuCtxGetApiVersion(ctx, &version) failed: invalid device context
[1784040169.298858] [h200x8-01:189541:0]      cuda_iface.h:85   UCX  ERROR cuCtxGetApiVersion(ctx, &version) failed: invalid device context
[1784040169.298859] [h200x8-01:189541:0]      cuda_iface.h:85   UCX  ERROR cuCtxGetApiVersion(ctx, &version) failed: invalid device context
[1784040169.298861] [h200x8-01:189541:0]      cuda_iface.h:85   UCX  ERROR cuCtxGetApiVersion(ctx, &version) failed: invalid device context
[1784040169.298863] [h200x8-01:189541:0]      cuda_iface.h:85   UCX  ERROR cuCtxGetApiVersion(ctx, &version) failed: invalid device context
[1784040169.298864] [h200x8-01:189541:0]      cuda_iface.h:85   UCX  ERROR cuCtxGetApiVersion(ctx, &version) failed: invalid device context
[1784040169.298866] [h200x8-01:189541:0]      cuda_iface.h:85   UCX  ERROR cuCtxGetApiVersion(ctx, &version) failed: invalid device context
[1784040169.298868] [h200x8-01:189541:0]      cuda_iface.h:85   UCX  ERROR cuCtxGetApiVersion(ctx, &version) failed: invalid device context
on) failed: invalid device context
[1784040169.299017] [h200x8-01:189551:0]      cuda_iface.h:85   UCX  ERROR cuCtxGetApiVersion(ctx, &version) failed: invalid device context
[1784040169.299021] [h200x8-01:189551:0]      cuda_iface.h:85   UCX  ERROR cuCtxGetApiVersion(ctx, &version) failed: invalid device context
[1784040169.299022] [h200x8-01:189551:0]      cuda_iface.h:85   UCX  ERROR cuCtxGetApiVersion(ctx, &version) failed: invalid device context
[1784040169.299026] [h200x8-01:189551:0]      cuda_iface.h:85   UCX  ERROR cuCtxGetApiVersion(ctx, &version) failed: invalid device context
[1784040169.299027] [h200x8-01:189551:0]      cuda_iface.h:85   UCX  ERROR cuCtxGetApiVersion(ctx, &version) failed: invalid device context
[1784040169.299029] [h200x8-01:189551:0]      cuda_iface.h:85   UCX  ERROR cuCtxGetApiVersion(ctx, &version) failed: invalid device context
[1784040169.299032] [h200x8-01:189551:0]      cuda_iface.h:85   UCX  ERROR cuCtxGetApiVersion(ctx, &version) failed: invalid device context
[1784040169.299033] [h200x8-01:189551:0]      cuda_iface.h:85   UCX  ERROR cuCtxGetApiVersion(ctx, &version) failed: invalid device context
[1784040169.299035] [h200x8-01:189551:0]      cuda_iface.h:85   UCX  ERROR cuCtxGetApiVersion(ctx, &version) failed: invalid device context
[1784040169.299041] [h200x8-01:189551:0]      cuda_iface.h:85   UCX  ERROR cuCtxGetApiVersion(ctx, &version) failed: invalid device context
[1784040169.299042] [h200x8-01:189551:0]      cuda_iface.h:85   UCX  ERROR cuCtxGetApiVersion(ctx, &version) failed: invalid device context
[1784040169.299047] [h200x8-01:189551:0]      cuda_iface.h:85   UCX  ERROR cuCtxGetApiVersion(ctx, &version) failed: invalid device context
[1784040169.299048] [h200x8-01:189551:0]      cuda_iface.h:85   UCX  ERROR cuCtxGetApiVersion(ctx, &version) failed: invalid device context
[1784040169.299052] [h200x8-01:189551:0]      cuda_iface.h:85   UCX  ERROR cuCtxGetApiVersion(ctx, &version) failed: invalid device context
[1784040169.299056] [h200x8-01:189551:0]      cuda_iface.h:85   UCX  ERROR cuCtxGetApiVersion(ctx, &version) failed: invalid device context
[1784040169.299061] [h200x8-01:189551:0]      cuda_iface.h:85   UCX  ERROR cuCtxGetApiVersion(ctx, &version) failed: invalid device context
[1784040169.299067] [h200x8-01:189551:0]      cuda_iface.h:85   UCX  ERROR cuCtxGetApiVersion(ctx, &version) failed: invalid device context
[1784040169.299068] [h200x8-01:189551:0]      cuda_iface.h:85   UCX  ERROR cuCtxGetApiVersion(ctx, &version) failed: invalid device context
[1784040169.299073] [h200x8-01:189551:0]      cuda_iface.h:85   UCX  ERROR cuCtxGetApiVersion(ctx, &version) failed: invalid device context
[1784040169.299077] [h200x8-01:189551:0]      cuda_iface.h:85   UCX  ERROR cuCtxGetApiVersion(ctx, &version) failed: invalid device context
[1784040169.299079] [h200x8-01:189551:0]      cuda_iface.h:85   UCX  ERROR cuCtxGetApiVersion(ctx, &version) failed: invalid device context
[1784040169.299083] [h200x8-01:189551:0]      cuda_iface.h:85   UCX  ERROR cuCtxGetApiVersion(ctx, &version) failed: invalid device context
[1784040169.299084] [h200x8-01:189551:0]      cuda_iface.h:85   UCX  ERROR cuCtxGetApiVersion(ctx, &version) failed: invalid device context
[1784040169.299088] [h200x8-01:189551:0]      cuda_iface.h:85   UCX  ERROR cuCtxGetApiVersion(ctx, &version) failed: invalid device context
[1784040169.299092] [h200x8-01:189551:0]      cuda_iface.h:85   UCX  ERROR cuCtxGetApiVersion(ctx, &version) failed: invalid device context
[1784040169.299097] [h200x8-01:189551:0]      cuda_iface.h:85   UCX  ERROR cuCtxGetApiVersion(ctx, &version) failed: invalid device context
[1784040169.299101] [h200x8-01:189551:0]      cuda_iface.h:85   UCX  ERROR cuCtxGetApiVersion(ctx, &version) failed: invalid device context
[1784040169.299106] [h200x8-01:189551:0]      cuda_iface.h:85   UCX  ERROR cuCtxGetApiVersion(ctx, &version) failed: invalid device context
[1784040169.299110] [h200x8-01:189551:0]      cuda_iface.h:85   UCX  ERROR cuCtxGetApiVersion(ctx, &version) failed: invalid device context
n) failed: invalid device context
[1784040169.298979] [h200x8-01:189542:0]      cuda_iface.h:85   UCX  ERROR cuCtxGetApiVersion(ctx, &version) failed: invalid device context
[1784040169.298981] [h200x8-01:189542:0]      cuda_iface.h:85   UCX  ERROR cuCtxGetApiVersion(ctx, &version) failed: invalid device context
[1784040169.298985] [h200x8-01:189542:0]      cuda_iface.h:85   UCX  ERROR cuCtxGetApiVersion(ctx, &version) failed: invalid device context
[1784040169.298986] [h200x8-01:189542:0]      cuda_iface.h:85   UCX  ERROR cuCtxGetApiVersion(ctx, &version) failed: invalid device context
[1784040169.298988] [h200x8-01:189542:0]      cuda_iface.h:85   UCX  ERROR cuCtxGetApiVersion(ctx, &version) failed: invalid device context
[1784040169.298991] [h200x8-01:189542:0]      cuda_iface.h:85   UCX  ERROR cuCtxGetApiVersion(ctx, &version) failed: invalid device context
[1784040169.298993] [h200x8-01:189542:0]      cuda_iface.h:85   UCX  ERROR cuCtxGetApiVersion(ctx, &version) failed: invalid device context
[1784040169.298994] [h200x8-01:189542:0]      cuda_iface.h:85   UCX  ERROR cuCtxGetApiVersion(ctx, &version) failed: invalid device context
[1784040169.298998] [h200x8-01:189542:0]      cuda_iface.h:85   UCX  ERROR cuCtxGetApiVersion(ctx, &version) failed: invalid device context
[1784040169.299000] [h200x8-01:189542:0]      cuda_iface.h:85   UCX  ERROR cuCtxGetApiVersion(ctx, &version) failed: invalid device context
[1784040169.299003] [h200x8-01:189542:0]      cuda_iface.h:85   UCX  ERROR cuCtxGetApiVersion(ctx, &version) failed: invalid device context
[1784040169.299004] [h200x8-01:189542:0]      cuda_iface.h:85   UCX  ERROR cuCtxGetApiVersion(ctx, &version) failed: invalid device context
[1784040169.299006] [h200x8-01:189542:0]      cuda_iface.h:85   UCX  ERROR cuCtxGetApiVersion(ctx, &version) failed: invalid device context
[1784040169.299007] [h200x8-01:189542:0]      cuda_iface.h:85   UCX  ERROR cuCtxGetApiVersion(ctx, &version) failed: invalid device context
[1784040169.299011] [h200x8-01:189542:0]      cuda_iface.h:85   UCX  ERROR cuCtxGetApiVersion(ctx, &version) failed: invalid device context
[1784040169.299012] [h200x8-01:189542:0]      cuda_iface.h:85   UCX  ERROR cuCtxGetApiVersion(ctx, &version) failed: invalid device context
[1784040169.299016] [h200x8-01:189542:0]      cuda_iface.h:85   UCX  ERROR cuCtxGetApiVersion(ctx, &version) failed: invalid device context
[1784040169.299017] [h200x8-01:189542:0]      cuda_iface.h:85   UCX  ERROR cuCtxGetApiVersion(ctx, &version) failed: invalid device context
[1784040169.299019] [h200x8-01:189542:0]      cuda_iface.h:85   UCX  ERROR cuCtxGetApiVersion(ctx, &version) failed: invalid device context
[1784040169.299023] [h200x8-01:189542:0]      cuda_iface.h:85   UCX  ERROR cuCtxGetApiVersion(ctx, &version) failed: invalid device context
[1784040169.299024] [h200x8-01:189542:0]      cuda_iface.h:85   UCX  ERROR cuCtxGetApiVersion(ctx, &version) failed: invalid device context
[1784040169.299027] [h200x8-01:189542:0]      cuda_iface.h:85   UCX  ERROR cuCtxGetApiVersion(ctx, &version) failed: invalid device context
[1784040169.299029] [h200x8-01:189542:0]      cuda_iface.h:85   UCX  ERROR cuCtxGetApiVersion(ctx, &version) failed: invalid device context
[1784040169.299030] [h200x8-01:189542:0]      cuda_iface.h:85   UCX  ERROR cuCtxGetApiVersion(ctx, &version) failed: invalid device context
[1784040169.299033] [h200x8-01:189542:0]      cuda_iface.h:85   UCX  ERROR cuCtxGetApiVersion(ctx, &version) failed: invalid device context
[1784040169.299035] [h200x8-01:189542:0]      cuda_iface.h:85   UCX  ERROR cuCtxGetApiVersion(ctx, &version) failed: invalid device context
[1784040169.299036] [h200x8-01:189542:0]      cuda_iface.h:85   UCX  ERROR cuCtxGetApiVersion(ctx, &version) failed: invalid device context
[1784040169.299038] [h200x8-01:189542:0]      cuda_iface.h:85   UCX  ERROR cuCtxGetApiVersion(ctx, &version) failed: invalid device context
[1784040169.299039] [h200x8-01:189542:0]      cuda_iface.h:85   UCX  ERROR cuCtxGetApiVersion(ctx, &version) failed: invalid device context
[n) failed: invalid device context
[1784040169.299060] [h200x8-01:189545:0]      cuda_iface.h:85   UCX  ERROR cuCtxGetApiVersion(ctx, &version) failed: invalid device context
[1784040169.299065] [h200x8-01:189545:0]      cuda_iface.h:85   UCX  ERROR cuCtxGetApiVersion(ctx, &version) failed: invalid device context
[1784040169.299066] [h200x8-01:189545:0]      cuda_iface.h:85   UCX  ERROR cuCtxGetApiVersion(ctx, &version) failed: invalid device context
[1784040169.299070] [h200x8-01:189545:0]      cuda_iface.h:85   UCX  ERROR cuCtxGetApiVersion(ctx, &version) failed: invalid device context
[1784040169.299076] [h200x8-01:189545:0]      cuda_iface.h:85   UCX  ERROR cuCtxGetApiVersion(ctx, &version) failed: invalid device context
[1784040169.299081] [h200x8-01:189545:0]      cuda_iface.h:85   UCX  ERROR cuCtxGetApiVersion(ctx, &version) failed: invalid device context
[1784040169.299087] [h200x8-01:189545:0]      cuda_iface.h:85   UCX  ERROR cuCtxGetApiVersion(ctx, &version) failed: invalid device context
[1784040169.299092] [h200x8-01:189545:0]      cuda_iface.h:85   UCX  ERROR cuCtxGetApiVersion(ctx, &version) failed: invalid device context
[1784040169.299096] [h200x8-01:189545:0]      cuda_iface.h:85   UCX  ERROR cuCtxGetApiVersion(ctx, &version) failed: invalid device context
[1784040169.299100] [h200x8-01:189545:0]      cuda_iface.h:85   UCX  ERROR cuCtxGetApiVersion(ctx, &version) failed: invalid device context
[1784040169.299102] [h200x8-01:189545:0]      cuda_iface.h:85   UCX  ERROR cuCtxGetApiVersion(ctx, &version) failed: invalid device context
[1784040169.299107] [h200x8-01:189545:0]      cuda_iface.h:85   UCX  ERROR cuCtxGetApiVersion(ctx, &version) failed: invalid device context
[1784040169.299108] [h200x8-01:189545:0]      cuda_iface.h:85   UCX  ERROR cuCtxGetApiVersion(ctx, &version) failed: invalid device context
[1784040169.299113] [h200x8-01:189545:0]      cuda_iface.h:85   UCX  ERROR cuCtxGetApiVersion(ctx, &version) failed: invalid device context
[1784040169.299117] [h200x8-01:189545:0]      cuda_iface.h:85   UCX  ERROR cuCtxGetApiVersion(ctx, &version) failed: invalid device context
[1784040169.299122] [h200x8-01:189545:0]      cuda_iface.h:85   UCX  ERROR cuCtxGetApiVersion(ctx, &version) failed: invalid device context
[1784040169.299126] [h200x8-01:189545:0]      cuda_iface.h:85   UCX  ERROR cuCtxGetApiVersion(ctx, &version) failed: invalid device context
[1784040169.299130] [h200x8-01:189545:0]      cuda_iface.h:85   UCX  ERROR cuCtxGetApiVersion(ctx, &version) failed: invalid device context
[1784040169.299135] [h200x8-01:189545:0]      cuda_iface.h:85   UCX  ERROR cuCtxGetApiVersion(ctx, &version) failed: invalid device context
[1784040169.299139] [h200x8-01:189545:0]      cuda_iface.h:85   UCX  ERROR cuCtxGetApiVersion(ctx, &version) failed: invalid device context
[1784040169.299143] [h200x8-01:189545:0]      cuda_iface.h:85   UCX  ERROR cuCtxGetApiVersion(ctx, &version) failed: invalid device context
[1784040169.299146] [h200x8-01:189545:0]      cuda_iface.h:85   UCX  ERROR cuCtxGetApiVersion(ctx, &version) failed: invalid device context
[1784040169.299153] [h200x8-01:189545:0]      cuda_iface.h:85   UCX  ERROR cuCtxGetApiVersion(ctx, &version) failed: invalid device context
[1784040169.299158] [h200x8-01:189545:0]      cuda_iface.h:85   UCX  ERROR cuCtxGetApiVersion(ctx, &version) failed: invalid device context
[1784040169.299163] [h200x8-01:189545:0]      cuda_iface.h:85   UCX  ERROR cuCtxGetApiVersion(ctx, &version) failed: invalid device context
[1784040169.299166] [h200x8-01:189545:0]      cuda_iface.h:85   UCX  ERROR cuCtxGetApiVersion(ctx, &version) failed: invalid device context
[1784040169.299171] [h200x8-01:189545:0]      cuda_iface.h:85   UCX  ERROR cuCtxGetApiVersion(ctx, &version) failed: invalid device context
[1784040169.299175] [h200x8-01:189545:0]      cuda_iface.h:85   UCX  ERROR cuCtxGetApiVersion(ctx, &version) failed: invalid device context
[1784040169.299178] [h200x8-01:189545:0]      cuda_iface.h:85   UCX  ERROR cuCtxGetApiVersion(ctx, &version) failed: invalid device context
[on) failed: invalid device context
[1784040169.299054] [h200x8-01:189547:0]      cuda_iface.h:85   UCX  ERROR cuCtxGetApiVersion(ctx, &version) failed: invalid device context
[1784040169.299056] [h200x8-01:189547:0]      cuda_iface.h:85   UCX  ERROR cuCtxGetApiVersion(ctx, &version) failed: invalid device context
[1784040169.299058] [h200x8-01:189547:0]      cuda_iface.h:85   UCX  ERROR cuCtxGetApiVersion(ctx, &version) failed: invalid device context
[1784040169.299060] [h200x8-01:189547:0]      cuda_iface.h:85   UCX  ERROR cuCtxGetApiVersion(ctx, &version) failed: invalid device context
[1784040169.299063] [h200x8-01:189547:0]      cuda_iface.h:85   UCX  ERROR cuCtxGetApiVersion(ctx, &version) failed: invalid device context
[1784040169.299065] [h200x8-01:189547:0]      cuda_iface.h:85   UCX  ERROR cuCtxGetApiVersion(ctx, &version) failed: invalid device context
[1784040169.299067] [h200x8-01:189547:0]      cuda_iface.h:85   UCX  ERROR cuCtxGetApiVersion(ctx, &version) failed: invalid device context
[1784040169.299069] [h200x8-01:189547:0]      cuda_iface.h:85   UCX  ERROR cuCtxGetApiVersion(ctx, &version) failed: invalid device context
[1784040169.299071] [h200x8-01:189547:0]      cuda_iface.h:85   UCX  ERROR cuCtxGetApiVersion(ctx, &version) failed: invalid device context
[1784040169.299073] [h200x8-01:189547:0]      cuda_iface.h:85   UCX  ERROR cuCtxGetApiVersion(ctx, &version) failed: invalid device context
[1784040169.299076] [h200x8-01:189547:0]      cuda_iface.h:85   UCX  ERROR cuCtxGetApiVersion(ctx, &version) failed: invalid device context
[1784040169.299078] [h200x8-01:189547:0]      cuda_iface.h:85   UCX  ERROR cuCtxGetApiVersion(ctx, &version) failed: invalid device context
[1784040169.299080] [h200x8-01:189547:0]      cuda_iface.h:85   UCX  ERROR cuCtxGetApiVersion(ctx, &version) failed: invalid device context
[1784040169.299082] [h200x8-01:189547:0]      cuda_iface.h:85   UCX  ERROR cuCtxGetApiVersion(ctx, &version) failed: invalid device context
[1784040169.299084] [h200x8-01:189547:0]      cuda_iface.h:85   UCX  ERROR cuCtxGetApiVersion(ctx, &version) failed: invalid device context
[1784040169.299086] [h200x8-01:189547:0]      cuda_iface.h:85   UCX  ERROR cuCtxGetApiVersion(ctx, &version) failed: invalid device context
[1784040169.299088] [h200x8-01:189547:0]      cuda_iface.h:85   UCX  ERROR cuCtxGetApiVersion(ctx, &version) failed: invalid device context
[1784040169.299090] [h200x8-01:189547:0]      cuda_iface.h:85   UCX  ERROR cuCtxGetApiVersion(ctx, &version) failed: invalid device context
[1784040169.299093] [h200x8-01:189547:0]      cuda_iface.h:85   UCX  ERROR cuCtxGetApiVersion(ctx, &version) failed: invalid device context
[1784040169.299095] [h200x8-01:189547:0]      cuda_iface.h:85   UCX  ERROR cuCtxGetApiVersion(ctx, &version) failed: invalid device context
[1784040169.299097] [h200x8-01:189547:0]      cuda_iface.h:85   UCX  ERROR cuCtxGetApiVersion(ctx, &version) failed: invalid device context
[1784040169.299100] [h200x8-01:189547:0]      cuda_iface.h:85   UCX  ERROR cuCtxGetApiVersion(ctx, &version) failed: invalid device context
[1784040169.299102] [h200x8-01:189547:0]      cuda_iface.h:85   UCX  ERROR cuCtxGetApiVersion(ctx, &version) failed: invalid device context
[1784040169.299104] [h200x8-01:189547:0]      cuda_iface.h:85   UCX  ERROR cuCtxGetApiVersion(ctx, &version) failed: invalid device context
[1784040169.299107] [h200x8-01:189547:0]      cuda_iface.h:85   UCX  ERROR cuCtxGetApiVersion(ctx, &version) failed: invalid device context
[1784040169.299109] [h200x8-01:189547:0]      cuda_iface.h:85   UCX  ERROR cuCtxGetApiVersion(ctx, &version) failed: invalid device context
[1784040169.299111] [h200x8-01:189547:0]      cuda_iface.h:85   UCX  ERROR cuCtxGetApiVersion(ctx, &version) failed: invalid device context
[1784040169.299114] [h200x8-01:189547:0]      cuda_iface.h:85   UCX  ERROR cuCtxGetApiVersion(ctx, &version) failed: invalid device context
[1784040169.299116] [h200x8-01:189547:0]      cuda_iface.h:85   UCX  ERROR cuCtxGetApiVersion(ctx, &version) failed: invalid device context
on) failed: invalid device context
[1784040169.298975] [h200x8-01:189540:0]      cuda_iface.h:85   UCX  ERROR cuCtxGetApiVersion(ctx, &version) failed: invalid device context
[1784040169.298977] [h200x8-01:189540:0]      cuda_iface.h:85   UCX  ERROR cuCtxGetApiVersion(ctx, &version) failed: invalid device context
[1784040169.298979] [h200x8-01:189540:0]      cuda_iface.h:85   UCX  ERROR cuCtxGetApiVersion(ctx, &version) failed: invalid device context
[1784040169.298981] [h200x8-01:189540:0]      cuda_iface.h:85   UCX  ERROR cuCtxGetApiVersion(ctx, &version) failed: invalid device context
[1784040169.298982] [h200x8-01:189540:0]      cuda_iface.h:85   UCX  ERROR cuCtxGetApiVersion(ctx, &version) failed: invalid device context
[1784040169.298986] [h200x8-01:189540:0]      cuda_iface.h:85   UCX  ERROR cuCtxGetApiVersion(ctx, &version) failed: invalid device context
[1784040169.298988] [h200x8-01:189540:0]      cuda_iface.h:85   UCX  ERROR cuCtxGetApiVersion(ctx, &version) failed: invalid device context
[1784040169.298989] [h200x8-01:189540:0]      cuda_iface.h:85   UCX  ERROR cuCtxGetApiVersion(ctx, &version) failed: invalid device context
[1784040169.298994] [h200x8-01:189540:0]      cuda_iface.h:85   UCX  ERROR cuCtxGetApiVersion(ctx, &version) failed: invalid device context
[1784040169.298995] [h200x8-01:189540:0]      cuda_iface.h:85   UCX  ERROR cuCtxGetApiVersion(ctx, &version) failed: invalid device context
[1784040169.298996] [h200x8-01:189540:0]      cuda_iface.h:85   UCX  ERROR cuCtxGetApiVersion(ctx, &version) failed: invalid device context
[1784040169.299000] [h200x8-01:189540:0]      cuda_iface.h:85   UCX  ERROR cuCtxGetApiVersion(ctx, &version) failed: invalid device context
[1784040169.299002] [h200x8-01:189540:0]      cuda_iface.h:85   UCX  ERROR cuCtxGetApiVersion(ctx, &version) failed: invalid device context
[1784040169.299003] [h200x8-01:189540:0]      cuda_iface.h:85   UCX  ERROR cuCtxGetApiVersion(ctx, &version) failed: invalid device context
[1784040169.299007] [h200x8-01:189540:0]      cuda_iface.h:85   UCX  ERROR cuCtxGetApiVersion(ctx, &version) failed: invalid device context
[1784040169.299008] [h200x8-01:189540:0]      cuda_iface.h:85   UCX  ERROR cuCtxGetApiVersion(ctx, &version) failed: invalid device context
[1784040169.299012] [h200x8-01:189540:0]      cuda_iface.h:85   UCX  ERROR cuCtxGetApiVersion(ctx, &version) failed: invalid device context
[1784040169.299013] [h200x8-01:189540:0]      cuda_iface.h:85   UCX  ERROR cuCtxGetApiVersion(ctx, &version) failed: invalid device context
[1784040169.299016] [h200x8-01:189540:0]      cuda_iface.h:85   UCX  ERROR cuCtxGetApiVersion(ctx, &version) failed: invalid device context
[1784040169.299018] [h200x8-01:189540:0]      cuda_iface.h:85   UCX  ERROR cuCtxGetApiVersion(ctx, &version) failed: invalid device context
[1784040169.299019] [h200x8-01:189540:0]      cuda_iface.h:85   UCX  ERROR cuCtxGetApiVersion(ctx, &version) failed: invalid device context
[1784040169.299024] [h200x8-01:189540:0]      cuda_iface.h:85   UCX  ERROR cuCtxGetApiVersion(ctx, &version) failed: invalid device context
[1784040169.299025] [h200x8-01:189540:0]      cuda_iface.h:85   UCX  ERROR cuCtxGetApiVersion(ctx, &version) failed: invalid device context
[1784040169.299027] [h200x8-01:189540:0]      cuda_iface.h:85   UCX  ERROR cuCtxGetApiVersion(ctx, &version) failed: invalid device context
[1784040169.299029] [h200x8-01:189540:0]      cuda_iface.h:85   UCX  ERROR cuCtxGetApiVersion(ctx, &version) failed: invalid device context
[1784040169.299030] [h200x8-01:189540:0]      cuda_iface.h:85   UCX  ERROR cuCtxGetApiVersion(ctx, &version) failed: invalid device context
[1784040169.299032] [h200x8-01:189540:0]      cuda_iface.h:85   UCX  ERROR cuCtxGetApiVersion(ctx, &version) failed: invalid device context
[1784040169.299036] [h200x8-01:189540:0]      cuda_iface.h:85   UCX  ERROR cuCtxGetApiVersion(ctx, &version) failed: invalid device context
[1784040169.299038] [h200x8-01:189540:0]      cuda_iface.h:85   UCX  ERROR cuCtxGetApiVersion(ctx, &version) failed: invalid device context
n) failed: invalid device context
[1784040169.299142] [h200x8-01:189546:0]      cuda_iface.h:85   UCX  ERROR cuCtxGetApiVersion(ctx, &version) failed: invalid device context
[1784040169.299144] [h200x8-01:189546:0]      cuda_iface.h:85   UCX  ERROR cuCtxGetApiVersion(ctx, &version) failed: invalid device context
[1784040169.299147] [h200x8-01:189546:0]      cuda_iface.h:85   UCX  ERROR cuCtxGetApiVersion(ctx, &version) failed: invalid device context
[1784040169.299154] [h200x8-01:189546:0]      cuda_iface.h:85   UCX  ERROR cuCtxGetApiVersion(ctx, &version) failed: invalid device context
[1784040169.299159] [h200x8-01:189546:0]      cuda_iface.h:85   UCX  ERROR cuCtxGetApiVersion(ctx, &version) failed: invalid device context
[1784040169.299163] [h200x8-01:189546:0]      cuda_iface.h:85   UCX  ERROR cuCtxGetApiVersion(ctx, &version) failed: invalid device context
[1784040169.299167] [h200x8-01:189546:0]      cuda_iface.h:85   UCX  ERROR cuCtxGetApiVersion(ctx, &version) failed: invalid device context
[1784040169.299169] [h200x8-01:189546:0]      cuda_iface.h:85   UCX  ERROR cuCtxGetApiVersion(ctx, &version) failed: invalid device context
[1784040169.299173] [h200x8-01:189546:0]      cuda_iface.h:85   UCX  ERROR cuCtxGetApiVersion(ctx, &version) failed: invalid device context
[1784040169.299178] [h200x8-01:189546:0]      cuda_iface.h:85   UCX  ERROR cuCtxGetApiVersion(ctx, &version) failed: invalid device context
[1784040169.299181] [h200x8-01:189546:0]      cuda_iface.h:85   UCX  ERROR cuCtxGetApiVersion(ctx, &version) failed: invalid device context
[1784040169.299182] [h200x8-01:189546:0]      cuda_iface.h:85   UCX  ERROR cuCtxGetApiVersion(ctx, &version) failed: invalid device context
[1784040169.299185] [h200x8-01:189546:0]      cuda_iface.h:85   UCX  ERROR cuCtxGetApiVersion(ctx, &version) failed: invalid device context
[1784040169.299186] [h200x8-01:189546:0]      cuda_iface.h:85   UCX  ERROR cuCtxGetApiVersion(ctx, &version) failed: invalid device context
[1784040169.299191] [h200x8-01:189546:0]      cuda_iface.h:85   UCX  ERROR cuCtxGetApiVersion(ctx, &version) failed: invalid device context
[1784040169.299195] [h200x8-01:189546:0]      cuda_iface.h:85   UCX  ERROR cuCtxGetApiVersion(ctx, &version) failed: invalid device context
[1784040169.299199] [h200x8-01:189546:0]      cuda_iface.h:85   UCX  ERROR cuCtxGetApiVersion(ctx, &version) failed: invalid device context
[1784040169.299203] [h200x8-01:189546:0]      cuda_iface.h:85   UCX  ERROR cuCtxGetApiVersion(ctx, &version) failed: invalid device context
[1784040169.299204] [h200x8-01:189546:0]      cuda_iface.h:85   UCX  ERROR cuCtxGetApiVersion(ctx, &version) failed: invalid device context
[1784040169.299206] [h200x8-01:189546:0]      cuda_iface.h:85   UCX  ERROR cuCtxGetApiVersion(ctx, &version) failed: invalid device context
[1784040169.299209] [h200x8-01:189546:0]      cuda_iface.h:85   UCX  ERROR cuCtxGetApiVersion(ctx, &version) failed: invalid device context
[1784040169.299210] [h200x8-01:189546:0]      cuda_iface.h:85   UCX  ERROR cuCtxGetApiVersion(ctx, &version) failed: invalid device context
[1784040169.299212] [h200x8-01:189546:0]      cuda_iface.h:85   UCX  ERROR cuCtxGetApiVersion(ctx, &version) failed: invalid device context
[1784040169.299213] [h200x8-01:189546:0]      cuda_iface.h:85   UCX  ERROR cuCtxGetApiVersion(ctx, &version) failed: invalid device context
[1784040169.299216] [h200x8-01:189546:0]      cuda_iface.h:85   UCX  ERROR cuCtxGetApiVersion(ctx, &version) failed: invalid device context
[1784040169.299217] [h200x8-01:189546:0]      cuda_iface.h:85   UCX  ERROR cuCtxGetApiVersion(ctx, &version) failed: invalid device context
[1784040169.299220] [h200x8-01:189546:0]      cuda_iface.h:85   UCX  ERROR cuCtxGetApiVersion(ctx, &version) failed: invalid device context
[1784040169.299222] [h200x8-01:189546:0]      cuda_iface.h:85   UCX  ERROR cuCtxGetApiVersion(ctx, &version) failed: invalid device context
[1784040169.299225] [h200x8-01:189546:0]      cuda_iface.h:85   UCX  ERROR cuCtxGetApiVersion(ctx, &version) failed: invalid device context
[on) failed: invalid device context
[1784040169.299068] [h200x8-01:189539:0]      cuda_iface.h:85   UCX  ERROR cuCtxGetApiVersion(ctx, &version) failed: invalid device context
[1784040169.299072] [h200x8-01:189539:0]      cuda_iface.h:85   UCX  ERROR cuCtxGetApiVersion(ctx, &version) failed: invalid device context
[1784040169.299077] [h200x8-01:189539:0]      cuda_iface.h:85   UCX  ERROR cuCtxGetApiVersion(ctx, &version) failed: invalid device context
[1784040169.299082] [h200x8-01:189539:0]      cuda_iface.h:85   UCX  ERROR cuCtxGetApiVersion(ctx, &version) failed: invalid device context
[1784040169.299084] [h200x8-01:189539:0]      cuda_iface.h:85   UCX  ERROR cuCtxGetApiVersion(ctx, &version) failed: invalid device context
[1784040169.299090] [h200x8-01:189539:0]      cuda_iface.h:85   UCX  ERROR cuCtxGetApiVersion(ctx, &version) failed: invalid device context
[1784040169.299095] [h200x8-01:189539:0]      cuda_iface.h:85   UCX  ERROR cuCtxGetApiVersion(ctx, &version) failed: invalid device context
[1784040169.299098] [h200x8-01:189539:0]      cuda_iface.h:85   UCX  ERROR cuCtxGetApiVersion(ctx, &version) failed: invalid device context
[1784040169.299100] [h200x8-01:189539:0]      cuda_iface.h:85   UCX  ERROR cuCtxGetApiVersion(ctx, &version) failed: invalid device context
[1784040169.299103] [h200x8-01:189539:0]      cuda_iface.h:85   UCX  ERROR cuCtxGetApiVersion(ctx, &version) failed: invalid device context
[1784040169.299109] [h200x8-01:189539:0]      cuda_iface.h:85   UCX  ERROR cuCtxGetApiVersion(ctx, &version) failed: invalid device context
[1784040169.299112] [h200x8-01:189539:0]      cuda_iface.h:85   UCX  ERROR cuCtxGetApiVersion(ctx, &version) failed: invalid device context
[1784040169.299116] [h200x8-01:189539:0]      cuda_iface.h:85   UCX  ERROR cuCtxGetApiVersion(ctx, &version) failed: invalid device context
[1784040169.299121] [h200x8-01:189539:0]      cuda_iface.h:85   UCX  ERROR cuCtxGetApiVersion(ctx, &version) failed: invalid device context
[1784040169.299125] [h200x8-01:189539:0]      cuda_iface.h:85   UCX  ERROR cuCtxGetApiVersion(ctx, &version) failed: invalid device context
[1784040169.299129] [h200x8-01:189539:0]      cuda_iface.h:85   UCX  ERROR cuCtxGetApiVersion(ctx, &version) failed: invalid device context
[1784040169.299133] [h200x8-01:189539:0]      cuda_iface.h:85   UCX  ERROR cuCtxGetApiVersion(ctx, &version) failed: invalid device context
[1784040169.299137] [h200x8-01:189539:0]      cuda_iface.h:85   UCX  ERROR cuCtxGetApiVersion(ctx, &version) failed: invalid device context
[1784040169.299142] [h200x8-01:189539:0]      cuda_iface.h:85   UCX  ERROR cuCtxGetApiVersion(ctx, &version) failed: invalid device context
[1784040169.299145] [h200x8-01:189539:0]      cuda_iface.h:85   UCX  ERROR cuCtxGetApiVersion(ctx, &version) failed: invalid device context
[1784040169.299151] [h200x8-01:189539:0]      cuda_iface.h:85   UCX  ERROR cuCtxGetApiVersion(ctx, &version) failed: invalid device context
[1784040169.299155] [h200x8-01:189539:0]      cuda_iface.h:85   UCX  ERROR cuCtxGetApiVersion(ctx, &version) failed: invalid device context
[1784040169.299157] [h200x8-01:189539:0]      cuda_iface.h:85   UCX  ERROR cuCtxGetApiVersion(ctx, &version) failed: invalid device context
[1784040169.299161] [h200x8-01:189539:0]      cuda_iface.h:85   UCX  ERROR cuCtxGetApiVersion(ctx, &version) failed: invalid device context
[1784040169.299165] [h200x8-01:189539:0]      cuda_iface.h:85   UCX  ERROR cuCtxGetApiVersion(ctx, &version) failed: invalid device context
[1784040169.299168] [h200x8-01:189539:0]      cuda_iface.h:85   UCX  ERROR cuCtxGetApiVersion(ctx, &version) failed: invalid device context
[1784040169.299173] [h200x8-01:189539:0]      cuda_iface.h:85   UCX  ERROR cuCtxGetApiVersion(ctx, &version) failed: invalid device context
[1784040169.299177] [h200x8-01:189539:0]      cuda_iface.h:85   UCX  ERROR cuCtxGetApiVersion(ctx, &version) failed: invalid device context
[1784040169.299180] [h200x8-01:189539:0]      cuda_iface.h:85   UCX  ERROR cuCtxGetApiVersion(ctx, &version) failed: invalid device context
1784040169.299227] [h200x8-01:189546:0]      cuda_iface.h:85   UCX  ERROR cuCtxGetApiVersion(ctx, &version) failed: invalid device context
[1784040169.299229] [h200x8-01:189546:0]      cuda_iface.h:85   UCX  ERROR cuCtxGetApiVersion(ctx, &version) failed: invalid device context
[1784040169.299230] [h200x8-01:189546:0]      cuda_iface.h:85   UCX  ERROR cuCtxGetApiVersion(ctx, &version) failed: invalid device context
[1784040169.299234] [h200x8-01:189546:0]      cuda_iface.h:85   UCX  ERROR cuCtxGetApiVersion(ctx, &version) failed: invalid device context
[1784040169.299235] [h200x8-01:189546:0]      cuda_iface.h:85   UCX  ERROR cuCtxGetApiVersion(ctx, &version) failed: invalid device context
[1784040169.299237] [h200x8-01:189546:0]      cuda_iface.h:85   UCX  ERROR cuCtxGetApiVersion(ctx, &version) failed: invalid device context
[1784040169.299242] [h200x8-01:189546:0]      cuda_iface.h:85   UCX  ERROR cuCtxGetApiVersion(ctx, &version) failed: invalid device context
[1784040169.299244] [h200x8-01:189546:0]      cuda_iface.h:85   UCX  ERROR cuCtxGetApiVersion(ctx, &version) failed: invalid device context
[1784040169.299245] [h200x8-01:189546:0]      cuda_iface.h:85   UCX  ERROR cuCtxGetApiVersion(ctx, &version) failed: invalid device context
[1784040169.299246] [h200x8-01:189546:0]      cuda_iface.h:85   UCX  ERROR cuCtxGetApiVersion(ctx, &version) failed: invalid device context
[1784040169.299248] [h200x8-01:189546:0]      cuda_iface.h:85   UCX  ERROR cuCtxGetApiVersion(ctx, &version) failed: invalid device context
[1784040169.299249] [h200x8-01:189546:0]      cuda_iface.h:85   UCX  ERROR cuCtxGetApiVersion(ctx, &version) failed: invalid device context
[1784040169.298869] [h200x8-01:189541:0]      cuda_iface.h:85   UCX  ERROR cuCtxGetApiVersion(ctx, &version) failed: invalid device context
[1784040169.298871] [h200x8-01:189541:0]      cuda_iface.h:85   UCX  ERROR cuCtxGetApiVersion(ctx, &version) failed: invalid device context
[1784040169.298873] [h200x8-01:189541:0]      cuda_iface.h:85   UCX  ERROR cuCtxGetApiVersion(ctx, &version) failed: invalid device context
[1784040169.298875] [h200x8-01:189541:0]      cuda_iface.h:85   UCX  ERROR cuCtxGetApiVersion(ctx, &version) failed: invalid device context
[1784040169.298876] [h200x8-01:189541:0]      cuda_iface.h:85   UCX  ERROR cuCtxGetApiVersion(ctx, &version) failed: invalid device context
[1784040169.299256] [h200x8-01:189541:0]      cuda_iface.h:85   UCX  ERROR cuCtxGetApiVersion(ctx, &version) failed: invalid device context
[1784040169.299257] [h200x8-01:189541:0]      cuda_iface.h:85   UCX  ERROR cuCtxGetApiVersion(ctx, &version) failed: invalid device context
[1784040169.299259] [h200x8-01:189541:0]      cuda_iface.h:85   UCX  ERROR cuCtxGetApiVersion(ctx, &version) failed: invalid device context
[1784040169.299261] [h200x8-01:189541:0]      cuda_iface.h:85   UCX  ERROR cuCtxGetApiVersion(ctx, &version) failed: invalid device context
[1784040169.299262] [h200x8-01:189541:0]      cuda_iface.h:85   UCX  ERROR cuCtxGetApiVersion(ctx, &version) failed: invalid device context
[1784040169.299264] [h200x8-01:189541:0]      cuda_iface.h:85   UCX  ERROR cuCtxGetApiVersion(ctx, &version) failed: invalid device context
[1784040169.299265] [h200x8-01:189541:0]      cuda_iface.h:85   UCX  ERROR cuCtxGetApiVersion(ctx, &version) failed: invalid device context
[1784040169.299114] [h200x8-01:189551:0]      cuda_iface.h:85   UCX  ERROR cuCtxGetApiVersion(ctx, &version) failed: invalid device context
[1784040169.299120] [h200x8-01:189551:0]      cuda_iface.h:85   UCX  ERROR cuCtxGetApiVersion(ctx, &version) failed: invalid device context
[1784040169.299123] [h200x8-01:189551:0]      cuda_iface.h:85   UCX  ERROR cuCtxGetApiVersion(ctx, &version) failed: invalid device context
[1784040169.299127] [h200x8-01:189551:0]      cuda_iface.h:85   UCX  ERROR cuCtxGetApiVersion(ctx, &version) failed: invalid device context
[1784040169.299131] [h200x8-01:189551:0]      cuda_iface.h:85   UCX  ERROR cuCtxGetApiVersion(ctx, &version) failed: invalid device context
[1784040169.299266] [h200x8-01:189551:0]      cuda_iface.h:85   UCX  ERROR cuCtxGetApiVersion(ctx, &version) failed: invalid device context
[1784040169.299268] [h200x8-01:189551:0]      cuda_iface.h:85   UCX  ERROR cuCtxGetApiVersion(ctx, &version) failed: invalid device context
[1784040169.299270] [h200x8-01:189551:0]      cuda_iface.h:85   UCX  ERROR cuCtxGetApiVersion(ctx, &version) failed: invalid device context
[1784040169.299272] [h200x8-01:189551:0]      cuda_iface.h:85   UCX  ERROR cuCtxGetApiVersion(ctx, &version) failed: invalid device context
[1784040169.299273] [h200x8-01:189551:0]      cuda_iface.h:85   UCX  ERROR cuCtxGetApiVersion(ctx, &version) failed: invalid device context
[1784040169.299275] [h200x8-01:189551:0]      cuda_iface.h:85   UCX  ERROR cuCtxGetApiVersion(ctx, &version) failed: invalid device context
[1784040169.299276] [h200x8-01:189551:0]      cuda_iface.h:85   UCX  ERROR cuCtxGetApiVersion(ctx, &version) failed: invalid device context
1784040169.299042] [h200x8-01:189542:0]      cuda_iface.h:85   UCX  ERROR cuCtxGetApiVersion(ctx, &version) failed: invalid device context
[1784040169.299044] [h200x8-01:189542:0]      cuda_iface.h:85   UCX  ERROR cuCtxGetApiVersion(ctx, &version) failed: invalid device context
[1784040169.299045] [h200x8-01:189542:0]      cuda_iface.h:85   UCX  ERROR cuCtxGetApiVersion(ctx, &version) failed: invalid device context
[1784040169.299049] [h200x8-01:189542:0]      cuda_iface.h:85   UCX  ERROR cuCtxGetApiVersion(ctx, &version) failed: invalid device context
[1784040169.299051] [h200x8-01:189542:0]      cuda_iface.h:85   UCX  ERROR cuCtxGetApiVersion(ctx, &version) failed: invalid device context
[1784040169.299275] [h200x8-01:189542:0]      cuda_iface.h:85   UCX  ERROR cuCtxGetApiVersion(ctx, &version) failed: invalid device context
[1784040169.299276] [h200x8-01:189542:0]      cuda_iface.h:85   UCX  ERROR cuCtxGetApiVersion(ctx, &version) failed: invalid device context
[1784040169.299277] [h200x8-01:189542:0]      cuda_iface.h:85   UCX  ERROR cuCtxGetApiVersion(ctx, &version) failed: invalid device context
[1784040169.299279] [h200x8-01:189542:0]      cuda_iface.h:85   UCX  ERROR cuCtxGetApiVersion(ctx, &version) failed: invalid device context
[1784040169.299281] [h200x8-01:189542:0]      cuda_iface.h:85   UCX  ERROR cuCtxGetApiVersion(ctx, &version) failed: invalid device context
[1784040169.299284] [h200x8-01:189542:0]      cuda_iface.h:85   UCX  ERROR cuCtxGetApiVersion(ctx, &version) failed: invalid device context
[1784040169.299285] [h200x8-01:189542:0]      cuda_iface.h:85   UCX  ERROR cuCtxGetApiVersion(ctx, &version) failed: invalid device context
1784040169.299181] [h200x8-01:189545:0]      cuda_iface.h:85   UCX  ERROR cuCtxGetApiVersion(ctx, &version) failed: invalid device context
[1784040169.299183] [h200x8-01:189545:0]      cuda_iface.h:85   UCX  ERROR cuCtxGetApiVersion(ctx, &version) failed: invalid device context
[1784040169.299185] [h200x8-01:189545:0]      cuda_iface.h:85   UCX  ERROR cuCtxGetApiVersion(ctx, &version) failed: invalid device context
[1784040169.299189] [h200x8-01:189545:0]      cuda_iface.h:85   UCX  ERROR cuCtxGetApiVersion(ctx, &version) failed: invalid device context
[1784040169.299193] [h200x8-01:189545:0]      cuda_iface.h:85   UCX  ERROR cuCtxGetApiVersion(ctx, &version) failed: invalid device context
[1784040169.299197] [h200x8-01:189545:0]      cuda_iface.h:85   UCX  ERROR cuCtxGetApiVersion(ctx, &version) failed: invalid device context
[1784040169.299201] [h200x8-01:189545:0]      cuda_iface.h:85   UCX  ERROR cuCtxGetApiVersion(ctx, &version) failed: invalid device context
[1784040169.299204] [h200x8-01:189545:0]      cuda_iface.h:85   UCX  ERROR cuCtxGetApiVersion(ctx, &version) failed: invalid device context
[1784040169.299205] [h200x8-01:189545:0]      cuda_iface.h:85   UCX  ERROR cuCtxGetApiVersion(ctx, &version) failed: invalid device context
[1784040169.299207] [h200x8-01:189545:0]      cuda_iface.h:85   UCX  ERROR cuCtxGetApiVersion(ctx, &version) failed: invalid device context
[1784040169.299210] [h200x8-01:189545:0]      cuda_iface.h:85   UCX  ERROR cuCtxGetApiVersion(ctx, &version) failed: invalid device context
[1784040169.299211] [h200x8-01:189545:0]      cuda_iface.h:85   UCX  ERROR cuCtxGetApiVersion(ctx, &version) failed: invalid device context
[1784040169.299118] [h200x8-01:189547:0]      cuda_iface.h:85   UCX  ERROR cuCtxGetApiVersion(ctx, &version) failed: invalid device context
[1784040169.299121] [h200x8-01:189547:0]      cuda_iface.h:85   UCX  ERROR cuCtxGetApiVersion(ctx, &version) failed: invalid device context
[1784040169.299123] [h200x8-01:189547:0]      cuda_iface.h:85   UCX  ERROR cuCtxGetApiVersion(ctx, &version) failed: invalid device context
[1784040169.299125] [h200x8-01:189547:0]      cuda_iface.h:85   UCX  ERROR cuCtxGetApiVersion(ctx, &version) failed: invalid device context
[1784040169.299127] [h200x8-01:189547:0]      cuda_iface.h:85   UCX  ERROR cuCtxGetApiVersion(ctx, &version) failed: invalid device context
[1784040169.299221] [h200x8-01:189547:0]      cuda_iface.h:85   UCX  ERROR cuCtxGetApiVersion(ctx, &version) failed: invalid device context
[1784040169.299222] [h200x8-01:189547:0]      cuda_iface.h:85   UCX  ERROR cuCtxGetApiVersion(ctx, &version) failed: invalid device context
[1784040169.299224] [h200x8-01:189547:0]      cuda_iface.h:85   UCX  ERROR cuCtxGetApiVersion(ctx, &version) failed: invalid device context
[1784040169.299225] [h200x8-01:189547:0]      cuda_iface.h:85   UCX  ERROR cuCtxGetApiVersion(ctx, &version) failed: invalid device context
[1784040169.299226] [h200x8-01:189547:0]      cuda_iface.h:85   UCX  ERROR cuCtxGetApiVersion(ctx, &version) failed: invalid device context
[1784040169.299228] [h200x8-01:189547:0]      cuda_iface.h:85   UCX  ERROR cuCtxGetApiVersion(ctx, &version) failed: invalid device context
[1784040169.299229] [h200x8-01:189547:0]      cuda_iface.h:85   UCX  ERROR cuCtxGetApiVersion(ctx, &version) failed: invalid device context
[1784040169.299039] [h200x8-01:189540:0]      cuda_iface.h:85   UCX  ERROR cuCtxGetApiVersion(ctx, &version) failed: invalid device context
[1784040169.299040] [h200x8-01:189540:0]      cuda_iface.h:85   UCX  ERROR cuCtxGetApiVersion(ctx, &version) failed: invalid device context
[1784040169.299042] [h200x8-01:189540:0]      cuda_iface.h:85   UCX  ERROR cuCtxGetApiVersion(ctx, &version) failed: invalid device context
[1784040169.299045] [h200x8-01:189540:0]      cuda_iface.h:85   UCX  ERROR cuCtxGetApiVersion(ctx, &version) failed: invalid device context
[1784040169.299046] [h200x8-01:189540:0]      cuda_iface.h:85   UCX  ERROR cuCtxGetApiVersion(ctx, &version) failed: invalid device context
[1784040169.299229] [h200x8-01:189540:0]      cuda_iface.h:85   UCX  ERROR cuCtxGetApiVersion(ctx, &version) failed: invalid device context
[1784040169.299230] [h200x8-01:189540:0]      cuda_iface.h:85   UCX  ERROR cuCtxGetApiVersion(ctx, &version) failed: invalid device context
[1784040169.299234] [h200x8-01:189540:0]      cuda_iface.h:85   UCX  ERROR cuCtxGetApiVersion(ctx, &version) failed: invalid device context
[1784040169.299235] [h200x8-01:189540:0]      cuda_iface.h:85   UCX  ERROR cuCtxGetApiVersion(ctx, &version) failed: invalid device context
[1784040169.299237] [h200x8-01:189540:0]      cuda_iface.h:85   UCX  ERROR cuCtxGetApiVersion(ctx, &version) failed: invalid device context
[1784040169.299242] [h200x8-01:189540:0]      cuda_iface.h:85   UCX  ERROR cuCtxGetApiVersion(ctx, &version) failed: invalid device context
[1784040169.299243] [h200x8-01:189540:0]      cuda_iface.h:85   UCX  ERROR cuCtxGetApiVersion(ctx, &version) failed: invalid device context
[1784040169.299182] [h200x8-01:189539:0]      cuda_iface.h:85   UCX  ERROR cuCtxGetApiVersion(ctx, &version) failed: invalid device context
[1784040169.299185] [h200x8-01:189539:0]      cuda_iface.h:85   UCX  ERROR cuCtxGetApiVersion(ctx, &version) failed: invalid device context
[1784040169.299186] [h200x8-01:189539:0]      cuda_iface.h:85   UCX  ERROR cuCtxGetApiVersion(ctx, &version) failed: invalid device context
[1784040169.299190] [h200x8-01:189539:0]      cuda_iface.h:85   UCX  ERROR cuCtxGetApiVersion(ctx, &version) failed: invalid device context
[1784040169.299194] [h200x8-01:189539:0]      cuda_iface.h:85   UCX  ERROR cuCtxGetApiVersion(ctx, &version) failed: invalid device context
[1784040169.299198] [h200x8-01:189539:0]      cuda_iface.h:85   UCX  ERROR cuCtxGetApiVersion(ctx, &version) failed: invalid device context
[1784040169.299202] [h200x8-01:189539:0]      cuda_iface.h:85   UCX  ERROR cuCtxGetApiVersion(ctx, &version) failed: invalid device context
[1784040169.299284] [h200x8-01:189539:0]      cuda_iface.h:85   UCX  ERROR cuCtxGetApiVersion(ctx, &version) failed: invalid device context
[1784040169.299286] [h200x8-01:189539:0]      cuda_iface.h:85   UCX  ERROR cuCtxGetApiVersion(ctx, &version) failed: invalid device context
[1784040169.299288] [h200x8-01:189539:0]      cuda_iface.h:85   UCX  ERROR cuCtxGetApiVersion(ctx, &version) failed: invalid device context
[1784040169.299289] [h200x8-01:189539:0]      cuda_iface.h:85   UCX  ERROR cuCtxGetApiVersion(ctx, &version) failed: invalid device context
[1784040169.299291] [h200x8-01:189539:0]      cuda_iface.h:85   UCX  ERROR cuCtxGetApiVersion(ctx, &version) failed: invalid device context
