Host h200x8-01 using GPU 5: NVIDIA H200 NVL
Host h200x8-01 using GPU 4: NVIDIA H200 NVL
Host h200x8-01 using GPU 0: NVIDIA H200 NVL
Host h200x8-01 using GPU 6: NVIDIA H200 NVL
Host h200x8-01 using GPU 1: NVIDIA H200 NVL
Host h200x8-01 using GPU 3: NVIDIA H200 NVL
Host h200x8-01 using GPU 2: NVIDIA H200 NVL
Host h200x8-01 using GPU 7: NVIDIA H200 NVL
Running until t=0.010000, Problem size=60x60x60
   Used Memory         =  760.2500 Mb
Run completed:  
   Problem size        =  60 
   MPI tasks           =  8 
   Iteration count     =  200 
   Final Origin Energy = 5.187793e+07 
   Testing Plane 0 of Energy Array on rank 0:
        MaxAbsDiff   = 4.656613e-09
        TotalAbsDiff = 2.863204e-08
        MaxRelDiff   = 1.064081e-12


Elapsed time         =       4.10 (s)
Grind time (us/z/c)  = 0.094932492 (per dom)  (0.011866562 overall)
FOM                  =   84270.41 (z/s)

[1784039838.785333] [h200x8-01:187509:0]      cuda_iface.h:85   UCX  ERROR cuCtxGetApiVersion(ctx, &version) failed: invalid device context
[1784039838.785346] [h200x8-01:187509:0]      cuda_iface.h:85   UCX  ERROR cuCtxGetApiVersion(ctx, &version) failed: invalid device context
[1784039838.785348] [h200x8-01:187509:0]      cuda_iface.h:85   UCX  ERROR cuCtxGetApiVersion(ctx, &version) failed: invalid device context
[1784039838.785350] [h200x8-01:187509:0]      cuda_iface.h:85   UCX  ERROR cuCtxGetApiVersion(ctx, &version) failed: invalid device context
[1784039838.785351] [h200x8-01:187509:0]      cuda_iface.h:85   UCX  ERROR cuCtxGetApiVersion(ctx, &version) failed: invalid device context
[1784039838.785353] [h200x8-01:187509:0]      cuda_iface.h:85   UCX  ERROR cuCtxGetApiVersion(ctx, &version) failed: invalid device context
[1784039838.785354] [h200x8-01:187509:0]      cuda_iface.h:85   UCX  ERROR cuCtxGetApiVersion(ctx, &version) failed: invalid device context
[1784039838.785355] [h200x8-01:187509:0]      cuda_iface.h:85   UCX  ERROR cuCtxGetApiVersion(ctx, &version) failed: invalid device context
[1784039838.785357] [h200x8-01:187509:0]      cuda_iface.h:85   UCX  ERROR cuCtxGetApiVersion(ctx, &version) failed: invalid device context
[1784039838.785358] [h200x8-01:187509:0]      cuda_iface.h:85   UCX  ERROR cuCtxGetApiVersion(ctx, &version) failed: invalid device context
[1784039838.785359] [h200x8-01:187509:0]      cuda_iface.h:85   UCX  ERROR cuCtxGetApiVersion(ctx, &version) failed: invalid device context
[1784039838.785361] [h200x8-01:187509:0]      cuda_iface.h:85   UCX  ERROR cuCtxGetApiVersion(ctx, &version) failed: invalid device context
[1784039838.785362] [h200x8-01:187509:0]      cuda_iface.h:85   UCX  ERROR cuCtxGetApiVersion(ctx, &version) failed: invalid device context
[1784039838.785364] [h200x8-01:187509:0]      cuda_iface.h:85   UCX  ERROR cuCtxGetApiVersion(ctx, &version) failed: invalid device context
[1784039838.785365] [h200x8-01:187509:0]      cuda_iface.h:85   UCX  ERROR cuCtxGetApiVersion(ctx, &version) failed: invalid device context
[1784039838.785366] [h200x8-01:187509:0]      cuda_iface.h:85   UCX  ERROR cuCtxGetApiVersion(ctx, &version) failed: invalid device context
[1784039838.785368] [h200x8-01:187509:0]      cuda_iface.h:85   UCX  ERROR cuCtxGetApiVersion(ctx, &version) failed: invalid device context
[1784039838.785369] [h200x8-01:187509:0]      cuda_iface.h:85   UCX  ERROR cuCtxGetApiVersion(ctx, &version) failed: invalid device context
[1784039838.785370] [h200x8-01:187509:0]      cuda_iface.h:85   UCX  ERROR cuCtxGetApiVersion(ctx, &version) failed: invalid device context
[1784039838.785372] [h200x8-01:187509:0]      cuda_iface.h:85   UCX  ERROR cuCtxGetApiVersion(ctx, &version) failed: invalid device context
[1784039838.785373] [h200x8-01:187509:0]      cuda_iface.h:85   UCX  ERROR cuCtxGetApiVersion(ctx, &version) failed: invalid device context
[1784039838.785374] [h200x8-01:187509:0]      cuda_iface.h:85   UCX  ERROR cuCtxGetApiVersion(ctx, &version) failed: invalid device context
[1784039838.785376] [h200x8-01:187509:0]      cuda_iface.h:85   UCX  ERROR cuCtxGetApiVersion(ctx, &version) failed: invalid device context
[1784039838.785377] [h200x8-01:187509:0]      cuda_iface.h:85   UCX  ERROR cuCtxGetApiVersion(ctx, &version) failed: invalid device context
[1784039838.785378] [h200x8-01:187509:0]      cuda_iface.h:85   UCX  ERROR cuCtxGetApiVersion(ctx, &version) failed: invalid device context
[1784039838.785380] [h200x8-01:187509:0]      cuda_iface.h:85   UCX  ERROR cuCtxGetApiVersion(ctx, &version) failed: invalid device context
[1784039838.785381] [h200x8-01:187509:0]      cuda_iface.h:85   UCX  ERROR cuCtxGetApiVersion(ctx, &version) failed: invalid device context
[1784039838.785383] [h200x8-01:187509:0]      cuda_iface.h:85   UCX  ERROR cuCtxGetApiVersion(ctx, &version) failed: invalid device context
[1784039838.785384] [h200x8-01:187509:0]      cuda_iface.h:85   UCX  ERROR cuCtxGetApiVersion(ctx, &version) failed: invalid device context
[1784039838.785385] [h200x8-01:1875[1784039838.785424] [h200x8-01:187513:0]      cuda_iface.h:85   UCX  ERROR cuCtxGetApiVersion(ctx, &version) failed: invalid device context
[1784039838.785437] [h200x8-01:187513:0]      cuda_iface.h:85   UCX  ERROR cuCtxGetApiVersion(ctx, &version) failed: invalid device context
[1784039838.785439] [h200x8-01:187513:0]      cuda_iface.h:85   UCX  ERROR cuCtxGetApiVersion(ctx, &version) failed: invalid device context
[1784039838.785441] [h200x8-01:187513:0]      cuda_iface.h:85   UCX  ERROR cuCtxGetApiVersion(ctx, &version) failed: invalid device context
[1784039838.785443] [h200x8-01:187513:0]      cuda_iface.h:85   UCX  ERROR cuCtxGetApiVersion(ctx, &version) failed: invalid device context
[1784039838.785445] [h200x8-01:187513:0]      cuda_iface.h:85   UCX  ERROR cuCtxGetApiVersion(ctx, &version) failed: invalid device context
[1784039838.785447] [h200x8-01:187513:0]      cuda_iface.h:85   UCX  ERROR cuCtxGetApiVersion(ctx, &version) failed: invalid device context
[1784039838.785449] [h200x8-01:187513:0]      cuda_iface.h:85   UCX  ERROR cuCtxGetApiVersion(ctx, &version) failed: invalid device context
[1784039838.785450] [h200x8-01:187513:0]      cuda_iface.h:85   UCX  ERROR cuCtxGetApiVersion(ctx, &version) failed: invalid device context
[1784039838.785452] [h200x8-01:187513:0]      cuda_iface.h:85   UCX  ERROR cuCtxGetApiVersion(ctx, &version) failed: invalid device context
[1784039838.785454] [h200x8-01:187513:0]      cuda_iface.h:85   UCX  ERROR cuCtxGetApiVersion(ctx, &version) failed: invalid device context
[1784039838.785456] [h200x8-01:187513:0]      cuda_iface.h:85   UCX  ERROR cuCtxGetApiVersion(ctx, &version) failed: invalid device context
[1784039838.785457] [h200x8-01:187513:0]      cuda_iface.h:85   UCX  ERROR cuCtxGetApiVersion(ctx, &version) failed: invalid device context
[1784039838.785459] [h200x8-01:187513:0]      cuda_iface.h:85   UCX  ERROR cuCtxGetApiVersion(ctx, &version) failed: invalid device context
[1784039838.785461] [h200x8-01:187513:0]      cuda_iface.h:85   UCX  ERROR cuCtxGetApiVersion(ctx, &version) failed: invalid device context
[1784039838.785462] [h200x8-01:187513:0]      cuda_iface.h:85   UCX  ERROR cuCtxGetApiVersion(ctx, &version) failed: invalid device context
[1784039838.785466] [h200x8-01:187513:0]      cuda_iface.h:85   UCX  ERROR cuCtxGetApiVersion(ctx, &version) failed: invalid device context
[1784039838.785467] [h200x8-01:187513:0]      cuda_iface.h:85   UCX  ERROR cuCtxGetApiVersion(ctx, &version) failed: invalid device context
[1784039838.785469] [h200x8-01:187513:0]      cuda_iface.h:85   UCX  ERROR cuCtxGetApiVersion(ctx, &version) failed: invalid device context
[1784039838.785471] [h200x8-01:187513:0]      cuda_iface.h:85   UCX  ERROR cuCtxGetApiVersion(ctx, &version) failed: invalid device context
[1784039838.785473] [h200x8-01:187513:0]      cuda_iface.h:85   UCX  ERROR cuCtxGetApiVersion(ctx, &version) failed: invalid device context
[1784039838.785474] [h200x8-01:187513:0]      cuda_iface.h:85   UCX  ERROR cuCtxGetApiVersion(ctx, &version) failed: invalid device context
[1784039838.785476] [h200x8-01:187513:0]      cuda_iface.h:85   UCX  ERROR cuCtxGetApiVersion(ctx, &version) failed: invalid device context
[1784039838.785478] [h200x8-01:187513:0]      cuda_iface.h:85   UCX  ERROR cuCtxGetApiVersion(ctx, &version) failed: invalid device context
[1784039838.785479] [h200x8-01:187513:0]      cuda_iface.h:85   UCX  ERROR cuCtxGetApiVersion(ctx, &version) failed: invalid device context
[1784039838.785481] [h200x8-01:187513:0]      cuda_iface.h:85   UCX  ERROR cuCtxGetApiVersion(ctx, &version) failed: invalid device context
[1784039838.785483] [h200x8-01:187513:0]      cuda_iface.h:85   UCX  ERROR cuCtxGetApiVersion(ctx, &version) failed: invalid device context
[1784039838.785485] [h200x8-01:187513:0]      cuda_iface.h:85   UCX  ERROR cuCtxGetApiVersion(ctx, &version) failed: invalid device context
[1784039838.785488] [h200x8-01:187513:0]      cuda_iface.h:85   UCX  ERROR cuCtxGetApiVersion(ctx, &version) failed: invalid device context
[1784039838.785489] [h200x8-01:18751[1784039838.785415] [h200x8-01:187506:0]      cuda_iface.h:85   UCX  ERROR cuCtxGetApiVersion(ctx, &version) failed: invalid device context
[1784039838.785427] [h200x8-01:187506:0]      cuda_iface.h:85   UCX  ERROR cuCtxGetApiVersion(ctx, &version) failed: invalid device context
[1784039838.785430] [h200x8-01:187506:0]      cuda_iface.h:85   UCX  ERROR cuCtxGetApiVersion(ctx, &version) failed: invalid device context
[1784039838.785432] [h200x8-01:187506:0]      cuda_iface.h:85   UCX  ERROR cuCtxGetApiVersion(ctx, &version) failed: invalid device context
[1784039838.785434] [h200x8-01:187506:0]      cuda_iface.h:85   UCX  ERROR cuCtxGetApiVersion(ctx, &version) failed: invalid device context
[1784039838.785435] [h200x8-01:187506:0]      cuda_iface.h:85   UCX  ERROR cuCtxGetApiVersion(ctx, &version) failed: invalid device context
[1784039838.785438] [h200x8-01:187506:0]      cuda_iface.h:85   UCX  ERROR cuCtxGetApiVersion(ctx, &version) failed: invalid device context
[1784039838.785439] [h200x8-01:187506:0]      cuda_iface.h:85   UCX  ERROR cuCtxGetApiVersion(ctx, &version) failed: invalid device context
[1784039838.785441] [h200x8-01:187506:0]      cuda_iface.h:85   UCX  ERROR cuCtxGetApiVersion(ctx, &version) failed: invalid device context
[1784039838.785442] [h200x8-01:187506:0]      cuda_iface.h:85   UCX  ERROR cuCtxGetApiVersion(ctx, &version) failed: invalid device context
[1784039838.785444] [h200x8-01:187506:0]      cuda_iface.h:85   UCX  ERROR cuCtxGetApiVersion(ctx, &version) failed: invalid device context
[1784039838.785446] [h200x8-01:187506:0]      cuda_iface.h:85   UCX  ERROR cuCtxGetApiVersion(ctx, &version) failed: invalid device context
[1784039838.785448] [h200x8-01:187506:0]      cuda_iface.h:85   UCX  ERROR cuCtxGetApiVersion(ctx, &version) failed: invalid device context
[1784039838.785450] [h200x8-01:187506:0]      cuda_iface.h:85   UCX  ERROR cuCtxGetApiVersion(ctx, &version) failed: invalid device context
[1784039838.785451] [h200x8-01:187506:0]      cuda_iface.h:85   UCX  ERROR cuCtxGetApiVersion(ctx, &version) failed: invalid device context
[1784039838.785453] [h200x8-01:187506:0]      cuda_iface.h:85   UCX  ERROR cuCtxGetApiVersion(ctx, &version) failed: invalid device context
[1784039838.785454] [h200x8-01:187506:0]      cuda_iface.h:85   UCX  ERROR cuCtxGetApiVersion(ctx, &version) failed: invalid device context
[1784039838.785456] [h200x8-01:187506:0]      cuda_iface.h:85   UCX  ERROR cuCtxGetApiVersion(ctx, &version) failed: invalid device context
[1784039838.785458] [h200x8-01:187506:0]      cuda_iface.h:85   UCX  ERROR cuCtxGetApiVersion(ctx, &version) failed: invalid device context
[1784039838.785459] [h200x8-01:187506:0]      cuda_iface.h:85   UCX  ERROR cuCtxGetApiVersion(ctx, &version) failed: invalid device context
[1784039838.785460] [h200x8-01:187506:0]      cuda_iface.h:85   UCX  ERROR cuCtxGetApiVersion(ctx, &version) failed: invalid device context
[1784039838.785463] [h200x8-01:187506:0]      cuda_iface.h:85   UCX  ERROR cuCtxGetApiVersion(ctx, &version) failed: invalid device context
[1784039838.785464] [h200x8-01:187506:0]      cuda_iface.h:85   UCX  ERROR cuCtxGetApiVersion(ctx, &version) failed: invalid device context
[1784039838.785466] [h200x8-01:187506:0]      cuda_iface.h:85   UCX  ERROR cuCtxGetApiVersion(ctx, &version) failed: invalid device context
[1784039838.785467] [h200x8-01:187506:0]      cuda_iface.h:85   UCX  ERROR cuCtxGetApiVersion(ctx, &version) failed: invalid device context
[1784039838.785469] [h200x8-01:187506:0]      cuda_iface.h:85   UCX  ERROR cuCtxGetApiVersion(ctx, &version) failed: invalid device context
[1784039838.785471] [h200x8-01:187506:0]      cuda_iface.h:85   UCX  ERROR cuCtxGetApiVersion(ctx, &version) failed: invalid device context
[1784039838.785473] [h200x8-01:187506:0]      cuda_iface.h:85   UCX  ERROR cuCtxGetApiVersion(ctx, &version) failed: invalid device context
[1784039838.785475] [h200x8-01:187506:0]      cuda_iface.h:85   UCX  ERROR cuCtxGetApiVersion(ctx, &version) failed: invalid device context
[1784039838.785477] [h200x8-01:18750[1784039838.785406] [h200x8-01:187504:0]      cuda_iface.h:85   UCX  ERROR cuCtxGetApiVersion(ctx, &version) failed: invalid device context
[1784039838.785419] [h200x8-01:187504:0]      cuda_iface.h:85   UCX  ERROR cuCtxGetApiVersion(ctx, &version) failed: invalid device context
[1784039838.785423] [h200x8-01:187504:0]      cuda_iface.h:85   UCX  ERROR cuCtxGetApiVersion(ctx, &version) failed: invalid device context
[1784039838.785424] [h200x8-01:187504:0]      cuda_iface.h:85   UCX  ERROR cuCtxGetApiVersion(ctx, &version) failed: invalid device context
[1784039838.785427] [h200x8-01:187504:0]      cuda_iface.h:85   UCX  ERROR cuCtxGetApiVersion(ctx, &version) failed: invalid device context
[1784039838.785429] [h200x8-01:187504:0]      cuda_iface.h:85   UCX  ERROR cuCtxGetApiVersion(ctx, &version) failed: invalid device context
[1784039838.785430] [h200x8-01:187504:0]      cuda_iface.h:85   UCX  ERROR cuCtxGetApiVersion(ctx, &version) failed: invalid device context
[1784039838.785433] [h200x8-01:187504:0]      cuda_iface.h:85   UCX  ERROR cuCtxGetApiVersion(ctx, &version) failed: invalid device context
[1784039838.785435] [h200x8-01:187504:0]      cuda_iface.h:85   UCX  ERROR cuCtxGetApiVersion(ctx, &version) failed: invalid device context
[1784039838.785436] [h200x8-01:187504:0]      cuda_iface.h:85   UCX  ERROR cuCtxGetApiVersion(ctx, &version) failed: invalid device context
[1784039838.785438] [h200x8-01:187504:0]      cuda_iface.h:85   UCX  ERROR cuCtxGetApiVersion(ctx, &version) failed: invalid device context
[1784039838.785440] [h200x8-01:187504:0]      cuda_iface.h:85   UCX  ERROR cuCtxGetApiVersion(ctx, &version) failed: invalid device context
[1784039838.785442] [h200x8-01:187504:0]      cuda_iface.h:85   UCX  ERROR cuCtxGetApiVersion(ctx, &version) failed: invalid device context
[1784039838.785443] [h200x8-01:187504:0]      cuda_iface.h:85   UCX  ERROR cuCtxGetApiVersion(ctx, &version) failed: invalid device context
[1784039838.785445] [h200x8-01:187504:0]      cuda_iface.h:85   UCX  ERROR cuCtxGetApiVersion(ctx, &version) failed: invalid device context
[1784039838.785447] [h200x8-01:187504:0]      cuda_iface.h:85   UCX  ERROR cuCtxGetApiVersion(ctx, &version) failed: invalid device context
[1784039838.785448] [h200x8-01:187504:0]      cuda_iface.h:85   UCX  ERROR cuCtxGetApiVersion(ctx, &version) failed: invalid device context
[1784039838.785450] [h200x8-01:187504:0]      cuda_iface.h:85   UCX  ERROR cuCtxGetApiVersion(ctx, &version) failed: invalid device context
[1784039838.785452] [h200x8-01:187504:0]      cuda_iface.h:85   UCX  ERROR cuCtxGetApiVersion(ctx, &version) failed: invalid device context
[1784039838.785453] [h200x8-01:187504:0]      cuda_iface.h:85   UCX  ERROR cuCtxGetApiVersion(ctx, &version) failed: invalid device context
[1784039838.785455] [h200x8-01:187504:0]      cuda_iface.h:85   UCX  ERROR cuCtxGetApiVersion(ctx, &version) failed: invalid device context
[1784039838.785457] [h200x8-01:187504:0]      cuda_iface.h:85   UCX  ERROR cuCtxGetApiVersion(ctx, &version) failed: invalid device context
[1784039838.785459] [h200x8-01:187504:0]      cuda_iface.h:85   UCX  ERROR cuCtxGetApiVersion(ctx, &version) failed: invalid device context
[1784039838.785461] [h200x8-01:187504:0]      cuda_iface.h:85   UCX  ERROR cuCtxGetApiVersion(ctx, &version) failed: invalid device context
[1784039838.785462] [h200x8-01:187504:0]      cuda_iface.h:85   UCX  ERROR cuCtxGetApiVersion(ctx, &version) failed: invalid device context
[1784039838.785466] [h200x8-01:187504:0]      cuda_iface.h:85   UCX  ERROR cuCtxGetApiVersion(ctx, &version) failed: invalid device context
[1784039838.785467] [h200x8-01:187504:0]      cuda_iface.h:85   UCX  ERROR cuCtxGetApiVersion(ctx, &version) failed: invalid device context
[1784039838.785469] [h200x8-01:187504:0]      cuda_iface.h:85   UCX  ERROR cuCtxGetApiVersion(ctx, &version) failed: invalid device context
[1784039838.785472] [h200x8-01:187504:0]      cuda_iface.h:85   UCX  ERROR cuCtxGetApiVersion(ctx, &version) failed: invalid device context
[1784039838.785473] [h200x8-01:18750[1784039838.785379] [h200x8-01:187512:0]      cuda_iface.h:85   UCX  ERROR cuCtxGetApiVersion(ctx, &version) failed: invalid device context
[1784039838.785396] [h200x8-01:187512:0]      cuda_iface.h:85   UCX  ERROR cuCtxGetApiVersion(ctx, &version) failed: invalid device context
[1784039838.785399] [h200x8-01:187512:0]      cuda_iface.h:85   UCX  ERROR cuCtxGetApiVersion(ctx, &version) failed: invalid device context
[1784039838.785400] [h200x8-01:187512:0]      cuda_iface.h:85   UCX  ERROR cuCtxGetApiVersion(ctx, &version) failed: invalid device context
[1784039838.785401] [h200x8-01:187512:0]      cuda_iface.h:85   UCX  ERROR cuCtxGetApiVersion(ctx, &version) failed: invalid device context
[1784039838.785403] [h200x8-01:187512:0]      cuda_iface.h:85   UCX  ERROR cuCtxGetApiVersion(ctx, &version) failed: invalid device context
[1784039838.785404] [h200x8-01:187512:0]      cuda_iface.h:85   UCX  ERROR cuCtxGetApiVersion(ctx, &version) failed: invalid device context
[1784039838.785406] [h200x8-01:187512:0]      cuda_iface.h:85   UCX  ERROR cuCtxGetApiVersion(ctx, &version) failed: invalid device context
[1784039838.785408] [h200x8-01:187512:0]      cuda_iface.h:85   UCX  ERROR cuCtxGetApiVersion(ctx, &version) failed: invalid device context
[1784039838.785409] [h200x8-01:187512:0]      cuda_iface.h:85   UCX  ERROR cuCtxGetApiVersion(ctx, &version) failed: invalid device context
[1784039838.785411] [h200x8-01:187512:0]      cuda_iface.h:85   UCX  ERROR cuCtxGetApiVersion(ctx, &version) failed: invalid device context
[1784039838.785412] [h200x8-01:187512:0]      cuda_iface.h:85   UCX  ERROR cuCtxGetApiVersion(ctx, &version) failed: invalid device context
[1784039838.785413] [h200x8-01:187512:0]      cuda_iface.h:85   UCX  ERROR cuCtxGetApiVersion(ctx, &version) failed: invalid device context
[1784039838.785415] [h200x8-01:187512:0]      cuda_iface.h:85   UCX  ERROR cuCtxGetApiVersion(ctx, &version) failed: invalid device context
[1784039838.785417] [h200x8-01:187512:0]      cuda_iface.h:85   UCX  ERROR cuCtxGetApiVersion(ctx, &version) failed: invalid device context
[1784039838.785418] [h200x8-01:187512:0]      cuda_iface.h:85   UCX  ERROR cuCtxGetApiVersion(ctx, &version) failed: invalid device context
[1784039838.785420] [h200x8-01:187512:0]      cuda_iface.h:85   UCX  ERROR cuCtxGetApiVersion(ctx, &version) failed: invalid device context
[1784039838.785421] [h200x8-01:187512:0]      cuda_iface.h:85   UCX  ERROR cuCtxGetApiVersion(ctx, &version) failed: invalid device context
[1784039838.785422] [h200x8-01:187512:0]      cuda_iface.h:85   UCX  ERROR cuCtxGetApiVersion(ctx, &version) failed: invalid device context
[1784039838.785423] [h200x8-01:187512:0]      cuda_iface.h:85   UCX  ERROR cuCtxGetApiVersion(ctx, &version) failed: invalid device context
[1784039838.785425] [h200x8-01:187512:0]      cuda_iface.h:85   UCX  ERROR cuCtxGetApiVersion(ctx, &version) failed: invalid device context
[1784039838.785426] [h200x8-01:187512:0]      cuda_iface.h:85   UCX  ERROR cuCtxGetApiVersion(ctx, &version) failed: invalid device context
[1784039838.785428] [h200x8-01:187512:0]      cuda_iface.h:85   UCX  ERROR cuCtxGetApiVersion(ctx, &version) failed: invalid device context
[1784039838.785429] [h200x8-01:187512:0]      cuda_iface.h:85   UCX  ERROR cuCtxGetApiVersion(ctx, &version) failed: invalid device context
[1784039838.785431] [h200x8-01:187512:0]      cuda_iface.h:85   UCX  ERROR cuCtxGetApiVersion(ctx, &version) failed: invalid device context
[1784039838.785433] [h200x8-01:187512:0]      cuda_iface.h:85   UCX  ERROR cuCtxGetApiVersion(ctx, &version) failed: invalid device context
[1784039838.785434] [h200x8-01:187512:0]      cuda_iface.h:85   UCX  ERROR cuCtxGetApiVersion(ctx, &version) failed: invalid device context
[1784039838.785436] [h200x8-01:187512:0]      cuda_iface.h:85   UCX  ERROR cuCtxGetApiVersion(ctx, &version) failed: invalid device context
[1784039838.785437] [h200x8-01:187512:0]      cuda_iface.h:85   UCX  ERROR cuCtxGetApiVersion(ctx, &version) failed: invalid device context
[1784039838.785438] [h200x8-01:1875[1784039838.785385] [h200x8-01:187519:0]      cuda_iface.h:85   UCX  ERROR cuCtxGetApiVersion(ctx, &version) failed: invalid device context
[1784039838.785398] [h200x8-01:187519:0]      cuda_iface.h:85   UCX  ERROR cuCtxGetApiVersion(ctx, &version) failed: invalid device context
[1784039838.785400] [h200x8-01:187519:0]      cuda_iface.h:85   UCX  ERROR cuCtxGetApiVersion(ctx, &version) failed: invalid device context
[1784039838.785402] [h200x8-01:187519:0]      cuda_iface.h:85   UCX  ERROR cuCtxGetApiVersion(ctx, &version) failed: invalid device context
[1784039838.785404] [h200x8-01:187519:0]      cuda_iface.h:85   UCX  ERROR cuCtxGetApiVersion(ctx, &version) failed: invalid device context
[1784039838.785405] [h200x8-01:187519:0]      cuda_iface.h:85   UCX  ERROR cuCtxGetApiVersion(ctx, &version) failed: invalid device context
[1784039838.785406] [h200x8-01:187519:0]      cuda_iface.h:85   UCX  ERROR cuCtxGetApiVersion(ctx, &version) failed: invalid device context
[1784039838.785408] [h200x8-01:187519:0]      cuda_iface.h:85   UCX  ERROR cuCtxGetApiVersion(ctx, &version) failed: invalid device context
[1784039838.785410] [h200x8-01:187519:0]      cuda_iface.h:85   UCX  ERROR cuCtxGetApiVersion(ctx, &version) failed: invalid device context
[1784039838.785412] [h200x8-01:187519:0]      cuda_iface.h:85   UCX  ERROR cuCtxGetApiVersion(ctx, &version) failed: invalid device context
[1784039838.785414] [h200x8-01:187519:0]      cuda_iface.h:85   UCX  ERROR cuCtxGetApiVersion(ctx, &version) failed: invalid device context
[1784039838.785417] [h200x8-01:187519:0]      cuda_iface.h:85   UCX  ERROR cuCtxGetApiVersion(ctx, &version) failed: invalid device context
[1784039838.785419] [h200x8-01:187519:0]      cuda_iface.h:85   UCX  ERROR cuCtxGetApiVersion(ctx, &version) failed: invalid device context
[1784039838.785421] [h200x8-01:187519:0]      cuda_iface.h:85   UCX  ERROR cuCtxGetApiVersion(ctx, &version) failed: invalid device context
[1784039838.785423] [h200x8-01:187519:0]      cuda_iface.h:85   UCX  ERROR cuCtxGetApiVersion(ctx, &version) failed: invalid device context
[1784039838.785425] [h200x8-01:187519:0]      cuda_iface.h:85   UCX  ERROR cuCtxGetApiVersion(ctx, &version) failed: invalid device context
[1784039838.785427] [h200x8-01:187519:0]      cuda_iface.h:85   UCX  ERROR cuCtxGetApiVersion(ctx, &version) failed: invalid device context
[1784039838.785428] [h200x8-01:187519:0]      cuda_iface.h:85   UCX  ERROR cuCtxGetApiVersion(ctx, &version) failed: invalid device context
[1784039838.785430] [h200x8-01:187519:0]      cuda_iface.h:85   UCX  ERROR cuCtxGetApiVersion(ctx, &version) failed: invalid device context
[1784039838.785432] [h200x8-01:187519:0]      cuda_iface.h:85   UCX  ERROR cuCtxGetApiVersion(ctx, &version) failed: invalid device context
[1784039838.785434] [h200x8-01:187519:0]      cuda_iface.h:85   UCX  ERROR cuCtxGetApiVersion(ctx, &version) failed: invalid device context
[1784039838.785435] [h200x8-01:187519:0]      cuda_iface.h:85   UCX  ERROR cuCtxGetApiVersion(ctx, &version) failed: invalid device context
[1784039838.785437] [h200x8-01:187519:0]      cuda_iface.h:85   UCX  ERROR cuCtxGetApiVersion(ctx, &version) failed: invalid device context
[1784039838.785439] [h200x8-01:187519:0]      cuda_iface.h:85   UCX  ERROR cuCtxGetApiVersion(ctx, &version) failed: invalid device context
[1784039838.785440] [h200x8-01:187519:0]      cuda_iface.h:85   UCX  ERROR cuCtxGetApiVersion(ctx, &version) failed: invalid device context
[1784039838.785442] [h200x8-01:187519:0]      cuda_iface.h:85   UCX  ERROR cuCtxGetApiVersion(ctx, &version) failed: invalid device context
[1784039838.785443] [h200x8-01:187519:0]      cuda_iface.h:85   UCX  ERROR cuCtxGetApiVersion(ctx, &version) failed: invalid device context
[1784039838.785445] [h200x8-01:187519:0]      cuda_iface.h:85   UCX  ERROR cuCtxGetApiVersion(ctx, &version) failed: invalid device context
[1784039838.785447] [h200x8-01:187519:0]      cuda_iface.h:85   UCX  ERROR cuCtxGetApiVersion(ctx, &version) failed: invalid device context
[1784039838.785448] [h200x8-01:18751[1784039838.785287] [h200x8-01:187503:0]      cuda_iface.h:85   UCX  ERROR cuCtxGetApiVersion(ctx, &version) failed: invalid device context
[1784039838.785304] [h200x8-01:187503:0]      cuda_iface.h:85   UCX  ERROR cuCtxGetApiVersion(ctx, &version) failed: invalid device context
[1784039838.785306] [h200x8-01:187503:0]      cuda_iface.h:85   UCX  ERROR cuCtxGetApiVersion(ctx, &version) failed: invalid device context
[1784039838.785308] [h200x8-01:187503:0]      cuda_iface.h:85   UCX  ERROR cuCtxGetApiVersion(ctx, &version) failed: invalid device context
[1784039838.785309] [h200x8-01:187503:0]      cuda_iface.h:85   UCX  ERROR cuCtxGetApiVersion(ctx, &version) failed: invalid device context
[1784039838.785310] [h200x8-01:187503:0]      cuda_iface.h:85   UCX  ERROR cuCtxGetApiVersion(ctx, &version) failed: invalid device context
[1784039838.785312] [h200x8-01:187503:0]      cuda_iface.h:85   UCX  ERROR cuCtxGetApiVersion(ctx, &version) failed: invalid device context
[1784039838.785313] [h200x8-01:187503:0]      cuda_iface.h:85   UCX  ERROR cuCtxGetApiVersion(ctx, &version) failed: invalid device context
[1784039838.785314] [h200x8-01:187503:0]      cuda_iface.h:85   UCX  ERROR cuCtxGetApiVersion(ctx, &version) failed: invalid device context
[1784039838.785316] [h200x8-01:187503:0]      cuda_iface.h:85   UCX  ERROR cuCtxGetApiVersion(ctx, &version) failed: invalid device context
[1784039838.785317] [h200x8-01:187503:0]      cuda_iface.h:85   UCX  ERROR cuCtxGetApiVersion(ctx, &version) failed: invalid device context
[1784039838.785319] [h200x8-01:187503:0]      cuda_iface.h:85   UCX  ERROR cuCtxGetApiVersion(ctx, &version) failed: invalid device context
[1784039838.785320] [h200x8-01:187503:0]      cuda_iface.h:85   UCX  ERROR cuCtxGetApiVersion(ctx, &version) failed: invalid device context
[1784039838.785321] [h200x8-01:187503:0]      cuda_iface.h:85   UCX  ERROR cuCtxGetApiVersion(ctx, &version) failed: invalid device context
[1784039838.785323] [h200x8-01:187503:0]      cuda_iface.h:85   UCX  ERROR cuCtxGetApiVersion(ctx, &version) failed: invalid device context
[1784039838.785325] [h200x8-01:187503:0]      cuda_iface.h:85   UCX  ERROR cuCtxGetApiVersion(ctx, &version) failed: invalid device context
[1784039838.785326] [h200x8-01:187503:0]      cuda_iface.h:85   UCX  ERROR cuCtxGetApiVersion(ctx, &version) failed: invalid device context
[1784039838.785328] [h200x8-01:187503:0]      cuda_iface.h:85   UCX  ERROR cuCtxGetApiVersion(ctx, &version) failed: invalid device context
[1784039838.785329] [h200x8-01:187503:0]      cuda_iface.h:85   UCX  ERROR cuCtxGetApiVersion(ctx, &version) failed: invalid device context
[1784039838.785330] [h200x8-01:187503:0]      cuda_iface.h:85   UCX  ERROR cuCtxGetApiVersion(ctx, &version) failed: invalid device context
[1784039838.785332] [h200x8-01:187503:0]      cuda_iface.h:85   UCX  ERROR cuCtxGetApiVersion(ctx, &version) failed: invalid device context
[1784039838.785333] [h200x8-01:187503:0]      cuda_iface.h:85   UCX  ERROR cuCtxGetApiVersion(ctx, &version) failed: invalid device context
[1784039838.785335] [h200x8-01:187503:0]      cuda_iface.h:85   UCX  ERROR cuCtxGetApiVersion(ctx, &version) failed: invalid device context
[1784039838.785336] [h200x8-01:187503:0]      cuda_iface.h:85   UCX  ERROR cuCtxGetApiVersion(ctx, &version) failed: invalid device context
[1784039838.785337] [h200x8-01:187503:0]      cuda_iface.h:85   UCX  ERROR cuCtxGetApiVersion(ctx, &version) failed: invalid device context
[1784039838.785339] [h200x8-01:187503:0]      cuda_iface.h:85   UCX  ERROR cuCtxGetApiVersion(ctx, &version) failed: invalid device context
[1784039838.785340] [h200x8-01:187503:0]      cuda_iface.h:85   UCX  ERROR cuCtxGetApiVersion(ctx, &version) failed: invalid device context
[1784039838.785342] [h200x8-01:187503:0]      cuda_iface.h:85   UCX  ERROR cuCtxGetApiVersion(ctx, &version) failed: invalid device context
[1784039838.785343] [h200x8-01:187503:0]      cuda_iface.h:85   UCX  ERROR cuCtxGetApiVersion(ctx, &version) failed: invalid device context
[1784039838.785345] [h200x8-01:18759:0]      cuda_iface.h:85   UCX  ERROR cuCtxGetApiVersion(ctx, &version) failed: invalid device context
[1784039838.785450] [h200x8-01:187519:0]      cuda_iface.h:85   UCX  ERROR cuCtxGetApiVersion(ctx, &version) failed: invalid device context
[1784039838.785452] [h200x8-01:187519:0]      cuda_iface.h:85   UCX  ERROR cuCtxGetApiVersion(ctx, &version) failed: invalid device context
[1784039838.785453] [h200x8-01:187519:0]      cuda_iface.h:85   UCX  ERROR cuCtxGetApiVersion(ctx, &version) failed: invalid device context
[1784039838.785455] [h200x8-01:187519:0]      cuda_iface.h:85   UCX  ERROR cuCtxGetApiVersion(ctx, &version) failed: invalid device context
[1784039838.785457] [h200x8-01:187519:0]      cuda_iface.h:85   UCX  ERROR cuCtxGetApiVersion(ctx, &version) failed: invalid device context
[1784039838.785459] [h200x8-01:187519:0]      cuda_iface.h:85   UCX  ERROR cuCtxGetApiVersion(ctx, &version) failed: invalid device context
[1784039838.785460] [h200x8-01:187519:0]      cuda_iface.h:85   UCX  ERROR cuCtxGetApiVersion(ctx, &version) failed: invalid device context
[1784039838.785461] [h200x8-01:187519:0]      cuda_iface.h:85   UCX  ERROR cuCtxGetApiVersion(ctx, &version) failed: invalid device context
[1784039838.785464] [h200x8-01:187519:0]      cuda_iface.h:85   UCX  ERROR cuCtxGetApiVersion(ctx, &version) failed: invalid device context
[1784039838.785465] [h200x8-01:187519:0]      cuda_iface.h:85   UCX  ERROR cuCtxGetApiVersion(ctx, &version) failed: invalid device context
[1784039838.785467] [h200x8-01:187519:0]      cuda_iface.h:85   UCX  ERROR cuCtxGetApiVersion(ctx, &version) failed: invalid device context
[1784039838.785468] [h200x8-01:187519:0]      cuda_iface.h:85   UCX  ERROR cuCtxGetApiVersion(ctx, &version) failed: invalid device context
[1784039838.785470] [h200x8-01:187519:0]      cuda_iface.h:85   UCX  ERROR cuCtxGetApiVersion(ctx, &version) failed: invalid device context
[1784039838.785472] [h200x8-01:187519:0]      cuda_iface.h:85   UCX  ERROR cuCtxGetApiVersion(ctx, &version) failed: invalid device context
[1784039838.785473] [h200x8-01:187519:0]      cuda_iface.h:85   UCX  ERROR cuCtxGetApiVersion(ctx, &version) failed: invalid device context
[1784039838.785474] [h200x8-01:187519:0]      cuda_iface.h:85   UCX  ERROR cuCtxGetApiVersion(ctx, &version) failed: invalid device context
[1784039838.785477] [h200x8-01:187519:0]      cuda_iface.h:85   UCX  ERROR cuCtxGetApiVersion(ctx, &version) failed: invalid device context
[1784039838.785478] [h200x8-01:187519:0]      cuda_iface.h:85   UCX  ERROR cuCtxGetApiVersion(ctx, &version) failed: invalid device context
[1784039838.785479] [h200x8-01:187519:0]      cuda_iface.h:85   UCX  ERROR cuCtxGetApiVersion(ctx, &version) failed: invalid device context
[1784039838.785481] [h200x8-01:187519:0]      cuda_iface.h:85   UCX  ERROR cuCtxGetApiVersion(ctx, &version) failed: invalid device context
[1784039838.785483] [h200x8-01:187519:0]      cuda_iface.h:85   UCX  ERROR cuCtxGetApiVersion(ctx, &version) failed: invalid device context
[1784039838.785485] [h200x8-01:187519:0]      cuda_iface.h:85   UCX  ERROR cuCtxGetApiVersion(ctx, &version) failed: invalid device context
[1784039838.785487] [h200x8-01:187519:0]      cuda_iface.h:85   UCX  ERROR cuCtxGetApiVersion(ctx, &version) failed: invalid device context
[1784039838.785489] [h200x8-01:187519:0]      cuda_iface.h:85   UCX  ERROR cuCtxGetApiVersion(ctx, &version) failed: invalid device context
[1784039838.785491] [h200x8-01:187519:0]      cuda_iface.h:85   UCX  ERROR cuCtxGetApiVersion(ctx, &version) failed: invalid device context
[1784039838.785493] [h200x8-01:187519:0]      cuda_iface.h:85   UCX  ERROR cuCtxGetApiVersion(ctx, &version) failed: invalid device context
[1784039838.785495] [h200x8-01:187519:0]      cuda_iface.h:85   UCX  ERROR cuCtxGetApiVersion(ctx, &version) failed: invalid device context
[1784039838.785497] [h200x8-01:187519:0]      cuda_iface.h:85   UCX  ERROR cuCtxGetApiVersion(ctx, &version) failed: invalid device context
[1784039838.785498] [h200x8-01:187519:0]      cuda_iface.h:85   UCX  ER09:0]      cuda_iface.h:85   UCX  ERROR cuCtxGetApiVersion(ctx, &version) failed: invalid device context
[1784039838.785387] [h200x8-01:187509:0]      cuda_iface.h:85   UCX  ERROR cuCtxGetApiVersion(ctx, &version) failed: invalid device context
[1784039838.785388] [h200x8-01:187509:0]      cuda_iface.h:85   UCX  ERROR cuCtxGetApiVersion(ctx, &version) failed: invalid device context
[1784039838.785390] [h200x8-01:187509:0]      cuda_iface.h:85   UCX  ERROR cuCtxGetApiVersion(ctx, &version) failed: invalid device context
[1784039838.785391] [h200x8-01:187509:0]      cuda_iface.h:85   UCX  ERROR cuCtxGetApiVersion(ctx, &version) failed: invalid device context
[1784039838.785393] [h200x8-01:187509:0]      cuda_iface.h:85   UCX  ERROR cuCtxGetApiVersion(ctx, &version) failed: invalid device context
[1784039838.785394] [h200x8-01:187509:0]      cuda_iface.h:85   UCX  ERROR cuCtxGetApiVersion(ctx, &version) failed: invalid device context
[1784039838.785395] [h200x8-01:187509:0]      cuda_iface.h:85   UCX  ERROR cuCtxGetApiVersion(ctx, &version) failed: invalid device context
[1784039838.785397] [h200x8-01:187509:0]      cuda_iface.h:85   UCX  ERROR cuCtxGetApiVersion(ctx, &version) failed: invalid device context
[1784039838.785398] [h200x8-01:187509:0]      cuda_iface.h:85   UCX  ERROR cuCtxGetApiVersion(ctx, &version) failed: invalid device context
[1784039838.785400] [h200x8-01:187509:0]      cuda_iface.h:85   UCX  ERROR cuCtxGetApiVersion(ctx, &version) failed: invalid device context
[1784039838.785401] [h200x8-01:187509:0]      cuda_iface.h:85   UCX  ERROR cuCtxGetApiVersion(ctx, &version) failed: invalid device context
[1784039838.785402] [h200x8-01:187509:0]      cuda_iface.h:85   UCX  ERROR cuCtxGetApiVersion(ctx, &version) failed: invalid device context
[1784039838.785404] [h200x8-01:187509:0]      cuda_iface.h:85   UCX  ERROR cuCtxGetApiVersion(ctx, &version) failed: invalid device context
[1784039838.785406] [h200x8-01:187509:0]      cuda_iface.h:85   UCX  ERROR cuCtxGetApiVersion(ctx, &version) failed: invalid device context
[1784039838.785408] [h200x8-01:187509:0]      cuda_iface.h:85   UCX  ERROR cuCtxGetApiVersion(ctx, &version) failed: invalid device context
[1784039838.785410] [h200x8-01:187509:0]      cuda_iface.h:85   UCX  ERROR cuCtxGetApiVersion(ctx, &version) failed: invalid device context
[1784039838.785412] [h200x8-01:187509:0]      cuda_iface.h:85   UCX  ERROR cuCtxGetApiVersion(ctx, &version) failed: invalid device context
[1784039838.785415] [h200x8-01:187509:0]      cuda_iface.h:85   UCX  ERROR cuCtxGetApiVersion(ctx, &version) failed: invalid device context
[1784039838.785418] [h200x8-01:187509:0]      cuda_iface.h:85   UCX  ERROR cuCtxGetApiVersion(ctx, &version) failed: invalid device context
[1784039838.785420] [h200x8-01:187509:0]      cuda_iface.h:85   UCX  ERROR cuCtxGetApiVersion(ctx, &version) failed: invalid device context
[1784039838.785422] [h200x8-01:187509:0]      cuda_iface.h:85   UCX  ERROR cuCtxGetApiVersion(ctx, &version) failed: invalid device context
[1784039838.785423] [h200x8-01:187509:0]      cuda_iface.h:85   UCX  ERROR cuCtxGetApiVersion(ctx, &version) failed: invalid device context
[1784039838.785425] [h200x8-01:187509:0]      cuda_iface.h:85   UCX  ERROR cuCtxGetApiVersion(ctx, &version) failed: invalid device context
[1784039838.785427] [h200x8-01:187509:0]      cuda_iface.h:85   UCX  ERROR cuCtxGetApiVersion(ctx, &version) failed: invalid device context
[1784039838.785429] [h200x8-01:187509:0]      cuda_iface.h:85   UCX  ERROR cuCtxGetApiVersion(ctx, &version) failed: invalid device context
[1784039838.785430] [h200x8-01:187509:0]      cuda_iface.h:85   UCX  ERROR cuCtxGetApiVersion(ctx, &version) failed: invalid device context
[1784039838.785432] [h200x8-01:187509:0]      cuda_iface.h:85   UCX  ERROR cuCtxGetApiVersion(ctx, &version) failed: invalid device context
[1784039838.785435] [h200x8-01:187509:0]      cuda_iface.h:85   UCX  ERROR cuCtxGetApiVersion(ctx, &version) failed: invalid device context
[1784039838.785437] [h200x8-01:187509:0]      cuda_iface.h:85   UCX  E3:0]      cuda_iface.h:85   UCX  ERROR cuCtxGetApiVersion(ctx, &version) failed: invalid device context
[1784039838.785491] [h200x8-01:187513:0]      cuda_iface.h:85   UCX  ERROR cuCtxGetApiVersion(ctx, &version) failed: invalid device context
[1784039838.785494] [h200x8-01:187513:0]      cuda_iface.h:85   UCX  ERROR cuCtxGetApiVersion(ctx, &version) failed: invalid device context
[1784039838.785495] [h200x8-01:187513:0]      cuda_iface.h:85   UCX  ERROR cuCtxGetApiVersion(ctx, &version) failed: invalid device context
[1784039838.785497] [h200x8-01:187513:0]      cuda_iface.h:85   UCX  ERROR cuCtxGetApiVersion(ctx, &version) failed: invalid device context
[1784039838.785498] [h200x8-01:187513:0]      cuda_iface.h:85   UCX  ERROR cuCtxGetApiVersion(ctx, &version) failed: invalid device context
[1784039838.785500] [h200x8-01:187513:0]      cuda_iface.h:85   UCX  ERROR cuCtxGetApiVersion(ctx, &version) failed: invalid device context
[1784039838.785502] [h200x8-01:187513:0]      cuda_iface.h:85   UCX  ERROR cuCtxGetApiVersion(ctx, &version) failed: invalid device context
[1784039838.785504] [h200x8-01:187513:0]      cuda_iface.h:85   UCX  ERROR cuCtxGetApiVersion(ctx, &version) failed: invalid device context
[1784039838.785506] [h200x8-01:187513:0]      cuda_iface.h:85   UCX  ERROR cuCtxGetApiVersion(ctx, &version) failed: invalid device context
[1784039838.785508] [h200x8-01:187513:0]      cuda_iface.h:85   UCX  ERROR cuCtxGetApiVersion(ctx, &version) failed: invalid device context
[1784039838.785511] [h200x8-01:187513:0]      cuda_iface.h:85   UCX  ERROR cuCtxGetApiVersion(ctx, &version) failed: invalid device context
[1784039838.785512] [h200x8-01:187513:0]      cuda_iface.h:85   UCX  ERROR cuCtxGetApiVersion(ctx, &version) failed: invalid device context
[1784039838.785514] [h200x8-01:187513:0]      cuda_iface.h:85   UCX  ERROR cuCtxGetApiVersion(ctx, &version) failed: invalid device context
[1784039838.785516] [h200x8-01:187513:0]      cuda_iface.h:85   UCX  ERROR cuCtxGetApiVersion(ctx, &version) failed: invalid device context
[1784039838.785518] [h200x8-01:187513:0]      cuda_iface.h:85   UCX  ERROR cuCtxGetApiVersion(ctx, &version) failed: invalid device context
[1784039838.785520] [h200x8-01:187513:0]      cuda_iface.h:85   UCX  ERROR cuCtxGetApiVersion(ctx, &version) failed: invalid device context
[1784039838.785523] [h200x8-01:187513:0]      cuda_iface.h:85   UCX  ERROR cuCtxGetApiVersion(ctx, &version) failed: invalid device context
[1784039838.785524] [h200x8-01:187513:0]      cuda_iface.h:85   UCX  ERROR cuCtxGetApiVersion(ctx, &version) failed: invalid device context
[1784039838.785527] [h200x8-01:187513:0]      cuda_iface.h:85   UCX  ERROR cuCtxGetApiVersion(ctx, &version) failed: invalid device context
[1784039838.785529] [h200x8-01:187513:0]      cuda_iface.h:85   UCX  ERROR cuCtxGetApiVersion(ctx, &version) failed: invalid device context
[1784039838.785530] [h200x8-01:187513:0]      cuda_iface.h:85   UCX  ERROR cuCtxGetApiVersion(ctx, &version) failed: invalid device context
[1784039838.785533] [h200x8-01:187513:0]      cuda_iface.h:85   UCX  ERROR cuCtxGetApiVersion(ctx, &version) failed: invalid device context
[1784039838.785534] [h200x8-01:187513:0]      cuda_iface.h:85   UCX  ERROR cuCtxGetApiVersion(ctx, &version) failed: invalid device context
[1784039838.785536] [h200x8-01:187513:0]      cuda_iface.h:85   UCX  ERROR cuCtxGetApiVersion(ctx, &version) failed: invalid device context
[1784039838.785538] [h200x8-01:187513:0]      cuda_iface.h:85   UCX  ERROR cuCtxGetApiVersion(ctx, &version) failed: invalid device context
[1784039838.785547] [h200x8-01:187513:0]      cuda_iface.h:85   UCX  ERROR cuCtxGetApiVersion(ctx, &version) failed: invalid device context
[1784039838.785548] [h200x8-01:187513:0]      cuda_iface.h:85   UCX  ERROR cuCtxGetApiVersion(ctx, &version) failed: invalid device context
[1784039838.785550] [h200x8-01:187513:0]      cuda_iface.h:85   UCX  ERROR cuCtxGetApiVersion(ctx, &version) failed: invalid device context
[1784039838.785552] [h200x8-01:187513:0]      cuda_iface.h:85   UCX  ERR6:0]      cuda_iface.h:85   UCX  ERROR cuCtxGetApiVersion(ctx, &version) failed: invalid device context
[1784039838.785478] [h200x8-01:187506:0]      cuda_iface.h:85   UCX  ERROR cuCtxGetApiVersion(ctx, &version) failed: invalid device context
[1784039838.785480] [h200x8-01:187506:0]      cuda_iface.h:85   UCX  ERROR cuCtxGetApiVersion(ctx, &version) failed: invalid device context
[1784039838.785482] [h200x8-01:187506:0]      cuda_iface.h:85   UCX  ERROR cuCtxGetApiVersion(ctx, &version) failed: invalid device context
[1784039838.785483] [h200x8-01:187506:0]      cuda_iface.h:85   UCX  ERROR cuCtxGetApiVersion(ctx, &version) failed: invalid device context
[1784039838.785485] [h200x8-01:187506:0]      cuda_iface.h:85   UCX  ERROR cuCtxGetApiVersion(ctx, &version) failed: invalid device context
[1784039838.785487] [h200x8-01:187506:0]      cuda_iface.h:85   UCX  ERROR cuCtxGetApiVersion(ctx, &version) failed: invalid device context
[1784039838.785489] [h200x8-01:187506:0]      cuda_iface.h:85   UCX  ERROR cuCtxGetApiVersion(ctx, &version) failed: invalid device context
[1784039838.785490] [h200x8-01:187506:0]      cuda_iface.h:85   UCX  ERROR cuCtxGetApiVersion(ctx, &version) failed: invalid device context
[1784039838.785493] [h200x8-01:187506:0]      cuda_iface.h:85   UCX  ERROR cuCtxGetApiVersion(ctx, &version) failed: invalid device context
[1784039838.785494] [h200x8-01:187506:0]      cuda_iface.h:85   UCX  ERROR cuCtxGetApiVersion(ctx, &version) failed: invalid device context
[1784039838.785495] [h200x8-01:187506:0]      cuda_iface.h:85   UCX  ERROR cuCtxGetApiVersion(ctx, &version) failed: invalid device context
[1784039838.785498] [h200x8-01:187506:0]      cuda_iface.h:85   UCX  ERROR cuCtxGetApiVersion(ctx, &version) failed: invalid device context
[1784039838.785499] [h200x8-01:187506:0]      cuda_iface.h:85   UCX  ERROR cuCtxGetApiVersion(ctx, &version) failed: invalid device context
[1784039838.785500] [h200x8-01:187506:0]      cuda_iface.h:85   UCX  ERROR cuCtxGetApiVersion(ctx, &version) failed: invalid device context
[1784039838.785502] [h200x8-01:187506:0]      cuda_iface.h:85   UCX  ERROR cuCtxGetApiVersion(ctx, &version) failed: invalid device context
[1784039838.785504] [h200x8-01:187506:0]      cuda_iface.h:85   UCX  ERROR cuCtxGetApiVersion(ctx, &version) failed: invalid device context
[1784039838.785505] [h200x8-01:187506:0]      cuda_iface.h:85   UCX  ERROR cuCtxGetApiVersion(ctx, &version) failed: invalid device context
[1784039838.785508] [h200x8-01:187506:0]      cuda_iface.h:85   UCX  ERROR cuCtxGetApiVersion(ctx, &version) failed: invalid device context
[1784039838.785509] [h200x8-01:187506:0]      cuda_iface.h:85   UCX  ERROR cuCtxGetApiVersion(ctx, &version) failed: invalid device context
[1784039838.785512] [h200x8-01:187506:0]      cuda_iface.h:85   UCX  ERROR cuCtxGetApiVersion(ctx, &version) failed: invalid device context
[1784039838.785514] [h200x8-01:187506:0]      cuda_iface.h:85   UCX  ERROR cuCtxGetApiVersion(ctx, &version) failed: invalid device context
[1784039838.785515] [h200x8-01:187506:0]      cuda_iface.h:85   UCX  ERROR cuCtxGetApiVersion(ctx, &version) failed: invalid device context
[1784039838.785518] [h200x8-01:187506:0]      cuda_iface.h:85   UCX  ERROR cuCtxGetApiVersion(ctx, &version) failed: invalid device context
[1784039838.785519] [h200x8-01:187506:0]      cuda_iface.h:85   UCX  ERROR cuCtxGetApiVersion(ctx, &version) failed: invalid device context
[1784039838.785521] [h200x8-01:187506:0]      cuda_iface.h:85   UCX  ERROR cuCtxGetApiVersion(ctx, &version) failed: invalid device context
[1784039838.785523] [h200x8-01:187506:0]      cuda_iface.h:85   UCX  ERROR cuCtxGetApiVersion(ctx, &version) failed: invalid device context
[1784039838.785527] [h200x8-01:187506:0]      cuda_iface.h:85   UCX  ERROR cuCtxGetApiVersion(ctx, &version) failed: invalid device context
[1784039838.785528] [h200x8-01:187506:0]      cuda_iface.h:85   UCX  ERROR cuCtxGetApiVersion(ctx, &version) failed: invalid device context
[1784039838.785531] [h200x8-01:187506:0]      cuda_iface.h:85   UCX  ER4:0]      cuda_iface.h:85   UCX  ERROR cuCtxGetApiVersion(ctx, &version) failed: invalid device context
[1784039838.785475] [h200x8-01:187504:0]      cuda_iface.h:85   UCX  ERROR cuCtxGetApiVersion(ctx, &version) failed: invalid device context
[1784039838.785476] [h200x8-01:187504:0]      cuda_iface.h:85   UCX  ERROR cuCtxGetApiVersion(ctx, &version) failed: invalid device context
[1784039838.785479] [h200x8-01:187504:0]      cuda_iface.h:85   UCX  ERROR cuCtxGetApiVersion(ctx, &version) failed: invalid device context
[1784039838.785480] [h200x8-01:187504:0]      cuda_iface.h:85   UCX  ERROR cuCtxGetApiVersion(ctx, &version) failed: invalid device context
[1784039838.785482] [h200x8-01:187504:0]      cuda_iface.h:85   UCX  ERROR cuCtxGetApiVersion(ctx, &version) failed: invalid device context
[1784039838.785484] [h200x8-01:187504:0]      cuda_iface.h:85   UCX  ERROR cuCtxGetApiVersion(ctx, &version) failed: invalid device context
[1784039838.785486] [h200x8-01:187504:0]      cuda_iface.h:85   UCX  ERROR cuCtxGetApiVersion(ctx, &version) failed: invalid device context
[1784039838.785487] [h200x8-01:187504:0]      cuda_iface.h:85   UCX  ERROR cuCtxGetApiVersion(ctx, &version) failed: invalid device context
[1784039838.785488] [h200x8-01:187504:0]      cuda_iface.h:85   UCX  ERROR cuCtxGetApiVersion(ctx, &version) failed: invalid device context
[1784039838.785491] [h200x8-01:187504:0]      cuda_iface.h:85   UCX  ERROR cuCtxGetApiVersion(ctx, &version) failed: invalid device context
[1784039838.785493] [h200x8-01:187504:0]      cuda_iface.h:85   UCX  ERROR cuCtxGetApiVersion(ctx, &version) failed: invalid device context
[1784039838.785494] [h200x8-01:187504:0]      cuda_iface.h:85   UCX  ERROR cuCtxGetApiVersion(ctx, &version) failed: invalid device context
[1784039838.785495] [h200x8-01:187504:0]      cuda_iface.h:85   UCX  ERROR cuCtxGetApiVersion(ctx, &version) failed: invalid device context
[1784039838.785498] [h200x8-01:187504:0]      cuda_iface.h:85   UCX  ERROR cuCtxGetApiVersion(ctx, &version) failed: invalid device context
[1784039838.785500] [h200x8-01:187504:0]      cuda_iface.h:85   UCX  ERROR cuCtxGetApiVersion(ctx, &version) failed: invalid device context
[1784039838.785501] [h200x8-01:187504:0]      cuda_iface.h:85   UCX  ERROR cuCtxGetApiVersion(ctx, &version) failed: invalid device context
[1784039838.785504] [h200x8-01:187504:0]      cuda_iface.h:85   UCX  ERROR cuCtxGetApiVersion(ctx, &version) failed: invalid device context
[1784039838.785505] [h200x8-01:187504:0]      cuda_iface.h:85   UCX  ERROR cuCtxGetApiVersion(ctx, &version) failed: invalid device context
[1784039838.785506] [h200x8-01:187504:0]      cuda_iface.h:85   UCX  ERROR cuCtxGetApiVersion(ctx, &version) failed: invalid device context
[1784039838.785510] [h200x8-01:187504:0]      cuda_iface.h:85   UCX  ERROR cuCtxGetApiVersion(ctx, &version) failed: invalid device context
[1784039838.785511] [h200x8-01:187504:0]      cuda_iface.h:85   UCX  ERROR cuCtxGetApiVersion(ctx, &version) failed: invalid device context
[1784039838.785512] [h200x8-01:187504:0]      cuda_iface.h:85   UCX  ERROR cuCtxGetApiVersion(ctx, &version) failed: invalid device context
[1784039838.785515] [h200x8-01:187504:0]      cuda_iface.h:85   UCX  ERROR cuCtxGetApiVersion(ctx, &version) failed: invalid device context
[1784039838.785517] [h200x8-01:187504:0]      cuda_iface.h:85   UCX  ERROR cuCtxGetApiVersion(ctx, &version) failed: invalid device context
[1784039838.785518] [h200x8-01:187504:0]      cuda_iface.h:85   UCX  ERROR cuCtxGetApiVersion(ctx, &version) failed: invalid device context
[1784039838.785521] [h200x8-01:187504:0]      cuda_iface.h:85   UCX  ERROR cuCtxGetApiVersion(ctx, &version) failed: invalid device context
[1784039838.785522] [h200x8-01:187504:0]      cuda_iface.h:85   UCX  ERROR cuCtxGetApiVersion(ctx, &version) failed: invalid device context
[1784039838.785526] [h200x8-01:187504:0]      cuda_iface.h:85   UCX  ERROR cuCtxGetApiVersion(ctx, &version) failed: invalid device context
[1784039838.785527] [h200x8-01:187504:0]      cuda_iface.h:85   UCX  ER12:0]      cuda_iface.h:85   UCX  ERROR cuCtxGetApiVersion(ctx, &version) failed: invalid device context
[1784039838.785440] [h200x8-01:187512:0]      cuda_iface.h:85   UCX  ERROR cuCtxGetApiVersion(ctx, &version) failed: invalid device context
[1784039838.785442] [h200x8-01:187512:0]      cuda_iface.h:85   UCX  ERROR cuCtxGetApiVersion(ctx, &version) failed: invalid device context
[1784039838.785443] [h200x8-01:187512:0]      cuda_iface.h:85   UCX  ERROR cuCtxGetApiVersion(ctx, &version) failed: invalid device context
[1784039838.785444] [h200x8-01:187512:0]      cuda_iface.h:85   UCX  ERROR cuCtxGetApiVersion(ctx, &version) failed: invalid device context
[1784039838.785447] [h200x8-01:187512:0]      cuda_iface.h:85   UCX  ERROR cuCtxGetApiVersion(ctx, &version) failed: invalid device context
[1784039838.785449] [h200x8-01:187512:0]      cuda_iface.h:85   UCX  ERROR cuCtxGetApiVersion(ctx, &version) failed: invalid device context
[1784039838.785450] [h200x8-01:187512:0]      cuda_iface.h:85   UCX  ERROR cuCtxGetApiVersion(ctx, &version) failed: invalid device context
[1784039838.785452] [h200x8-01:187512:0]      cuda_iface.h:85   UCX  ERROR cuCtxGetApiVersion(ctx, &version) failed: invalid device context
[1784039838.785454] [h200x8-01:187512:0]      cuda_iface.h:85   UCX  ERROR cuCtxGetApiVersion(ctx, &version) failed: invalid device context
[1784039838.785455] [h200x8-01:187512:0]      cuda_iface.h:85   UCX  ERROR cuCtxGetApiVersion(ctx, &version) failed: invalid device context
[1784039838.785457] [h200x8-01:187512:0]      cuda_iface.h:85   UCX  ERROR cuCtxGetApiVersion(ctx, &version) failed: invalid device context
[1784039838.785459] [h200x8-01:187512:0]      cuda_iface.h:85   UCX  ERROR cuCtxGetApiVersion(ctx, &version) failed: invalid device context
[1784039838.785461] [h200x8-01:187512:0]      cuda_iface.h:85   UCX  ERROR cuCtxGetApiVersion(ctx, &version) failed: invalid device context
[1784039838.785462] [h200x8-01:187512:0]      cuda_iface.h:85   UCX  ERROR cuCtxGetApiVersion(ctx, &version) failed: invalid device context
[1784039838.785464] [h200x8-01:187512:0]      cuda_iface.h:85   UCX  ERROR cuCtxGetApiVersion(ctx, &version) failed: invalid device context
[1784039838.785466] [h200x8-01:187512:0]      cuda_iface.h:85   UCX  ERROR cuCtxGetApiVersion(ctx, &version) failed: invalid device context
[1784039838.785467] [h200x8-01:187512:0]      cuda_iface.h:85   UCX  ERROR cuCtxGetApiVersion(ctx, &version) failed: invalid device context
[1784039838.785468] [h200x8-01:187512:0]      cuda_iface.h:85   UCX  ERROR cuCtxGetApiVersion(ctx, &version) failed: invalid device context
[1784039838.785469] [h200x8-01:187512:0]      cuda_iface.h:85   UCX  ERROR cuCtxGetApiVersion(ctx, &version) failed: invalid device context
[1784039838.785471] [h200x8-01:187512:0]      cuda_iface.h:85   UCX  ERROR cuCtxGetApiVersion(ctx, &version) failed: invalid device context
[1784039838.785473] [h200x8-01:187512:0]      cuda_iface.h:85   UCX  ERROR cuCtxGetApiVersion(ctx, &version) failed: invalid device context
[1784039838.785474] [h200x8-01:187512:0]      cuda_iface.h:85   UCX  ERROR cuCtxGetApiVersion(ctx, &version) failed: invalid device context
[1784039838.785476] [h200x8-01:187512:0]      cuda_iface.h:85   UCX  ERROR cuCtxGetApiVersion(ctx, &version) failed: invalid device context
[1784039838.785477] [h200x8-01:187512:0]      cuda_iface.h:85   UCX  ERROR cuCtxGetApiVersion(ctx, &version) failed: invalid device context
[1784039838.785478] [h200x8-01:187512:0]      cuda_iface.h:85   UCX  ERROR cuCtxGetApiVersion(ctx, &version) failed: invalid device context
[1784039838.785481] [h200x8-01:187512:0]      cuda_iface.h:85   UCX  ERROR cuCtxGetApiVersion(ctx, &version) failed: invalid device context
[1784039838.785482] [h200x8-01:187512:0]      cuda_iface.h:85   UCX  ERROR cuCtxGetApiVersion(ctx, &version) failed: invalid device context
[1784039838.785484] [h200x8-01:187512:0]      cuda_iface.h:85   UCX  ERROR cuCtxGetApiVersion(ctx, &version) failed: invalid device context
[1784039838.785486] [h200x8-01:187512:0]      cuda_iface.h:85   UCX  E03:0]      cuda_iface.h:85   UCX  ERROR cuCtxGetApiVersion(ctx, &version) failed: invalid device context
[1784039838.785346] [h200x8-01:187503:0]      cuda_iface.h:85   UCX  ERROR cuCtxGetApiVersion(ctx, &version) failed: invalid device context
[1784039838.785347] [h200x8-01:187503:0]      cuda_iface.h:85   UCX  ERROR cuCtxGetApiVersion(ctx, &version) failed: invalid device context
[1784039838.785349] [h200x8-01:187503:0]      cuda_iface.h:85   UCX  ERROR cuCtxGetApiVersion(ctx, &version) failed: invalid device context
[1784039838.785350] [h200x8-01:187503:0]      cuda_iface.h:85   UCX  ERROR cuCtxGetApiVersion(ctx, &version) failed: invalid device context
[1784039838.785352] [h200x8-01:187503:0]      cuda_iface.h:85   UCX  ERROR cuCtxGetApiVersion(ctx, &version) failed: invalid device context
[1784039838.785353] [h200x8-01:187503:0]      cuda_iface.h:85   UCX  ERROR cuCtxGetApiVersion(ctx, &version) failed: invalid device context
[1784039838.785354] [h200x8-01:187503:0]      cuda_iface.h:85   UCX  ERROR cuCtxGetApiVersion(ctx, &version) failed: invalid device context
[1784039838.785356] [h200x8-01:187503:0]      cuda_iface.h:85   UCX  ERROR cuCtxGetApiVersion(ctx, &version) failed: invalid device context
[1784039838.785357] [h200x8-01:187503:0]      cuda_iface.h:85   UCX  ERROR cuCtxGetApiVersion(ctx, &version) failed: invalid device context
[1784039838.785359] [h200x8-01:187503:0]      cuda_iface.h:85   UCX  ERROR cuCtxGetApiVersion(ctx, &version) failed: invalid device context
[1784039838.785360] [h200x8-01:187503:0]      cuda_iface.h:85   UCX  ERROR cuCtxGetApiVersion(ctx, &version) failed: invalid device context
[1784039838.785362] [h200x8-01:187503:0]      cuda_iface.h:85   UCX  ERROR cuCtxGetApiVersion(ctx, &version) failed: invalid device context
[1784039838.785363] [h200x8-01:187503:0]      cuda_iface.h:85   UCX  ERROR cuCtxGetApiVersion(ctx, &version) failed: invalid device context
[1784039838.785365] [h200x8-01:187503:0]      cuda_iface.h:85   UCX  ERROR cuCtxGetApiVersion(ctx, &version) failed: invalid device context
[1784039838.785366] [h200x8-01:187503:0]      cuda_iface.h:85   UCX  ERROR cuCtxGetApiVersion(ctx, &version) failed: invalid device context
[1784039838.785367] [h200x8-01:187503:0]      cuda_iface.h:85   UCX  ERROR cuCtxGetApiVersion(ctx, &version) failed: invalid device context
[1784039838.785368] [h200x8-01:187503:0]      cuda_iface.h:85   UCX  ERROR cuCtxGetApiVersion(ctx, &version) failed: invalid device context
[1784039838.785370] [h200x8-01:187503:0]      cuda_iface.h:85   UCX  ERROR cuCtxGetApiVersion(ctx, &version) failed: invalid device context
[1784039838.785371] [h200x8-01:187503:0]      cuda_iface.h:85   UCX  ERROR cuCtxGetApiVersion(ctx, &version) failed: invalid device context
[1784039838.785373] [h200x8-01:187503:0]      cuda_iface.h:85   UCX  ERROR cuCtxGetApiVersion(ctx, &version) failed: invalid device context
[1784039838.785374] [h200x8-01:187503:0]      cuda_iface.h:85   UCX  ERROR cuCtxGetApiVersion(ctx, &version) failed: invalid device context
[1784039838.785376] [h200x8-01:187503:0]      cuda_iface.h:85   UCX  ERROR cuCtxGetApiVersion(ctx, &version) failed: invalid device context
[1784039838.785377] [h200x8-01:187503:0]      cuda_iface.h:85   UCX  ERROR cuCtxGetApiVersion(ctx, &version) failed: invalid device context
[1784039838.785378] [h200x8-01:187503:0]      cuda_iface.h:85   UCX  ERROR cuCtxGetApiVersion(ctx, &version) failed: invalid device context
[1784039838.785380] [h200x8-01:187503:0]      cuda_iface.h:85   UCX  ERROR cuCtxGetApiVersion(ctx, &version) failed: invalid device context
[1784039838.785381] [h200x8-01:187503:0]      cuda_iface.h:85   UCX  ERROR cuCtxGetApiVersion(ctx, &version) failed: invalid device context
[1784039838.785383] [h200x8-01:187503:0]      cuda_iface.h:85   UCX  ERROR cuCtxGetApiVersion(ctx, &version) failed: invalid device context
[1784039838.785384] [h200x8-01:187503:0]      cuda_iface.h:85   UCX  ERROR cuCtxGetApiVersion(ctx, &version) failed: invalid device context
[1784039838.785386] [h200x8-01:187503:0]      cuda_iface.h:85   UCX  ERROR cuCtxGetApiVersion(ctx, &version) failed: invalid device context
[1784039838.785487] [h200x8-01:187512:0]      cuda_iface.h:85   UCX  ERROR cuCtxGetApiVersion(ctx, &version) failed: invalid device context
[1784039838.785490] [h200x8-01:187512:0]      cuda_iface.h:85   UCX  ERROR cuCtxGetApiVersion(ctx, &version) failed: invalid device context
[1784039838.785492] [h200x8-01:187512:0]      cuda_iface.h:85   UCX  ERROR cuCtxGetApiVersion(ctx, &version) failed: invalid device context
[1784039838.785494] [h200x8-01:187512:0]      cuda_iface.h:85   UCX  ERROR cuCtxGetApiVersion(ctx, &version) failed: invalid device context
[1784039838.785496] [h200x8-01:187512:0]      cuda_iface.h:85   UCX  ERROR cuCtxGetApiVersion(ctx, &version) failed: invalid device context
[1784039838.785498] [h200x8-01:187512:0]      cuda_iface.h:85   UCX  ERROR cuCtxGetApiVersion(ctx, &version) failed: invalid device context
[1784039838.785500] [h200x8-01:187512:0]      cuda_iface.h:85   UCX  ERROR cuCtxGetApiVersion(ctx, &version) failed: invalid device context
[1784039838.785503] [h200x8-01:187512:0]      cuda_iface.h:85   UCX  ERROR cuCtxGetApiVersion(ctx, &version) failed: invalid device context
[1784039838.785506] [h200x8-01:187512:0]      cuda_iface.h:85   UCX  ERROR cuCtxGetApiVersion(ctx, &version) failed: invalid device context
[1784039838.785508] [h200x8-01:187512:0]      cuda_iface.h:85   UCX  ERROR cuCtxGetApiVersion(ctx, &version) failed: invalid device context
[1784039838.785509] [h200x8-01:187512:0]      cuda_iface.h:85   UCX  ERROR cuCtxGetApiVersion(ctx, &version) failed: invalid device context
[1784039838.785511] [h200x8-01:187512:0]      cuda_iface.h:85   UCX  ERROR cuCtxGetApiVersion(ctx, &version) failed: invalid device context
[1784039838.785512] [h200x8-01:187512:0]      cuda_iface.h:85   UCX  ERROR cuCtxGetApiVersion(ctx, &version) failed: invalid device context
[1784039838.785515] [h200x8-01:187512:0]      cuda_iface.h:85   UCX  ERROR cuCtxGetApiVersion(ctx, &version) failed: invalid device context
[1784039838.785517] [h200x8-01:187512:0]      cuda_iface.h:85   UCX  ERROR cuCtxGetApiVersion(ctx, &version) failed: invalid device context
[1784039838.785518] [h200x8-01:187512:0]      cuda_iface.h:85   UCX  ERROR cuCtxGetApiVersion(ctx, &version) failed: invalid device context
[1784039838.785521] [h200x8-01:187512:0]      cuda_iface.h:85   UCX  ERROR cuCtxGetApiVersion(ctx, &version) failed: invalid device context
[1784039838.785523] [h200x8-01:187512:0]      cuda_iface.h:85   UCX  ERROR cuCtxGetApiVersion(ctx, &version) failed: invalid device context
[1784039838.785526] [h200x8-01:187512:0]      cuda_iface.h:85   UCX  ERROR cuCtxGetApiVersion(ctx, &version) failed: invalid device context
[1784039838.785528] [h200x8-01:187512:0]      cuda_iface.h:85   UCX  ERROR cuCtxGetApiVersion(ctx, &version) failed: invalid device context
[1784039838.785530] [h200x8-01:187512:0]      cuda_iface.h:85   UCX  ERROR cuCtxGetApiVersion(ctx, &version) failed: invalid device context
[1784039838.785532] [h200x8-01:187512:0]      cuda_iface.h:85   UCX  ERROR cuCtxGetApiVersion(ctx, &version) failed: invalid device context
[1784039838.785533] [h200x8-01:187512:0]      cuda_iface.h:85   UCX  ERROR cuCtxGetApiVersion(ctx, &version) failed: invalid device context
[1784039838.785536] [h200x8-01:187512:0]      cuda_iface.h:85   UCX  ERROR cuCtxGetApiVersion(ctx, &version) failed: invalid device context
[1784039838.785539] [h200x8-01:187512:0]      cuda_iface.h:85   UCX  ERROR cuCtxGetApiVersion(ctx, &version) failed: invalid device context
[1784039838.785547] [h200x8-01:187512:0]      cuda_iface.h:85   UCX  ERROR cuCtxGetApiVersion(ctx, &version) failed: invalid device context
[1784039838.785549] [h200x8-01:187512:0]      cuda_iface.h:85   UCX  ERROR cuCtxGetApiVersion(ctx, &version) failed: invalid device context
[1784039838.785551] [h200x8-01:187512:0]      cuda_iface.h:85   UCX  ERROR cuCtxGetApiVersion(ctx, &version) failed: invalid device context
[1784039838.785554] [h200x8-01:187512:0]      cuda_iface.h:85   UCX  ERROR cuCtxGetApiVersion(ctx, &versiROR cuCtxGetApiVersion(ctx, &version) failed: invalid device context
[1784039838.785501] [h200x8-01:187519:0]      cuda_iface.h:85   UCX  ERROR cuCtxGetApiVersion(ctx, &version) failed: invalid device context
[1784039838.785503] [h200x8-01:187519:0]      cuda_iface.h:85   UCX  ERROR cuCtxGetApiVersion(ctx, &version) failed: invalid device context
[1784039838.785504] [h200x8-01:187519:0]      cuda_iface.h:85   UCX  ERROR cuCtxGetApiVersion(ctx, &version) failed: invalid device context
[1784039838.785507] [h200x8-01:187519:0]      cuda_iface.h:85   UCX  ERROR cuCtxGetApiVersion(ctx, &version) failed: invalid device context
[1784039838.785508] [h200x8-01:187519:0]      cuda_iface.h:85   UCX  ERROR cuCtxGetApiVersion(ctx, &version) failed: invalid device context
[1784039838.785511] [h200x8-01:187519:0]      cuda_iface.h:85   UCX  ERROR cuCtxGetApiVersion(ctx, &version) failed: invalid device context
[1784039838.785512] [h200x8-01:187519:0]      cuda_iface.h:85   UCX  ERROR cuCtxGetApiVersion(ctx, &version) failed: invalid device context
[1784039838.785514] [h200x8-01:187519:0]      cuda_iface.h:85   UCX  ERROR cuCtxGetApiVersion(ctx, &version) failed: invalid device context
[1784039838.785516] [h200x8-01:187519:0]      cuda_iface.h:85   UCX  ERROR cuCtxGetApiVersion(ctx, &version) failed: invalid device context
[1784039838.785518] [h200x8-01:187519:0]      cuda_iface.h:85   UCX  ERROR cuCtxGetApiVersion(ctx, &version) failed: invalid device context
[1784039838.785520] [h200x8-01:187519:0]      cuda_iface.h:85   UCX  ERROR cuCtxGetApiVersion(ctx, &version) failed: invalid device context
[1784039838.785522] [h200x8-01:187519:0]      cuda_iface.h:85   UCX  ERROR cuCtxGetApiVersion(ctx, &version) failed: invalid device context
[1784039838.785526] [h200x8-01:187519:0]      cuda_iface.h:85   UCX  ERROR cuCtxGetApiVersion(ctx, &version) failed: invalid device context
[1784039838.785528] [h200x8-01:187519:0]      cuda_iface.h:85   UCX  ERROR cuCtxGetApiVersion(ctx, &version) failed: invalid device context
[1784039838.785531] [h200x8-01:187519:0]      cuda_iface.h:85   UCX  ERROR cuCtxGetApiVersion(ctx, &version) failed: invalid device context
[1784039838.785533] [h200x8-01:187519:0]      cuda_iface.h:85   UCX  ERROR cuCtxGetApiVersion(ctx, &version) failed: invalid device context
[1784039838.785535] [h200x8-01:187519:0]      cuda_iface.h:85   UCX  ERROR cuCtxGetApiVersion(ctx, &version) failed: invalid device context
[1784039838.785537] [h200x8-01:187519:0]      cuda_iface.h:85   UCX  ERROR cuCtxGetApiVersion(ctx, &version) failed: invalid device context
[1784039838.785539] [h200x8-01:187519:0]      cuda_iface.h:85   UCX  ERROR cuCtxGetApiVersion(ctx, &version) failed: invalid device context
[1784039838.785544] [h200x8-01:187519:0]      cuda_iface.h:85   UCX  ERROR cuCtxGetApiVersion(ctx, &version) failed: invalid device context
[1784039838.785546] [h200x8-01:187519:0]      cuda_iface.h:85   UCX  ERROR cuCtxGetApiVersion(ctx, &version) failed: invalid device context
[1784039838.785547] [h200x8-01:187519:0]      cuda_iface.h:85   UCX  ERROR cuCtxGetApiVersion(ctx, &version) failed: invalid device context
[1784039838.785548] [h200x8-01:187519:0]      cuda_iface.h:85   UCX  ERROR cuCtxGetApiVersion(ctx, &version) failed: invalid device context
[1784039838.785550] [h200x8-01:187519:0]      cuda_iface.h:85   UCX  ERROR cuCtxGetApiVersion(ctx, &version) failed: invalid device context
[1784039838.785552] [h200x8-01:187519:0]      cuda_iface.h:85   UCX  ERROR cuCtxGetApiVersion(ctx, &version) failed: invalid device context
[1784039838.785553] [h200x8-01:187519:0]      cuda_iface.h:85   UCX  ERROR cuCtxGetApiVersion(ctx, &version) failed: invalid device context
[1784039838.785555] [h200x8-01:187519:0]      cuda_iface.h:85   UCX  ERROR cuCtxGetApiVersion(ctx, &version) failed: invalid device context
[1784039838.785556] [h200x8-01:187519:0]      cuda_iface.h:85   UCX  ERROR cuCtxGetApiVersion(ctx, &version) failed: invalid device context
[1784039838.785557] [h200x8-01:187519:0]      cuda_iface.h:85   UCX  ERROR cuCtxGetApiVersion(ctx, &versioRROR cuCtxGetApiVersion(ctx, &version) failed: invalid device context
[1784039838.785438] [h200x8-01:187509:0]      cuda_iface.h:85   UCX  ERROR cuCtxGetApiVersion(ctx, &version) failed: invalid device context
[1784039838.785440] [h200x8-01:187509:0]      cuda_iface.h:85   UCX  ERROR cuCtxGetApiVersion(ctx, &version) failed: invalid device context
[1784039838.785442] [h200x8-01:187509:0]      cuda_iface.h:85   UCX  ERROR cuCtxGetApiVersion(ctx, &version) failed: invalid device context
[1784039838.785443] [h200x8-01:187509:0]      cuda_iface.h:85   UCX  ERROR cuCtxGetApiVersion(ctx, &version) failed: invalid device context
[1784039838.785445] [h200x8-01:187509:0]      cuda_iface.h:85   UCX  ERROR cuCtxGetApiVersion(ctx, &version) failed: invalid device context
[1784039838.785447] [h200x8-01:187509:0]      cuda_iface.h:85   UCX  ERROR cuCtxGetApiVersion(ctx, &version) failed: invalid device context
[1784039838.785449] [h200x8-01:187509:0]      cuda_iface.h:85   UCX  ERROR cuCtxGetApiVersion(ctx, &version) failed: invalid device context
[1784039838.785450] [h200x8-01:187509:0]      cuda_iface.h:85   UCX  ERROR cuCtxGetApiVersion(ctx, &version) failed: invalid device context
[1784039838.785451] [h200x8-01:187509:0]      cuda_iface.h:85   UCX  ERROR cuCtxGetApiVersion(ctx, &version) failed: invalid device context
[1784039838.785454] [h200x8-01:187509:0]      cuda_iface.h:85   UCX  ERROR cuCtxGetApiVersion(ctx, &version) failed: invalid device context
[1784039838.785455] [h200x8-01:187509:0]      cuda_iface.h:85   UCX  ERROR cuCtxGetApiVersion(ctx, &version) failed: invalid device context
[1784039838.785457] [h200x8-01:187509:0]      cuda_iface.h:85   UCX  ERROR cuCtxGetApiVersion(ctx, &version) failed: invalid device context
[1784039838.785458] [h200x8-01:187509:0]      cuda_iface.h:85   UCX  ERROR cuCtxGetApiVersion(ctx, &version) failed: invalid device context
[1784039838.785460] [h200x8-01:187509:0]      cuda_iface.h:85   UCX  ERROR cuCtxGetApiVersion(ctx, &version) failed: invalid device context
[1784039838.785462] [h200x8-01:187509:0]      cuda_iface.h:85   UCX  ERROR cuCtxGetApiVersion(ctx, &version) failed: invalid device context
[1784039838.785464] [h200x8-01:187509:0]      cuda_iface.h:85   UCX  ERROR cuCtxGetApiVersion(ctx, &version) failed: invalid device context
[1784039838.785465] [h200x8-01:187509:0]      cuda_iface.h:85   UCX  ERROR cuCtxGetApiVersion(ctx, &version) failed: invalid device context
[1784039838.785468] [h200x8-01:187509:0]      cuda_iface.h:85   UCX  ERROR cuCtxGetApiVersion(ctx, &version) failed: invalid device context
[1784039838.785469] [h200x8-01:187509:0]      cuda_iface.h:85   UCX  ERROR cuCtxGetApiVersion(ctx, &version) failed: invalid device context
[1784039838.785470] [h200x8-01:187509:0]      cuda_iface.h:85   UCX  ERROR cuCtxGetApiVersion(ctx, &version) failed: invalid device context
[1784039838.785472] [h200x8-01:187509:0]      cuda_iface.h:85   UCX  ERROR cuCtxGetApiVersion(ctx, &version) failed: invalid device context
[1784039838.785474] [h200x8-01:187509:0]      cuda_iface.h:85   UCX  ERROR cuCtxGetApiVersion(ctx, &version) failed: invalid device context
[1784039838.785475] [h200x8-01:187509:0]      cuda_iface.h:85   UCX  ERROR cuCtxGetApiVersion(ctx, &version) failed: invalid device context
[1784039838.785477] [h200x8-01:187509:0]      cuda_iface.h:85   UCX  ERROR cuCtxGetApiVersion(ctx, &version) failed: invalid device context
[1784039838.785478] [h200x8-01:187509:0]      cuda_iface.h:85   UCX  ERROR cuCtxGetApiVersion(ctx, &version) failed: invalid device context
[1784039838.785480] [h200x8-01:187509:0]      cuda_iface.h:85   UCX  ERROR cuCtxGetApiVersion(ctx, &version) failed: invalid device context
[1784039838.785482] [h200x8-01:187509:0]      cuda_iface.h:85   UCX  ERROR cuCtxGetApiVersion(ctx, &version) failed: invalid device context
[1784039838.785483] [h200x8-01:187509:0]      cuda_iface.h:85   UCX  ERROR cuCtxGetApiVersion(ctx, &version) failed: invalid device context
[1784039838.785485] [h200x8-01:187509:0]      cuda_iface.h:85   UCX  ERROR cuCtxGetApiVersion(ctx, &versiOR cuCtxGetApiVersion(ctx, &version) failed: invalid device context
[1784039838.785557] [h200x8-01:187513:0]      cuda_iface.h:85   UCX  ERROR cuCtxGetApiVersion(ctx, &version) failed: invalid device context
[1784039838.785558] [h200x8-01:187513:0]      cuda_iface.h:85   UCX  ERROR cuCtxGetApiVersion(ctx, &version) failed: invalid device context
[1784039838.785560] [h200x8-01:187513:0]      cuda_iface.h:85   UCX  ERROR cuCtxGetApiVersion(ctx, &version) failed: invalid device context
[1784039838.785563] [h200x8-01:187513:0]      cuda_iface.h:85   UCX  ERROR cuCtxGetApiVersion(ctx, &version) failed: invalid device context
[1784039838.785565] [h200x8-01:187513:0]      cuda_iface.h:85   UCX  ERROR cuCtxGetApiVersion(ctx, &version) failed: invalid device context
[1784039838.785568] [h200x8-01:187513:0]      cuda_iface.h:85   UCX  ERROR cuCtxGetApiVersion(ctx, &version) failed: invalid device context
[1784039838.785569] [h200x8-01:187513:0]      cuda_iface.h:85   UCX  ERROR cuCtxGetApiVersion(ctx, &version) failed: invalid device context
[1784039838.785572] [h200x8-01:187513:0]      cuda_iface.h:85   UCX  ERROR cuCtxGetApiVersion(ctx, &version) failed: invalid device context
[1784039838.785574] [h200x8-01:187513:0]      cuda_iface.h:85   UCX  ERROR cuCtxGetApiVersion(ctx, &version) failed: invalid device context
[1784039838.785578] [h200x8-01:187513:0]      cuda_iface.h:85   UCX  ERROR cuCtxGetApiVersion(ctx, &version) failed: invalid device context
[1784039838.785579] [h200x8-01:187513:0]      cuda_iface.h:85   UCX  ERROR cuCtxGetApiVersion(ctx, &version) failed: invalid device context
[1784039838.785583] [h200x8-01:187513:0]      cuda_iface.h:85   UCX  ERROR cuCtxGetApiVersion(ctx, &version) failed: invalid device context
[1784039838.785586] [h200x8-01:187513:0]      cuda_iface.h:85   UCX  ERROR cuCtxGetApiVersion(ctx, &version) failed: invalid device context
[1784039838.785587] [h200x8-01:187513:0]      cuda_iface.h:85   UCX  ERROR cuCtxGetApiVersion(ctx, &version) failed: invalid device context
[1784039838.785590] [h200x8-01:187513:0]      cuda_iface.h:85   UCX  ERROR cuCtxGetApiVersion(ctx, &version) failed: invalid device context
[1784039838.785592] [h200x8-01:187513:0]      cuda_iface.h:85   UCX  ERROR cuCtxGetApiVersion(ctx, &version) failed: invalid device context
[1784039838.785593] [h200x8-01:187513:0]      cuda_iface.h:85   UCX  ERROR cuCtxGetApiVersion(ctx, &version) failed: invalid device context
[1784039838.785596] [h200x8-01:187513:0]      cuda_iface.h:85   UCX  ERROR cuCtxGetApiVersion(ctx, &version) failed: invalid device context
[1784039838.785597] [h200x8-01:187513:0]      cuda_iface.h:85   UCX  ERROR cuCtxGetApiVersion(ctx, &version) failed: invalid device context
[1784039838.785601] [h200x8-01:187513:0]      cuda_iface.h:85   UCX  ERROR cuCtxGetApiVersion(ctx, &version) failed: invalid device context
[1784039838.785602] [h200x8-01:187513:0]      cuda_iface.h:85   UCX  ERROR cuCtxGetApiVersion(ctx, &version) failed: invalid device context
[1784039838.785606] [h200x8-01:187513:0]      cuda_iface.h:85   UCX  ERROR cuCtxGetApiVersion(ctx, &version) failed: invalid device context
[1784039838.785608] [h200x8-01:187513:0]      cuda_iface.h:85   UCX  ERROR cuCtxGetApiVersion(ctx, &version) failed: invalid device context
[1784039838.785610] [h200x8-01:187513:0]      cuda_iface.h:85   UCX  ERROR cuCtxGetApiVersion(ctx, &version) failed: invalid device context
[1784039838.785613] [h200x8-01:187513:0]      cuda_iface.h:85   UCX  ERROR cuCtxGetApiVersion(ctx, &version) failed: invalid device context
[1784039838.785614] [h200x8-01:187513:0]      cuda_iface.h:85   UCX  ERROR cuCtxGetApiVersion(ctx, &version) failed: invalid device context
[1784039838.785616] [h200x8-01:187513:0]      cuda_iface.h:85   UCX  ERROR cuCtxGetApiVersion(ctx, &version) failed: invalid device context
[1784039838.785618] [h200x8-01:187513:0]      cuda_iface.h:85   UCX  ERROR cuCtxGetApiVersion(ctx, &version) failed: invalid device context
[1784039838.785620] [h200x8-01:187513:0]      cuda_iface.h:85   UCX  ERROR cuCtxGetApiVersion(ctx, &versionROR cuCtxGetApiVersion(ctx, &version) failed: invalid device context
[1784039838.785533] [h200x8-01:187506:0]      cuda_iface.h:85   UCX  ERROR cuCtxGetApiVersion(ctx, &version) failed: invalid device context
[1784039838.785535] [h200x8-01:187506:0]      cuda_iface.h:85   UCX  ERROR cuCtxGetApiVersion(ctx, &version) failed: invalid device context
[1784039838.785537] [h200x8-01:187506:0]      cuda_iface.h:85   UCX  ERROR cuCtxGetApiVersion(ctx, &version) failed: invalid device context
[1784039838.785539] [h200x8-01:187506:0]      cuda_iface.h:85   UCX  ERROR cuCtxGetApiVersion(ctx, &version) failed: invalid device context
[1784039838.785545] [h200x8-01:187506:0]      cuda_iface.h:85   UCX  ERROR cuCtxGetApiVersion(ctx, &version) failed: invalid device context
[1784039838.785546] [h200x8-01:187506:0]      cuda_iface.h:85   UCX  ERROR cuCtxGetApiVersion(ctx, &version) failed: invalid device context
[1784039838.785548] [h200x8-01:187506:0]      cuda_iface.h:85   UCX  ERROR cuCtxGetApiVersion(ctx, &version) failed: invalid device context
[1784039838.785549] [h200x8-01:187506:0]      cuda_iface.h:85   UCX  ERROR cuCtxGetApiVersion(ctx, &version) failed: invalid device context
[1784039838.785551] [h200x8-01:187506:0]      cuda_iface.h:85   UCX  ERROR cuCtxGetApiVersion(ctx, &version) failed: invalid device context
[1784039838.785552] [h200x8-01:187506:0]      cuda_iface.h:85   UCX  ERROR cuCtxGetApiVersion(ctx, &version) failed: invalid device context
[1784039838.785553] [h200x8-01:187506:0]      cuda_iface.h:85   UCX  ERROR cuCtxGetApiVersion(ctx, &version) failed: invalid device context
[1784039838.785558] [h200x8-01:187506:0]      cuda_iface.h:85   UCX  ERROR cuCtxGetApiVersion(ctx, &version) failed: invalid device context
[1784039838.785559] [h200x8-01:187506:0]      cuda_iface.h:85   UCX  ERROR cuCtxGetApiVersion(ctx, &version) failed: invalid device context
[1784039838.785561] [h200x8-01:187506:0]      cuda_iface.h:85   UCX  ERROR cuCtxGetApiVersion(ctx, &version) failed: invalid device context
[1784039838.785564] [h200x8-01:187506:0]      cuda_iface.h:85   UCX  ERROR cuCtxGetApiVersion(ctx, &version) failed: invalid device context
[1784039838.785565] [h200x8-01:187506:0]      cuda_iface.h:85   UCX  ERROR cuCtxGetApiVersion(ctx, &version) failed: invalid device context
[1784039838.785570] [h200x8-01:187506:0]      cuda_iface.h:85   UCX  ERROR cuCtxGetApiVersion(ctx, &version) failed: invalid device context
[1784039838.785571] [h200x8-01:187506:0]      cuda_iface.h:85   UCX  ERROR cuCtxGetApiVersion(ctx, &version) failed: invalid device context
[1784039838.785574] [h200x8-01:187506:0]      cuda_iface.h:85   UCX  ERROR cuCtxGetApiVersion(ctx, &version) failed: invalid device context
[1784039838.785576] [h200x8-01:187506:0]      cuda_iface.h:85   UCX  ERROR cuCtxGetApiVersion(ctx, &version) failed: invalid device context
[1784039838.785579] [h200x8-01:187506:0]      cuda_iface.h:85   UCX  ERROR cuCtxGetApiVersion(ctx, &version) failed: invalid device context
[1784039838.785581] [h200x8-01:187506:0]      cuda_iface.h:85   UCX  ERROR cuCtxGetApiVersion(ctx, &version) failed: invalid device context
[1784039838.785585] [h200x8-01:187506:0]      cuda_iface.h:85   UCX  ERROR cuCtxGetApiVersion(ctx, &version) failed: invalid device context
[1784039838.785590] [h200x8-01:187506:0]      cuda_iface.h:85   UCX  ERROR cuCtxGetApiVersion(ctx, &version) failed: invalid device context
[1784039838.785592] [h200x8-01:187506:0]      cuda_iface.h:85   UCX  ERROR cuCtxGetApiVersion(ctx, &version) failed: invalid device context
[1784039838.785594] [h200x8-01:187506:0]      cuda_iface.h:85   UCX  ERROR cuCtxGetApiVersion(ctx, &version) failed: invalid device context
[1784039838.785596] [h200x8-01:187506:0]      cuda_iface.h:85   UCX  ERROR cuCtxGetApiVersion(ctx, &version) failed: invalid device context
[1784039838.785599] [h200x8-01:187506:0]      cuda_iface.h:85   UCX  ERROR cuCtxGetApiVersion(ctx, &version) failed: invalid device context
[1784039838.785601] [h200x8-01:187506:0]      cuda_iface.h:85   UCX  ERROR cuCtxGetApiVersion(ctx, &versioROR cuCtxGetApiVersion(ctx, &version) failed: invalid device context
[1784039838.785531] [h200x8-01:187504:0]      cuda_iface.h:85   UCX  ERROR cuCtxGetApiVersion(ctx, &version) failed: invalid device context
[1784039838.785532] [h200x8-01:187504:0]      cuda_iface.h:85   UCX  ERROR cuCtxGetApiVersion(ctx, &version) failed: invalid device context
[1784039838.785534] [h200x8-01:187504:0]      cuda_iface.h:85   UCX  ERROR cuCtxGetApiVersion(ctx, &version) failed: invalid device context
[1784039838.785536] [h200x8-01:187504:0]      cuda_iface.h:85   UCX  ERROR cuCtxGetApiVersion(ctx, &version) failed: invalid device context
[1784039838.785537] [h200x8-01:187504:0]      cuda_iface.h:85   UCX  ERROR cuCtxGetApiVersion(ctx, &version) failed: invalid device context
[1784039838.785540] [h200x8-01:187504:0]      cuda_iface.h:85   UCX  ERROR cuCtxGetApiVersion(ctx, &version) failed: invalid device context
[1784039838.785548] [h200x8-01:187504:0]      cuda_iface.h:85   UCX  ERROR cuCtxGetApiVersion(ctx, &version) failed: invalid device context
[1784039838.785549] [h200x8-01:187504:0]      cuda_iface.h:85   UCX  ERROR cuCtxGetApiVersion(ctx, &version) failed: invalid device context
[1784039838.785551] [h200x8-01:187504:0]      cuda_iface.h:85   UCX  ERROR cuCtxGetApiVersion(ctx, &version) failed: invalid device context
[1784039838.785556] [h200x8-01:187504:0]      cuda_iface.h:85   UCX  ERROR cuCtxGetApiVersion(ctx, &version) failed: invalid device context
[1784039838.785557] [h200x8-01:187504:0]      cuda_iface.h:85   UCX  ERROR cuCtxGetApiVersion(ctx, &version) failed: invalid device context
[1784039838.785559] [h200x8-01:187504:0]      cuda_iface.h:85   UCX  ERROR cuCtxGetApiVersion(ctx, &version) failed: invalid device context
[1784039838.785562] [h200x8-01:187504:0]      cuda_iface.h:85   UCX  ERROR cuCtxGetApiVersion(ctx, &version) failed: invalid device context
[1784039838.785564] [h200x8-01:187504:0]      cuda_iface.h:85   UCX  ERROR cuCtxGetApiVersion(ctx, &version) failed: invalid device context
[1784039838.785567] [h200x8-01:187504:0]      cuda_iface.h:85   UCX  ERROR cuCtxGetApiVersion(ctx, &version) failed: invalid device context
[1784039838.785569] [h200x8-01:187504:0]      cuda_iface.h:85   UCX  ERROR cuCtxGetApiVersion(ctx, &version) failed: invalid device context
[1784039838.785572] [h200x8-01:187504:0]      cuda_iface.h:85   UCX  ERROR cuCtxGetApiVersion(ctx, &version) failed: invalid device context
[1784039838.785576] [h200x8-01:187504:0]      cuda_iface.h:85   UCX  ERROR cuCtxGetApiVersion(ctx, &version) failed: invalid device context
[1784039838.785578] [h200x8-01:187504:0]      cuda_iface.h:85   UCX  ERROR cuCtxGetApiVersion(ctx, &version) failed: invalid device context
[1784039838.785581] [h200x8-01:187504:0]      cuda_iface.h:85   UCX  ERROR cuCtxGetApiVersion(ctx, &version) failed: invalid device context
[1784039838.785583] [h200x8-01:187504:0]      cuda_iface.h:85   UCX  ERROR cuCtxGetApiVersion(ctx, &version) failed: invalid device context
[1784039838.785587] [h200x8-01:187504:0]      cuda_iface.h:85   UCX  ERROR cuCtxGetApiVersion(ctx, &version) failed: invalid device context
[1784039838.785589] [h200x8-01:187504:0]      cuda_iface.h:85   UCX  ERROR cuCtxGetApiVersion(ctx, &version) failed: invalid device context
[1784039838.785592] [h200x8-01:187504:0]      cuda_iface.h:85   UCX  ERROR cuCtxGetApiVersion(ctx, &version) failed: invalid device context
[1784039838.785593] [h200x8-01:187504:0]      cuda_iface.h:85   UCX  ERROR cuCtxGetApiVersion(ctx, &version) failed: invalid device context
[1784039838.785597] [h200x8-01:187504:0]      cuda_iface.h:85   UCX  ERROR cuCtxGetApiVersion(ctx, &version) failed: invalid device context
[1784039838.785600] [h200x8-01:187504:0]      cuda_iface.h:85   UCX  ERROR cuCtxGetApiVersion(ctx, &version) failed: invalid device context
[1784039838.785604] [h200x8-01:187504:0]      cuda_iface.h:85   UCX  ERROR cuCtxGetApiVersion(ctx, &version) failed: invalid device context
[1784039838.785605] [h200x8-01:187504:0]      cuda_iface.h:85   UCX  ERROR cuCtxGetApiVersion(ctx, &versio[1784039838.785829] [h200x8-01:187505:0]      cuda_iface.h:85   UCX  ERROR cuCtxGetApiVersion(ctx, &version) failed: invalid device context
[1784039838.785843] [h200x8-01:187505:0]      cuda_iface.h:85   UCX  ERROR cuCtxGetApiVersion(ctx, &version) failed: invalid device context
[1784039838.785845] [h200x8-01:187505:0]      cuda_iface.h:85   UCX  ERROR cuCtxGetApiVersion(ctx, &version) failed: invalid device context
[1784039838.785846] [h200x8-01:187505:0]      cuda_iface.h:85   UCX  ERROR cuCtxGetApiVersion(ctx, &version) failed: invalid device context
[1784039838.785848] [h200x8-01:187505:0]      cuda_iface.h:85   UCX  ERROR cuCtxGetApiVersion(ctx, &version) failed: invalid device context
[1784039838.785849] [h200x8-01:187505:0]      cuda_iface.h:85   UCX  ERROR cuCtxGetApiVersion(ctx, &version) failed: invalid device context
[1784039838.785850] [h200x8-01:187505:0]      cuda_iface.h:85   UCX  ERROR cuCtxGetApiVersion(ctx, &version) failed: invalid device context
[1784039838.785852] [h200x8-01:187505:0]      cuda_iface.h:85   UCX  ERROR cuCtxGetApiVersion(ctx, &version) failed: invalid device context
[1784039838.785853] [h200x8-01:187505:0]      cuda_iface.h:85   UCX  ERROR cuCtxGetApiVersion(ctx, &version) failed: invalid device context
[1784039838.785855] [h200x8-01:187505:0]      cuda_iface.h:85   UCX  ERROR cuCtxGetApiVersion(ctx, &version) failed: invalid device context
[1784039838.785856] [h200x8-01:187505:0]      cuda_iface.h:85   UCX  ERROR cuCtxGetApiVersion(ctx, &version) failed: invalid device context
[1784039838.785858] [h200x8-01:187505:0]      cuda_iface.h:85   UCX  ERROR cuCtxGetApiVersion(ctx, &version) failed: invalid device context
[1784039838.785859] [h200x8-01:187505:0]      cuda_iface.h:85   UCX  ERROR cuCtxGetApiVersion(ctx, &version) failed: invalid device context
[1784039838.785860] [h200x8-01:187505:0]      cuda_iface.h:85   UCX  ERROR cuCtxGetApiVersion(ctx, &version) failed: invalid device context
[1784039838.785862] [h200x8-01:187505:0]      cuda_iface.h:85   UCX  ERROR cuCtxGetApiVersion(ctx, &version) failed: invalid device context
[1784039838.785863] [h200x8-01:187505:0]      cuda_iface.h:85   UCX  ERROR cuCtxGetApiVersion(ctx, &version) failed: invalid device context
[1784039838.785864] [h200x8-01:187505:0]      cuda_iface.h:85   UCX  ERROR cuCtxGetApiVersion(ctx, &version) failed: invalid device context
[1784039838.785866] [h200x8-01:187505:0]      cuda_iface.h:85   UCX  ERROR cuCtxGetApiVersion(ctx, &version) failed: invalid device context
[1784039838.785867] [h200x8-01:187505:0]      cuda_iface.h:85   UCX  ERROR cuCtxGetApiVersion(ctx, &version) failed: invalid device context
[1784039838.785868] [h200x8-01:187505:0]      cuda_iface.h:85   UCX  ERROR cuCtxGetApiVersion(ctx, &version) failed: invalid device context
[1784039838.785870] [h200x8-01:187505:0]      cuda_iface.h:85   UCX  ERROR cuCtxGetApiVersion(ctx, &version) failed: invalid device context
[1784039838.785871] [h200x8-01:187505:0]      cuda_iface.h:85   UCX  ERROR cuCtxGetApiVersion(ctx, &version) failed: invalid device context
[1784039838.785873] [h200x8-01:187505:0]      cuda_iface.h:85   UCX  ERROR cuCtxGetApiVersion(ctx, &version) failed: invalid device context
[1784039838.785874] [h200x8-01:187505:0]      cuda_iface.h:85   UCX  ERROR cuCtxGetApiVersion(ctx, &version) failed: invalid device context
[1784039838.785875] [h200x8-01:187505:0]      cuda_iface.h:85   UCX  ERROR cuCtxGetApiVersion(ctx, &version) failed: invalid device context
[1784039838.785877] [h200x8-01:187505:0]      cuda_iface.h:85   UCX  ERROR cuCtxGetApiVersion(ctx, &version) failed: invalid device context
[1784039838.785878] [h200x8-01:187505:0]      cuda_iface.h:85   UCX  ERROR cuCtxGetApiVersion(ctx, &version) failed: invalid device context
[1784039838.785879] [h200x8-01:187505:0]      cuda_iface.h:85   UCX  ERROR cuCtxGetApiVersion(ctx, &version) failed: invalid device context
[1784039838.785881] [h200x8-01:187505:0]      cuda_iface.h:85   UCX  ERROR cuCtxGetApiVersion(ctx, &version) failed: invalid device context
[1784039838.785882] [h200x8-01:1875RROR cuCtxGetApiVersion(ctx, &version) failed: invalid device context
[1784039838.785387] [h200x8-01:187503:0]      cuda_iface.h:85   UCX  ERROR cuCtxGetApiVersion(ctx, &version) failed: invalid device context
[1784039838.785389] [h200x8-01:187503:0]      cuda_iface.h:85   UCX  ERROR cuCtxGetApiVersion(ctx, &version) failed: invalid device context
[1784039838.785390] [h200x8-01:187503:0]      cuda_iface.h:85   UCX  ERROR cuCtxGetApiVersion(ctx, &version) failed: invalid device context
[1784039838.785391] [h200x8-01:187503:0]      cuda_iface.h:85   UCX  ERROR cuCtxGetApiVersion(ctx, &version) failed: invalid device context
[1784039838.785393] [h200x8-01:187503:0]      cuda_iface.h:85   UCX  ERROR cuCtxGetApiVersion(ctx, &version) failed: invalid device context
[1784039838.785396] [h200x8-01:187503:0]      cuda_iface.h:85   UCX  ERROR cuCtxGetApiVersion(ctx, &version) failed: invalid device context
[1784039838.785397] [h200x8-01:187503:0]      cuda_iface.h:85   UCX  ERROR cuCtxGetApiVersion(ctx, &version) failed: invalid device context
[1784039838.785399] [h200x8-01:187503:0]      cuda_iface.h:85   UCX  ERROR cuCtxGetApiVersion(ctx, &version) failed: invalid device context
[1784039838.785401] [h200x8-01:187503:0]      cuda_iface.h:85   UCX  ERROR cuCtxGetApiVersion(ctx, &version) failed: invalid device context
[1784039838.785403] [h200x8-01:187503:0]      cuda_iface.h:85   UCX  ERROR cuCtxGetApiVersion(ctx, &version) failed: invalid device context
[1784039838.785404] [h200x8-01:187503:0]      cuda_iface.h:85   UCX  ERROR cuCtxGetApiVersion(ctx, &version) failed: invalid device context
[1784039838.785406] [h200x8-01:187503:0]      cuda_iface.h:85   UCX  ERROR cuCtxGetApiVersion(ctx, &version) failed: invalid device context
[1784039838.785407] [h200x8-01:187503:0]      cuda_iface.h:85   UCX  ERROR cuCtxGetApiVersion(ctx, &version) failed: invalid device context
[1784039838.785409] [h200x8-01:187503:0]      cuda_iface.h:85   UCX  ERROR cuCtxGetApiVersion(ctx, &version) failed: invalid device context
[1784039838.785410] [h200x8-01:187503:0]      cuda_iface.h:85   UCX  ERROR cuCtxGetApiVersion(ctx, &version) failed: invalid device context
[1784039838.785413] [h200x8-01:187503:0]      cuda_iface.h:85   UCX  ERROR cuCtxGetApiVersion(ctx, &version) failed: invalid device context
[1784039838.785415] [h200x8-01:187503:0]      cuda_iface.h:85   UCX  ERROR cuCtxGetApiVersion(ctx, &version) failed: invalid device context
[1784039838.785417] [h200x8-01:187503:0]      cuda_iface.h:85   UCX  ERROR cuCtxGetApiVersion(ctx, &version) failed: invalid device context
[1784039838.785419] [h200x8-01:187503:0]      cuda_iface.h:85   UCX  ERROR cuCtxGetApiVersion(ctx, &version) failed: invalid device context
[1784039838.785420] [h200x8-01:187503:0]      cuda_iface.h:85   UCX  ERROR cuCtxGetApiVersion(ctx, &version) failed: invalid device context
[1784039838.785424] [h200x8-01:187503:0]      cuda_iface.h:85   UCX  ERROR cuCtxGetApiVersion(ctx, &version) failed: invalid device context
[1784039838.785425] [h200x8-01:187503:0]      cuda_iface.h:85   UCX  ERROR cuCtxGetApiVersion(ctx, &version) failed: invalid device context
[1784039838.785427] [h200x8-01:187503:0]      cuda_iface.h:85   UCX  ERROR cuCtxGetApiVersion(ctx, &version) failed: invalid device context
[1784039838.785429] [h200x8-01:187503:0]      cuda_iface.h:85   UCX  ERROR cuCtxGetApiVersion(ctx, &version) failed: invalid device context
[1784039838.785430] [h200x8-01:187503:0]      cuda_iface.h:85   UCX  ERROR cuCtxGetApiVersion(ctx, &version) failed: invalid device context
[1784039838.785432] [h200x8-01:187503:0]      cuda_iface.h:85   UCX  ERROR cuCtxGetApiVersion(ctx, &version) failed: invalid device context
[1784039838.785433] [h200x8-01:187503:0]      cuda_iface.h:85   UCX  ERROR cuCtxGetApiVersion(ctx, &version) failed: invalid device context
[1784039838.785434] [h200x8-01:187503:0]      cuda_iface.h:85   UCX  ERROR cuCtxGetApiVersion(ctx, &version) failed: invalid device context
[1784039838.785437] [h200x8-01:187503:0]      cuda_iface.h:85   UCX  ERROR cuCtxGetApiVersion(ctx, &versi05:0]      cuda_iface.h:85   UCX  ERROR cuCtxGetApiVersion(ctx, &version) failed: invalid device context
[1784039838.785884] [h200x8-01:187505:0]      cuda_iface.h:85   UCX  ERROR cuCtxGetApiVersion(ctx, &version) failed: invalid device context
[1784039838.785885] [h200x8-01:187505:0]      cuda_iface.h:85   UCX  ERROR cuCtxGetApiVersion(ctx, &version) failed: invalid device context
[1784039838.785886] [h200x8-01:187505:0]      cuda_iface.h:85   UCX  ERROR cuCtxGetApiVersion(ctx, &version) failed: invalid device context
[1784039838.785888] [h200x8-01:187505:0]      cuda_iface.h:85   UCX  ERROR cuCtxGetApiVersion(ctx, &version) failed: invalid device context
[1784039838.785889] [h200x8-01:187505:0]      cuda_iface.h:85   UCX  ERROR cuCtxGetApiVersion(ctx, &version) failed: invalid device context
[1784039838.785891] [h200x8-01:187505:0]      cuda_iface.h:85   UCX  ERROR cuCtxGetApiVersion(ctx, &version) failed: invalid device context
[1784039838.785892] [h200x8-01:187505:0]      cuda_iface.h:85   UCX  ERROR cuCtxGetApiVersion(ctx, &version) failed: invalid device context
[1784039838.785894] [h200x8-01:187505:0]      cuda_iface.h:85   UCX  ERROR cuCtxGetApiVersion(ctx, &version) failed: invalid device context
[1784039838.785895] [h200x8-01:187505:0]      cuda_iface.h:85   UCX  ERROR cuCtxGetApiVersion(ctx, &version) failed: invalid device context
[1784039838.785896] [h200x8-01:187505:0]      cuda_iface.h:85   UCX  ERROR cuCtxGetApiVersion(ctx, &version) failed: invalid device context
[1784039838.785898] [h200x8-01:187505:0]      cuda_iface.h:85   UCX  ERROR cuCtxGetApiVersion(ctx, &version) failed: invalid device context
[1784039838.785899] [h200x8-01:187505:0]      cuda_iface.h:85   UCX  ERROR cuCtxGetApiVersion(ctx, &version) failed: invalid device context
[1784039838.785900] [h200x8-01:187505:0]      cuda_iface.h:85   UCX  ERROR cuCtxGetApiVersion(ctx, &version) failed: invalid device context
[1784039838.785902] [h200x8-01:187505:0]      cuda_iface.h:85   UCX  ERROR cuCtxGetApiVersion(ctx, &version) failed: invalid device context
[1784039838.785903] [h200x8-01:187505:0]      cuda_iface.h:85   UCX  ERROR cuCtxGetApiVersion(ctx, &version) failed: invalid device context
[1784039838.785905] [h200x8-01:187505:0]      cuda_iface.h:85   UCX  ERROR cuCtxGetApiVersion(ctx, &version) failed: invalid device context
[1784039838.785906] [h200x8-01:187505:0]      cuda_iface.h:85   UCX  ERROR cuCtxGetApiVersion(ctx, &version) failed: invalid device context
[1784039838.785907] [h200x8-01:187505:0]      cuda_iface.h:85   UCX  ERROR cuCtxGetApiVersion(ctx, &version) failed: invalid device context
[1784039838.785909] [h200x8-01:187505:0]      cuda_iface.h:85   UCX  ERROR cuCtxGetApiVersion(ctx, &version) failed: invalid device context
[1784039838.785910] [h200x8-01:187505:0]      cuda_iface.h:85   UCX  ERROR cuCtxGetApiVersion(ctx, &version) failed: invalid device context
[1784039838.785912] [h200x8-01:187505:0]      cuda_iface.h:85   UCX  ERROR cuCtxGetApiVersion(ctx, &version) failed: invalid device context
[1784039838.785914] [h200x8-01:187505:0]      cuda_iface.h:85   UCX  ERROR cuCtxGetApiVersion(ctx, &version) failed: invalid device context
[1784039838.785916] [h200x8-01:187505:0]      cuda_iface.h:85   UCX  ERROR cuCtxGetApiVersion(ctx, &version) failed: invalid device context
[1784039838.785918] [h200x8-01:187505:0]      cuda_iface.h:85   UCX  ERROR cuCtxGetApiVersion(ctx, &version) failed: invalid device context
[1784039838.785920] [h200x8-01:187505:0]      cuda_iface.h:85   UCX  ERROR cuCtxGetApiVersion(ctx, &version) failed: invalid device context
[1784039838.785923] [h200x8-01:187505:0]      cuda_iface.h:85   UCX  ERROR cuCtxGetApiVersion(ctx, &version) failed: invalid device context
[1784039838.785925] [h200x8-01:187505:0]      cuda_iface.h:85   UCX  ERROR cuCtxGetApiVersion(ctx, &version) failed: invalid device context
[1784039838.785927] [h200x8-01:187505:0]      cuda_iface.h:85   UCX  ERROR cuCtxGetApiVersion(ctx, &version) failed: invalid device context
[1784039838.785929] [h200x8-01:187505:0]      cuda_iface.h:85   UCX  Eon) failed: invalid device context
[1784039838.785556] [h200x8-01:187512:0]      cuda_iface.h:85   UCX  ERROR cuCtxGetApiVersion(ctx, &version) failed: invalid device context
[1784039838.785557] [h200x8-01:187512:0]      cuda_iface.h:85   UCX  ERROR cuCtxGetApiVersion(ctx, &version) failed: invalid device context
[1784039838.785559] [h200x8-01:187512:0]      cuda_iface.h:85   UCX  ERROR cuCtxGetApiVersion(ctx, &version) failed: invalid device context
[1784039838.785562] [h200x8-01:187512:0]      cuda_iface.h:85   UCX  ERROR cuCtxGetApiVersion(ctx, &version) failed: invalid device context
[1784039838.785565] [h200x8-01:187512:0]      cuda_iface.h:85   UCX  ERROR cuCtxGetApiVersion(ctx, &version) failed: invalid device context
[1784039838.785568] [h200x8-01:187512:0]      cuda_iface.h:85   UCX  ERROR cuCtxGetApiVersion(ctx, &version) failed: invalid device context
[1784039838.785571] [h200x8-01:187512:0]      cuda_iface.h:85   UCX  ERROR cuCtxGetApiVersion(ctx, &version) failed: invalid device context
[1784039838.785573] [h200x8-01:187512:0]      cuda_iface.h:85   UCX  ERROR cuCtxGetApiVersion(ctx, &version) failed: invalid device context
[1784039838.785575] [h200x8-01:187512:0]      cuda_iface.h:85   UCX  ERROR cuCtxGetApiVersion(ctx, &version) failed: invalid device context
[1784039838.785577] [h200x8-01:187512:0]      cuda_iface.h:85   UCX  ERROR cuCtxGetApiVersion(ctx, &version) failed: invalid device context
[1784039838.785579] [h200x8-01:187512:0]      cuda_iface.h:85   UCX  ERROR cuCtxGetApiVersion(ctx, &version) failed: invalid device context
[1784039838.785581] [h200x8-01:187512:0]      cuda_iface.h:85   UCX  ERROR cuCtxGetApiVersion(ctx, &version) failed: invalid device context
[1784039838.785582] [h200x8-01:187512:0]      cuda_iface.h:85   UCX  ERROR cuCtxGetApiVersion(ctx, &version) failed: invalid device context
[1784039838.785585] [h200x8-01:187512:0]      cuda_iface.h:85   UCX  ERROR cuCtxGetApiVersion(ctx, &version) failed: invalid device context
[1784039838.785587] [h200x8-01:187512:0]      cuda_iface.h:85   UCX  ERROR cuCtxGetApiVersion(ctx, &version) failed: invalid device context
[1784039838.785590] [h200x8-01:187512:0]      cuda_iface.h:85   UCX  ERROR cuCtxGetApiVersion(ctx, &version) failed: invalid device context
[1784039838.785592] [h200x8-01:187512:0]      cuda_iface.h:85   UCX  ERROR cuCtxGetApiVersion(ctx, &version) failed: invalid device context
[1784039838.785593] [h200x8-01:187512:0]      cuda_iface.h:85   UCX  ERROR cuCtxGetApiVersion(ctx, &version) failed: invalid device context
[1784039838.785595] [h200x8-01:187512:0]      cuda_iface.h:85   UCX  ERROR cuCtxGetApiVersion(ctx, &version) failed: invalid device context
[1784039838.785598] [h200x8-01:187512:0]      cuda_iface.h:85   UCX  ERROR cuCtxGetApiVersion(ctx, &version) failed: invalid device context
[1784039838.785600] [h200x8-01:187512:0]      cuda_iface.h:85   UCX  ERROR cuCtxGetApiVersion(ctx, &version) failed: invalid device context
[1784039838.785602] [h200x8-01:187512:0]      cuda_iface.h:85   UCX  ERROR cuCtxGetApiVersion(ctx, &version) failed: invalid device context
[1784039838.785603] [h200x8-01:187512:0]      cuda_iface.h:85   UCX  ERROR cuCtxGetApiVersion(ctx, &version) failed: invalid device context
[1784039838.785606] [h200x8-01:187512:0]      cuda_iface.h:85   UCX  ERROR cuCtxGetApiVersion(ctx, &version) failed: invalid device context
[1784039838.785607] [h200x8-01:187512:0]      cuda_iface.h:85   UCX  ERROR cuCtxGetApiVersion(ctx, &version) failed: invalid device context
[1784039838.785610] [h200x8-01:187512:0]      cuda_iface.h:85   UCX  ERROR cuCtxGetApiVersion(ctx, &version) failed: invalid device context
[1784039838.785611] [h200x8-01:187512:0]      cuda_iface.h:85   UCX  ERROR cuCtxGetApiVersion(ctx, &version) failed: invalid device context
[1784039838.785613] [h200x8-01:187512:0]      cuda_iface.h:85   UCX  ERROR cuCtxGetApiVersion(ctx, &version) failed: invalid device context
[1784039838.785615] [h200x8-01:187512:0]      cuda_iface.h:85   UCX  ERROR cuCtxGetApiVersion(ctx, &version) failed: invalid device context
n) failed: invalid device context
[1784039838.785561] [h200x8-01:187519:0]      cuda_iface.h:85   UCX  ERROR cuCtxGetApiVersion(ctx, &version) failed: invalid device context
[1784039838.785562] [h200x8-01:187519:0]      cuda_iface.h:85   UCX  ERROR cuCtxGetApiVersion(ctx, &version) failed: invalid device context
[1784039838.785564] [h200x8-01:187519:0]      cuda_iface.h:85   UCX  ERROR cuCtxGetApiVersion(ctx, &version) failed: invalid device context
[1784039838.785566] [h200x8-01:187519:0]      cuda_iface.h:85   UCX  ERROR cuCtxGetApiVersion(ctx, &version) failed: invalid device context
[1784039838.785570] [h200x8-01:187519:0]      cuda_iface.h:85   UCX  ERROR cuCtxGetApiVersion(ctx, &version) failed: invalid device context
[1784039838.785572] [h200x8-01:187519:0]      cuda_iface.h:85   UCX  ERROR cuCtxGetApiVersion(ctx, &version) failed: invalid device context
[1784039838.785575] [h200x8-01:187519:0]      cuda_iface.h:85   UCX  ERROR cuCtxGetApiVersion(ctx, &version) failed: invalid device context
[1784039838.785579] [h200x8-01:187519:0]      cuda_iface.h:85   UCX  ERROR cuCtxGetApiVersion(ctx, &version) failed: invalid device context
[1784039838.785580] [h200x8-01:187519:0]      cuda_iface.h:85   UCX  ERROR cuCtxGetApiVersion(ctx, &version) failed: invalid device context
[1784039838.785584] [h200x8-01:187519:0]      cuda_iface.h:85   UCX  ERROR cuCtxGetApiVersion(ctx, &version) failed: invalid device context
[1784039838.785588] [h200x8-01:187519:0]      cuda_iface.h:85   UCX  ERROR cuCtxGetApiVersion(ctx, &version) failed: invalid device context
[1784039838.785590] [h200x8-01:187519:0]      cuda_iface.h:85   UCX  ERROR cuCtxGetApiVersion(ctx, &version) failed: invalid device context
[1784039838.785593] [h200x8-01:187519:0]      cuda_iface.h:85   UCX  ERROR cuCtxGetApiVersion(ctx, &version) failed: invalid device context
[1784039838.785594] [h200x8-01:187519:0]      cuda_iface.h:85   UCX  ERROR cuCtxGetApiVersion(ctx, &version) failed: invalid device context
[1784039838.785598] [h200x8-01:187519:0]      cuda_iface.h:85   UCX  ERROR cuCtxGetApiVersion(ctx, &version) failed: invalid device context
[1784039838.785599] [h200x8-01:187519:0]      cuda_iface.h:85   UCX  ERROR cuCtxGetApiVersion(ctx, &version) failed: invalid device context
[1784039838.785603] [h200x8-01:187519:0]      cuda_iface.h:85   UCX  ERROR cuCtxGetApiVersion(ctx, &version) failed: invalid device context
[1784039838.785604] [h200x8-01:187519:0]      cuda_iface.h:85   UCX  ERROR cuCtxGetApiVersion(ctx, &version) failed: invalid device context
[1784039838.785607] [h200x8-01:187519:0]      cuda_iface.h:85   UCX  ERROR cuCtxGetApiVersion(ctx, &version) failed: invalid device context
[1784039838.785609] [h200x8-01:187519:0]      cuda_iface.h:85   UCX  ERROR cuCtxGetApiVersion(ctx, &version) failed: invalid device context
[1784039838.785612] [h200x8-01:187519:0]      cuda_iface.h:85   UCX  ERROR cuCtxGetApiVersion(ctx, &version) failed: invalid device context
[1784039838.785613] [h200x8-01:187519:0]      cuda_iface.h:85   UCX  ERROR cuCtxGetApiVersion(ctx, &version) failed: invalid device context
[1784039838.785616] [h200x8-01:187519:0]      cuda_iface.h:85   UCX  ERROR cuCtxGetApiVersion(ctx, &version) failed: invalid device context
[1784039838.785618] [h200x8-01:187519:0]      cuda_iface.h:85   UCX  ERROR cuCtxGetApiVersion(ctx, &version) failed: invalid device context
[1784039838.785619] [h200x8-01:187519:0]      cuda_iface.h:85   UCX  ERROR cuCtxGetApiVersion(ctx, &version) failed: invalid device context
[1784039838.785623] [h200x8-01:187519:0]      cuda_iface.h:85   UCX  ERROR cuCtxGetApiVersion(ctx, &version) failed: invalid device context
[1784039838.785625] [h200x8-01:187519:0]      cuda_iface.h:85   UCX  ERROR cuCtxGetApiVersion(ctx, &version) failed: invalid device context
[1784039838.785626] [h200x8-01:187519:0]      cuda_iface.h:85   UCX  ERROR cuCtxGetApiVersion(ctx, &version) failed: invalid device context
[1784039838.785629] [h200x8-01:187519:0]      cuda_iface.h:85   UCX  ERROR cuCtxGetApiVersion(ctx, &version) failed: invalid device context
[on) failed: invalid device context
[1784039838.785487] [h200x8-01:187509:0]      cuda_iface.h:85   UCX  ERROR cuCtxGetApiVersion(ctx, &version) failed: invalid device context
[1784039838.785489] [h200x8-01:187509:0]      cuda_iface.h:85   UCX  ERROR cuCtxGetApiVersion(ctx, &version) failed: invalid device context
[1784039838.785490] [h200x8-01:187509:0]      cuda_iface.h:85   UCX  ERROR cuCtxGetApiVersion(ctx, &version) failed: invalid device context
[1784039838.785493] [h200x8-01:187509:0]      cuda_iface.h:85   UCX  ERROR cuCtxGetApiVersion(ctx, &version) failed: invalid device context
[1784039838.785494] [h200x8-01:187509:0]      cuda_iface.h:85   UCX  ERROR cuCtxGetApiVersion(ctx, &version) failed: invalid device context
[1784039838.785496] [h200x8-01:187509:0]      cuda_iface.h:85   UCX  ERROR cuCtxGetApiVersion(ctx, &version) failed: invalid device context
[1784039838.785499] [h200x8-01:187509:0]      cuda_iface.h:85   UCX  ERROR cuCtxGetApiVersion(ctx, &version) failed: invalid device context
[1784039838.785500] [h200x8-01:187509:0]      cuda_iface.h:85   UCX  ERROR cuCtxGetApiVersion(ctx, &version) failed: invalid device context
[1784039838.785501] [h200x8-01:187509:0]      cuda_iface.h:85   UCX  ERROR cuCtxGetApiVersion(ctx, &version) failed: invalid device context
[1784039838.785505] [h200x8-01:187509:0]      cuda_iface.h:85   UCX  ERROR cuCtxGetApiVersion(ctx, &version) failed: invalid device context
[1784039838.785506] [h200x8-01:187509:0]      cuda_iface.h:85   UCX  ERROR cuCtxGetApiVersion(ctx, &version) failed: invalid device context
[1784039838.785509] [h200x8-01:187509:0]      cuda_iface.h:85   UCX  ERROR cuCtxGetApiVersion(ctx, &version) failed: invalid device context
[1784039838.785510] [h200x8-01:187509:0]      cuda_iface.h:85   UCX  ERROR cuCtxGetApiVersion(ctx, &version) failed: invalid device context
[1784039838.785513] [h200x8-01:187509:0]      cuda_iface.h:85   UCX  ERROR cuCtxGetApiVersion(ctx, &version) failed: invalid device context
[1784039838.785514] [h200x8-01:187509:0]      cuda_iface.h:85   UCX  ERROR cuCtxGetApiVersion(ctx, &version) failed: invalid device context
[1784039838.785517] [h200x8-01:187509:0]      cuda_iface.h:85   UCX  ERROR cuCtxGetApiVersion(ctx, &version) failed: invalid device context
[1784039838.785524] [h200x8-01:187509:0]      cuda_iface.h:85   UCX  ERROR cuCtxGetApiVersion(ctx, &version) failed: invalid device context
[1784039838.785525] [h200x8-01:187509:0]      cuda_iface.h:85   UCX  ERROR cuCtxGetApiVersion(ctx, &version) failed: invalid device context
[1784039838.785528] [h200x8-01:187509:0]      cuda_iface.h:85   UCX  ERROR cuCtxGetApiVersion(ctx, &version) failed: invalid device context
[1784039838.785530] [h200x8-01:187509:0]      cuda_iface.h:85   UCX  ERROR cuCtxGetApiVersion(ctx, &version) failed: invalid device context
[1784039838.785531] [h200x8-01:187509:0]      cuda_iface.h:85   UCX  ERROR cuCtxGetApiVersion(ctx, &version) failed: invalid device context
[1784039838.785533] [h200x8-01:187509:0]      cuda_iface.h:85   UCX  ERROR cuCtxGetApiVersion(ctx, &version) failed: invalid device context
[1784039838.785535] [h200x8-01:187509:0]      cuda_iface.h:85   UCX  ERROR cuCtxGetApiVersion(ctx, &version) failed: invalid device context
[1784039838.785536] [h200x8-01:187509:0]      cuda_iface.h:85   UCX  ERROR cuCtxGetApiVersion(ctx, &version) failed: invalid device context
[1784039838.785539] [h200x8-01:187509:0]      cuda_iface.h:85   UCX  ERROR cuCtxGetApiVersion(ctx, &version) failed: invalid device context
[1784039838.785540] [h200x8-01:187509:0]      cuda_iface.h:85   UCX  ERROR cuCtxGetApiVersion(ctx, &version) failed: invalid device context
[1784039838.785545] [h200x8-01:187509:0]      cuda_iface.h:85   UCX  ERROR cuCtxGetApiVersion(ctx, &version) failed: invalid device context
[1784039838.785546] [h200x8-01:187509:0]      cuda_iface.h:85   UCX  ERROR cuCtxGetApiVersion(ctx, &version) failed: invalid device context
[1784039838.785548] [h200x8-01:187509:0]      cuda_iface.h:85   UCX  ERROR cuCtxGetApiVersion(ctx, &version) failed: invalid device context
) failed: invalid device context
[1784039838.785624] [h200x8-01:187513:0]      cuda_iface.h:85   UCX  ERROR cuCtxGetApiVersion(ctx, &version) failed: invalid device context
[1784039838.785625] [h200x8-01:187513:0]      cuda_iface.h:85   UCX  ERROR cuCtxGetApiVersion(ctx, &version) failed: invalid device context
[1784039838.785627] [h200x8-01:187513:0]      cuda_iface.h:85   UCX  ERROR cuCtxGetApiVersion(ctx, &version) failed: invalid device context
[1784039838.785630] [h200x8-01:187513:0]      cuda_iface.h:85   UCX  ERROR cuCtxGetApiVersion(ctx, &version) failed: invalid device context
[1784039838.785631] [h200x8-01:187513:0]      cuda_iface.h:85   UCX  ERROR cuCtxGetApiVersion(ctx, &version) failed: invalid device context
[1784039838.785634] [h200x8-01:187513:0]      cuda_iface.h:85   UCX  ERROR cuCtxGetApiVersion(ctx, &version) failed: invalid device context
[1784039838.785638] [h200x8-01:187513:0]      cuda_iface.h:85   UCX  ERROR cuCtxGetApiVersion(ctx, &version) failed: invalid device context
[1784039838.785639] [h200x8-01:187513:0]      cuda_iface.h:85   UCX  ERROR cuCtxGetApiVersion(ctx, &version) failed: invalid device context
[1784039838.785641] [h200x8-01:187513:0]      cuda_iface.h:85   UCX  ERROR cuCtxGetApiVersion(ctx, &version) failed: invalid device context
[1784039838.785643] [h200x8-01:187513:0]      cuda_iface.h:85   UCX  ERROR cuCtxGetApiVersion(ctx, &version) failed: invalid device context
[1784039838.785644] [h200x8-01:187513:0]      cuda_iface.h:85   UCX  ERROR cuCtxGetApiVersion(ctx, &version) failed: invalid device context
[1784039838.785645] [h200x8-01:187513:0]      cuda_iface.h:85   UCX  ERROR cuCtxGetApiVersion(ctx, &version) failed: invalid device context
[1784039838.785647] [h200x8-01:187513:0]      cuda_iface.h:85   UCX  ERROR cuCtxGetApiVersion(ctx, &version) failed: invalid device context
[1784039838.785648] [h200x8-01:187513:0]      cuda_iface.h:85   UCX  ERROR cuCtxGetApiVersion(ctx, &version) failed: invalid device context
[1784039838.785649] [h200x8-01:187513:0]      cuda_iface.h:85   UCX  ERROR cuCtxGetApiVersion(ctx, &version) failed: invalid device context
[1784039838.785651] [h200x8-01:187513:0]      cuda_iface.h:85   UCX  ERROR cuCtxGetApiVersion(ctx, &version) failed: invalid device context
[1784039838.785654] [h200x8-01:187513:0]      cuda_iface.h:85   UCX  ERROR cuCtxGetApiVersion(ctx, &version) failed: invalid device context
[1784039838.785656] [h200x8-01:187513:0]      cuda_iface.h:85   UCX  ERROR cuCtxGetApiVersion(ctx, &version) failed: invalid device context
[1784039838.785658] [h200x8-01:187513:0]      cuda_iface.h:85   UCX  ERROR cuCtxGetApiVersion(ctx, &version) failed: invalid device context
[1784039838.785659] [h200x8-01:187513:0]      cuda_iface.h:85   UCX  ERROR cuCtxGetApiVersion(ctx, &version) failed: invalid device context
[1784039838.785666] [h200x8-01:187513:0]      cuda_iface.h:85   UCX  ERROR cuCtxGetApiVersion(ctx, &version) failed: invalid device context
[1784039838.785668] [h200x8-01:187513:0]      cuda_iface.h:85   UCX  ERROR cuCtxGetApiVersion(ctx, &version) failed: invalid device context
[1784039838.785669] [h200x8-01:187513:0]      cuda_iface.h:85   UCX  ERROR cuCtxGetApiVersion(ctx, &version) failed: invalid device context
[1784039838.785670] [h200x8-01:187513:0]      cuda_iface.h:85   UCX  ERROR cuCtxGetApiVersion(ctx, &version) failed: invalid device context
[1784039838.785672] [h200x8-01:187513:0]      cuda_iface.h:85   UCX  ERROR cuCtxGetApiVersion(ctx, &version) failed: invalid device context
[1784039838.785674] [h200x8-01:187513:0]      cuda_iface.h:85   UCX  ERROR cuCtxGetApiVersion(ctx, &version) failed: invalid device context
[1784039838.785676] [h200x8-01:187513:0]      cuda_iface.h:85   UCX  ERROR cuCtxGetApiVersion(ctx, &version) failed: invalid device context
[1784039838.785677] [h200x8-01:187513:0]      cuda_iface.h:85   UCX  ERROR cuCtxGetApiVersion(ctx, &version) failed: invalid device context
[1784039838.785678] [h200x8-01:187513:0]      cuda_iface.h:85   UCX  ERROR cuCtxGetApiVersion(ctx, &version) failed: invalid device context
[1n) failed: invalid device context
[1784039838.785605] [h200x8-01:187506:0]      cuda_iface.h:85   UCX  ERROR cuCtxGetApiVersion(ctx, &version) failed: invalid device context
[1784039838.785606] [h200x8-01:187506:0]      cuda_iface.h:85   UCX  ERROR cuCtxGetApiVersion(ctx, &version) failed: invalid device context
[1784039838.785609] [h200x8-01:187506:0]      cuda_iface.h:85   UCX  ERROR cuCtxGetApiVersion(ctx, &version) failed: invalid device context
[1784039838.785611] [h200x8-01:187506:0]      cuda_iface.h:85   UCX  ERROR cuCtxGetApiVersion(ctx, &version) failed: invalid device context
[1784039838.785612] [h200x8-01:187506:0]      cuda_iface.h:85   UCX  ERROR cuCtxGetApiVersion(ctx, &version) failed: invalid device context
[1784039838.785615] [h200x8-01:187506:0]      cuda_iface.h:85   UCX  ERROR cuCtxGetApiVersion(ctx, &version) failed: invalid device context
[1784039838.785617] [h200x8-01:187506:0]      cuda_iface.h:85   UCX  ERROR cuCtxGetApiVersion(ctx, &version) failed: invalid device context
[1784039838.785619] [h200x8-01:187506:0]      cuda_iface.h:85   UCX  ERROR cuCtxGetApiVersion(ctx, &version) failed: invalid device context
[1784039838.785622] [h200x8-01:187506:0]      cuda_iface.h:85   UCX  ERROR cuCtxGetApiVersion(ctx, &version) failed: invalid device context
[1784039838.785623] [h200x8-01:187506:0]      cuda_iface.h:85   UCX  ERROR cuCtxGetApiVersion(ctx, &version) failed: invalid device context
[1784039838.785625] [h200x8-01:187506:0]      cuda_iface.h:85   UCX  ERROR cuCtxGetApiVersion(ctx, &version) failed: invalid device context
[1784039838.785627] [h200x8-01:187506:0]      cuda_iface.h:85   UCX  ERROR cuCtxGetApiVersion(ctx, &version) failed: invalid device context
[1784039838.785628] [h200x8-01:187506:0]      cuda_iface.h:85   UCX  ERROR cuCtxGetApiVersion(ctx, &version) failed: invalid device context
[1784039838.785632] [h200x8-01:187506:0]      cuda_iface.h:85   UCX  ERROR cuCtxGetApiVersion(ctx, &version) failed: invalid device context
[1784039838.785636] [h200x8-01:187506:0]      cuda_iface.h:85   UCX  ERROR cuCtxGetApiVersion(ctx, &version) failed: invalid device context
[1784039838.785638] [h200x8-01:187506:0]      cuda_iface.h:85   UCX  ERROR cuCtxGetApiVersion(ctx, &version) failed: invalid device context
[1784039838.785640] [h200x8-01:187506:0]      cuda_iface.h:85   UCX  ERROR cuCtxGetApiVersion(ctx, &version) failed: invalid device context
[1784039838.785642] [h200x8-01:187506:0]      cuda_iface.h:85   UCX  ERROR cuCtxGetApiVersion(ctx, &version) failed: invalid device context
[1784039838.785643] [h200x8-01:187506:0]      cuda_iface.h:85   UCX  ERROR cuCtxGetApiVersion(ctx, &version) failed: invalid device context
[1784039838.785645] [h200x8-01:187506:0]      cuda_iface.h:85   UCX  ERROR cuCtxGetApiVersion(ctx, &version) failed: invalid device context
[1784039838.785646] [h200x8-01:187506:0]      cuda_iface.h:85   UCX  ERROR cuCtxGetApiVersion(ctx, &version) failed: invalid device context
[1784039838.785647] [h200x8-01:187506:0]      cuda_iface.h:85   UCX  ERROR cuCtxGetApiVersion(ctx, &version) failed: invalid device context
[1784039838.785648] [h200x8-01:187506:0]      cuda_iface.h:85   UCX  ERROR cuCtxGetApiVersion(ctx, &version) failed: invalid device context
[1784039838.785650] [h200x8-01:187506:0]      cuda_iface.h:85   UCX  ERROR cuCtxGetApiVersion(ctx, &version) failed: invalid device context
[1784039838.785653] [h200x8-01:187506:0]      cuda_iface.h:85   UCX  ERROR cuCtxGetApiVersion(ctx, &version) failed: invalid device context
[1784039838.785654] [h200x8-01:187506:0]      cuda_iface.h:85   UCX  ERROR cuCtxGetApiVersion(ctx, &version) failed: invalid device context
[1784039838.785655] [h200x8-01:187506:0]      cuda_iface.h:85   UCX  ERROR cuCtxGetApiVersion(ctx, &version) failed: invalid device context
[1784039838.785665] [h200x8-01:187506:0]      cuda_iface.h:85   UCX  ERROR cuCtxGetApiVersion(ctx, &version) failed: invalid device context
[1784039838.785666] [h200x8-01:187506:0]      cuda_iface.h:85   UCX  ERROR cuCtxGetApiVersion(ctx, &version) failed: invalid device context
[n) failed: invalid device context
[1784039838.785608] [h200x8-01:187504:0]      cuda_iface.h:85   UCX  ERROR cuCtxGetApiVersion(ctx, &version) failed: invalid device context
[1784039838.785610] [h200x8-01:187504:0]      cuda_iface.h:85   UCX  ERROR cuCtxGetApiVersion(ctx, &version) failed: invalid device context
[1784039838.785611] [h200x8-01:187504:0]      cuda_iface.h:85   UCX  ERROR cuCtxGetApiVersion(ctx, &version) failed: invalid device context
[1784039838.785614] [h200x8-01:187504:0]      cuda_iface.h:85   UCX  ERROR cuCtxGetApiVersion(ctx, &version) failed: invalid device context
[1784039838.785616] [h200x8-01:187504:0]      cuda_iface.h:85   UCX  ERROR cuCtxGetApiVersion(ctx, &version) failed: invalid device context
[1784039838.785617] [h200x8-01:187504:0]      cuda_iface.h:85   UCX  ERROR cuCtxGetApiVersion(ctx, &version) failed: invalid device context
[1784039838.785620] [h200x8-01:187504:0]      cuda_iface.h:85   UCX  ERROR cuCtxGetApiVersion(ctx, &version) failed: invalid device context
[1784039838.785622] [h200x8-01:187504:0]      cuda_iface.h:85   UCX  ERROR cuCtxGetApiVersion(ctx, &version) failed: invalid device context
[1784039838.785625] [h200x8-01:187504:0]      cuda_iface.h:85   UCX  ERROR cuCtxGetApiVersion(ctx, &version) failed: invalid device context
[1784039838.785627] [h200x8-01:187504:0]      cuda_iface.h:85   UCX  ERROR cuCtxGetApiVersion(ctx, &version) failed: invalid device context
[1784039838.785631] [h200x8-01:187504:0]      cuda_iface.h:85   UCX  ERROR cuCtxGetApiVersion(ctx, &version) failed: invalid device context
[1784039838.785632] [h200x8-01:187504:0]      cuda_iface.h:85   UCX  ERROR cuCtxGetApiVersion(ctx, &version) failed: invalid device context
[1784039838.785637] [h200x8-01:187504:0]      cuda_iface.h:85   UCX  ERROR cuCtxGetApiVersion(ctx, &version) failed: invalid device context
[1784039838.785638] [h200x8-01:187504:0]      cuda_iface.h:85   UCX  ERROR cuCtxGetApiVersion(ctx, &version) failed: invalid device context
[1784039838.785641] [h200x8-01:187504:0]      cuda_iface.h:85   UCX  ERROR cuCtxGetApiVersion(ctx, &version) failed: invalid device context
[1784039838.785642] [h200x8-01:187504:0]      cuda_iface.h:85   UCX  ERROR cuCtxGetApiVersion(ctx, &version) failed: invalid device context
[1784039838.785644] [h200x8-01:187504:0]      cuda_iface.h:85   UCX  ERROR cuCtxGetApiVersion(ctx, &version) failed: invalid device context
[1784039838.785645] [h200x8-01:187504:0]      cuda_iface.h:85   UCX  ERROR cuCtxGetApiVersion(ctx, &version) failed: invalid device context
[1784039838.785646] [h200x8-01:187504:0]      cuda_iface.h:85   UCX  ERROR cuCtxGetApiVersion(ctx, &version) failed: invalid device context
[1784039838.785648] [h200x8-01:187504:0]      cuda_iface.h:85   UCX  ERROR cuCtxGetApiVersion(ctx, &version) failed: invalid device context
[1784039838.785649] [h200x8-01:187504:0]      cuda_iface.h:85   UCX  ERROR cuCtxGetApiVersion(ctx, &version) failed: invalid device context
[1784039838.785651] [h200x8-01:187504:0]      cuda_iface.h:85   UCX  ERROR cuCtxGetApiVersion(ctx, &version) failed: invalid device context
[1784039838.785654] [h200x8-01:187504:0]      cuda_iface.h:85   UCX  ERROR cuCtxGetApiVersion(ctx, &version) failed: invalid device context
[1784039838.785656] [h200x8-01:187504:0]      cuda_iface.h:85   UCX  ERROR cuCtxGetApiVersion(ctx, &version) failed: invalid device context
[1784039838.785658] [h200x8-01:187504:0]      cuda_iface.h:85   UCX  ERROR cuCtxGetApiVersion(ctx, &version) failed: invalid device context
[1784039838.785659] [h200x8-01:187504:0]      cuda_iface.h:85   UCX  ERROR cuCtxGetApiVersion(ctx, &version) failed: invalid device context
[1784039838.785660] [h200x8-01:187504:0]      cuda_iface.h:85   UCX  ERROR cuCtxGetApiVersion(ctx, &version) failed: invalid device context
[1784039838.785662] [h200x8-01:187504:0]      cuda_iface.h:85   UCX  ERROR cuCtxGetApiVersion(ctx, &version) failed: invalid device context
[1784039838.785663] [h200x8-01:187504:0]      cuda_iface.h:85   UCX  ERROR cuCtxGetApiVersion(ctx, &version) failed: invalid device context
[on) failed: invalid device context
[1784039838.785439] [h200x8-01:187503:0]      cuda_iface.h:85   UCX  ERROR cuCtxGetApiVersion(ctx, &version) failed: invalid device context
[1784039838.785440] [h200x8-01:187503:0]      cuda_iface.h:85   UCX  ERROR cuCtxGetApiVersion(ctx, &version) failed: invalid device context
[1784039838.785443] [h200x8-01:187503:0]      cuda_iface.h:85   UCX  ERROR cuCtxGetApiVersion(ctx, &version) failed: invalid device context
[1784039838.785444] [h200x8-01:187503:0]      cuda_iface.h:85   UCX  ERROR cuCtxGetApiVersion(ctx, &version) failed: invalid device context
[1784039838.785446] [h200x8-01:187503:0]      cuda_iface.h:85   UCX  ERROR cuCtxGetApiVersion(ctx, &version) failed: invalid device context
[1784039838.785448] [h200x8-01:187503:0]      cuda_iface.h:85   UCX  ERROR cuCtxGetApiVersion(ctx, &version) failed: invalid device context
[1784039838.785450] [h200x8-01:187503:0]      cuda_iface.h:85   UCX  ERROR cuCtxGetApiVersion(ctx, &version) failed: invalid device context
[1784039838.785451] [h200x8-01:187503:0]      cuda_iface.h:85   UCX  ERROR cuCtxGetApiVersion(ctx, &version) failed: invalid device context
[1784039838.785453] [h200x8-01:187503:0]      cuda_iface.h:85   UCX  ERROR cuCtxGetApiVersion(ctx, &version) failed: invalid device context
[1784039838.785455] [h200x8-01:187503:0]      cuda_iface.h:85   UCX  ERROR cuCtxGetApiVersion(ctx, &version) failed: invalid device context
[1784039838.785456] [h200x8-01:187503:0]      cuda_iface.h:85   UCX  ERROR cuCtxGetApiVersion(ctx, &version) failed: invalid device context
[1784039838.785458] [h200x8-01:187503:0]      cuda_iface.h:85   UCX  ERROR cuCtxGetApiVersion(ctx, &version) failed: invalid device context
[1784039838.785459] [h200x8-01:187503:0]      cuda_iface.h:85   UCX  ERROR cuCtxGetApiVersion(ctx, &version) failed: invalid device context
[1784039838.785461] [h200x8-01:187503:0]      cuda_iface.h:85   UCX  ERROR cuCtxGetApiVersion(ctx, &version) failed: invalid device context
[1784039838.785463] [h200x8-01:187503:0]      cuda_iface.h:85   UCX  ERROR cuCtxGetApiVersion(ctx, &version) failed: invalid device context
[1784039838.785464] [h200x8-01:187503:0]      cuda_iface.h:85   UCX  ERROR cuCtxGetApiVersion(ctx, &version) failed: invalid device context
[1784039838.785466] [h200x8-01:187503:0]      cuda_iface.h:85   UCX  ERROR cuCtxGetApiVersion(ctx, &version) failed: invalid device context
[1784039838.785468] [h200x8-01:187503:0]      cuda_iface.h:85   UCX  ERROR cuCtxGetApiVersion(ctx, &version) failed: invalid device context
[1784039838.785469] [h200x8-01:187503:0]      cuda_iface.h:85   UCX  ERROR cuCtxGetApiVersion(ctx, &version) failed: invalid device context
[1784039838.785471] [h200x8-01:187503:0]      cuda_iface.h:85   UCX  ERROR cuCtxGetApiVersion(ctx, &version) failed: invalid device context
[1784039838.785473] [h200x8-01:187503:0]      cuda_iface.h:85   UCX  ERROR cuCtxGetApiVersion(ctx, &version) failed: invalid device context
[1784039838.785475] [h200x8-01:187503:0]      cuda_iface.h:85   UCX  ERROR cuCtxGetApiVersion(ctx, &version) failed: invalid device context
[1784039838.785476] [h200x8-01:187503:0]      cuda_iface.h:85   UCX  ERROR cuCtxGetApiVersion(ctx, &version) failed: invalid device context
[1784039838.785478] [h200x8-01:187503:0]      cuda_iface.h:85   UCX  ERROR cuCtxGetApiVersion(ctx, &version) failed: invalid device context
[1784039838.785480] [h200x8-01:187503:0]      cuda_iface.h:85   UCX  ERROR cuCtxGetApiVersion(ctx, &version) failed: invalid device context
[1784039838.785481] [h200x8-01:187503:0]      cuda_iface.h:85   UCX  ERROR cuCtxGetApiVersion(ctx, &version) failed: invalid device context
[1784039838.785484] [h200x8-01:187503:0]      cuda_iface.h:85   UCX  ERROR cuCtxGetApiVersion(ctx, &version) failed: invalid device context
[1784039838.785486] [h200x8-01:187503:0]      cuda_iface.h:85   UCX  ERROR cuCtxGetApiVersion(ctx, &version) failed: invalid device context
[1784039838.785488] [h200x8-01:187503:0]      cuda_iface.h:85   UCX  ERROR cuCtxGetApiVersion(ctx, &version) failed: invalid device context
1784039838.785668] [h200x8-01:187504:0]      cuda_iface.h:85   UCX  ERROR cuCtxGetApiVersion(ctx, &version) failed: invalid device context
[1784039838.785670] [h200x8-01:187504:0]      cuda_iface.h:85   UCX  ERROR cuCtxGetApiVersion(ctx, &version) failed: invalid device context
[1784039838.785671] [h200x8-01:187504:0]      cuda_iface.h:85   UCX  ERROR cuCtxGetApiVersion(ctx, &version) failed: invalid device context
[1784039838.785673] [h200x8-01:187504:0]      cuda_iface.h:85   UCX  ERROR cuCtxGetApiVersion(ctx, &version) failed: invalid device context
[1784039838.785674] [h200x8-01:187504:0]      cuda_iface.h:85   UCX  ERROR cuCtxGetApiVersion(ctx, &version) failed: invalid device context
[1784039838.785683] [h200x8-01:187504:0]      cuda_iface.h:85   UCX  ERROR cuCtxGetApiVersion(ctx, &version) failed: invalid device context
[1784039838.785685] [h200x8-01:187504:0]      cuda_iface.h:85   UCX  ERROR cuCtxGetApiVersion(ctx, &version) failed: invalid device context
[1784039838.785688] [h200x8-01:187504:0]      cuda_iface.h:85   UCX  ERROR cuCtxGetApiVersion(ctx, &version) failed: invalid device context
[1784039838.785689] [h200x8-01:187504:0]      cuda_iface.h:85   UCX  ERROR cuCtxGetApiVersion(ctx, &version) failed: invalid device context
[1784039838.785691] [h200x8-01:187504:0]      cuda_iface.h:85   UCX  ERROR cuCtxGetApiVersion(ctx, &version) failed: invalid device context
[1784039838.785694] [h200x8-01:187504:0]      cuda_iface.h:85   UCX  ERROR cuCtxGetApiVersion(ctx, &version) failed: invalid device context
[1784039838.785695] [h200x8-01:187504:0]      cuda_iface.h:85   UCX  ERROR cuCtxGetApiVersion(ctx, &version) failed: invalid device context
RROR cuCtxGetApiVersion(ctx, &version) failed: invalid device context
[1784039838.785931] [h200x8-01:187505:0]      cuda_iface.h:85   UCX  ERROR cuCtxGetApiVersion(ctx, &version) failed: invalid device context
[1784039838.785933] [h200x8-01:187505:0]      cuda_iface.h:85   UCX  ERROR cuCtxGetApiVersion(ctx, &version) failed: invalid device context
[1784039838.785936] [h200x8-01:187505:0]      cuda_iface.h:85   UCX  ERROR cuCtxGetApiVersion(ctx, &version) failed: invalid device context
[1784039838.785937] [h200x8-01:187505:0]      cuda_iface.h:85   UCX  ERROR cuCtxGetApiVersion(ctx, &version) failed: invalid device context
[1784039838.785939] [h200x8-01:187505:0]      cuda_iface.h:85   UCX  ERROR cuCtxGetApiVersion(ctx, &version) failed: invalid device context
[1784039838.785940] [h200x8-01:187505:0]      cuda_iface.h:85   UCX  ERROR cuCtxGetApiVersion(ctx, &version) failed: invalid device context
[1784039838.785943] [h200x8-01:187505:0]      cuda_iface.h:85   UCX  ERROR cuCtxGetApiVersion(ctx, &version) failed: invalid device context
[1784039838.785944] [h200x8-01:187505:0]      cuda_iface.h:85   UCX  ERROR cuCtxGetApiVersion(ctx, &version) failed: invalid device context
[1784039838.785946] [h200x8-01:187505:0]      cuda_iface.h:85   UCX  ERROR cuCtxGetApiVersion(ctx, &version) failed: invalid device context
[1784039838.785949] [h200x8-01:187505:0]      cuda_iface.h:85   UCX  ERROR cuCtxGetApiVersion(ctx, &version) failed: invalid device context
[1784039838.785951] [h200x8-01:187505:0]      cuda_iface.h:85   UCX  ERROR cuCtxGetApiVersion(ctx, &version) failed: invalid device context
[1784039838.785952] [h200x8-01:187505:0]      cuda_iface.h:85   UCX  ERROR cuCtxGetApiVersion(ctx, &version) failed: invalid device context
[1784039838.785955] [h200x8-01:187505:0]      cuda_iface.h:85   UCX  ERROR cuCtxGetApiVersion(ctx, &version) failed: invalid device context
[1784039838.785957] [h200x8-01:187505:0]      cuda_iface.h:85   UCX  ERROR cuCtxGetApiVersion(ctx, &version) failed: invalid device context
[1784039838.785958] [h200x8-01:187505:0]      cuda_iface.h:85   UCX  ERROR cuCtxGetApiVersion(ctx, &version) failed: invalid device context
[1784039838.785960] [h200x8-01:187505:0]      cuda_iface.h:85   UCX  ERROR cuCtxGetApiVersion(ctx, &version) failed: invalid device context
[1784039838.785962] [h200x8-01:187505:0]      cuda_iface.h:85   UCX  ERROR cuCtxGetApiVersion(ctx, &version) failed: invalid device context
[1784039838.785965] [h200x8-01:187505:0]      cuda_iface.h:85   UCX  ERROR cuCtxGetApiVersion(ctx, &version) failed: invalid device context
[1784039838.785966] [h200x8-01:187505:0]      cuda_iface.h:85   UCX  ERROR cuCtxGetApiVersion(ctx, &version) failed: invalid device context
[1784039838.785968] [h200x8-01:187505:0]      cuda_iface.h:85   UCX  ERROR cuCtxGetApiVersion(ctx, &version) failed: invalid device context
[1784039838.785970] [h200x8-01:187505:0]      cuda_iface.h:85   UCX  ERROR cuCtxGetApiVersion(ctx, &version) failed: invalid device context
[1784039838.785971] [h200x8-01:187505:0]      cuda_iface.h:85   UCX  ERROR cuCtxGetApiVersion(ctx, &version) failed: invalid device context
[1784039838.785973] [h200x8-01:187505:0]      cuda_iface.h:85   UCX  ERROR cuCtxGetApiVersion(ctx, &version) failed: invalid device context
[1784039838.785975] [h200x8-01:187505:0]      cuda_iface.h:85   UCX  ERROR cuCtxGetApiVersion(ctx, &version) failed: invalid device context
[1784039838.785978] [h200x8-01:187505:0]      cuda_iface.h:85   UCX  ERROR cuCtxGetApiVersion(ctx, &version) failed: invalid device context
[1784039838.785980] [h200x8-01:187505:0]      cuda_iface.h:85   UCX  ERROR cuCtxGetApiVersion(ctx, &version) failed: invalid device context
[1784039838.785982] [h200x8-01:187505:0]      cuda_iface.h:85   UCX  ERROR cuCtxGetApiVersion(ctx, &version) failed: invalid device context
[1784039838.785984] [h200x8-01:187505:0]      cuda_iface.h:85   UCX  ERROR cuCtxGetApiVersion(ctx, &version) failed: invalid device context
[1784039838.785986] [h200x8-01:187505:0]      cuda_iface.h:85   UCX  ERROR cuCtxGetApiVersion(ctx, &versi[1784039838.785616] [h200x8-01:187512:0]      cuda_iface.h:85   UCX  ERROR cuCtxGetApiVersion(ctx, &version) failed: invalid device context
[1784039838.785619] [h200x8-01:187512:0]      cuda_iface.h:85   UCX  ERROR cuCtxGetApiVersion(ctx, &version) failed: invalid device context
[1784039838.785620] [h200x8-01:187512:0]      cuda_iface.h:85   UCX  ERROR cuCtxGetApiVersion(ctx, &version) failed: invalid device context
[1784039838.785622] [h200x8-01:187512:0]      cuda_iface.h:85   UCX  ERROR cuCtxGetApiVersion(ctx, &version) failed: invalid device context
[1784039838.785626] [h200x8-01:187512:0]      cuda_iface.h:85   UCX  ERROR cuCtxGetApiVersion(ctx, &version) failed: invalid device context
[1784039838.785647] [h200x8-01:187512:0]      cuda_iface.h:85   UCX  ERROR cuCtxGetApiVersion(ctx, &version) failed: invalid device context
[1784039838.785650] [h200x8-01:187512:0]      cuda_iface.h:85   UCX  ERROR cuCtxGetApiVersion(ctx, &version) failed: invalid device context
[1784039838.785652] [h200x8-01:187512:0]      cuda_iface.h:85   UCX  ERROR cuCtxGetApiVersion(ctx, &version) failed: invalid device context
[1784039838.785654] [h200x8-01:187512:0]      cuda_iface.h:85   UCX  ERROR cuCtxGetApiVersion(ctx, &version) failed: invalid device context
[1784039838.785662] [h200x8-01:187512:0]      cuda_iface.h:85   UCX  ERROR cuCtxGetApiVersion(ctx, &version) failed: invalid device context
[1784039838.785665] [h200x8-01:187512:0]      cuda_iface.h:85   UCX  ERROR cuCtxGetApiVersion(ctx, &version) failed: invalid device context
[1784039838.785666] [h200x8-01:187512:0]      cuda_iface.h:85   UCX  ERROR cuCtxGetApiVersion(ctx, &version) failed: invalid device context
1784039838.785633] [h200x8-01:187519:0]      cuda_iface.h:85   UCX  ERROR cuCtxGetApiVersion(ctx, &version) failed: invalid device context
[1784039838.785634] [h200x8-01:187519:0]      cuda_iface.h:85   UCX  ERROR cuCtxGetApiVersion(ctx, &version) failed: invalid device context
[1784039838.785638] [h200x8-01:187519:0]      cuda_iface.h:85   UCX  ERROR cuCtxGetApiVersion(ctx, &version) failed: invalid device context
[1784039838.785640] [h200x8-01:187519:0]      cuda_iface.h:85   UCX  ERROR cuCtxGetApiVersion(ctx, &version) failed: invalid device context
[1784039838.785642] [h200x8-01:187519:0]      cuda_iface.h:85   UCX  ERROR cuCtxGetApiVersion(ctx, &version) failed: invalid device context
[1784039838.785644] [h200x8-01:187519:0]      cuda_iface.h:85   UCX  ERROR cuCtxGetApiVersion(ctx, &version) failed: invalid device context
[1784039838.785645] [h200x8-01:187519:0]      cuda_iface.h:85   UCX  ERROR cuCtxGetApiVersion(ctx, &version) failed: invalid device context
[1784039838.785647] [h200x8-01:187519:0]      cuda_iface.h:85   UCX  ERROR cuCtxGetApiVersion(ctx, &version) failed: invalid device context
[1784039838.785649] [h200x8-01:187519:0]      cuda_iface.h:85   UCX  ERROR cuCtxGetApiVersion(ctx, &version) failed: invalid device context
[1784039838.785651] [h200x8-01:187519:0]      cuda_iface.h:85   UCX  ERROR cuCtxGetApiVersion(ctx, &version) failed: invalid device context
[1784039838.785652] [h200x8-01:187519:0]      cuda_iface.h:85   UCX  ERROR cuCtxGetApiVersion(ctx, &version) failed: invalid device context
[1784039838.785657] [h200x8-01:187519:0]      cuda_iface.h:85   UCX  ERROR cuCtxGetApiVersion(ctx, &version) failed: invalid device context
[1784039838.785549] [h200x8-01:187509:0]      cuda_iface.h:85   UCX  ERROR cuCtxGetApiVersion(ctx, &version) failed: invalid device context
[1784039838.785551] [h200x8-01:187509:0]      cuda_iface.h:85   UCX  ERROR cuCtxGetApiVersion(ctx, &version) failed: invalid device context
[1784039838.785552] [h200x8-01:187509:0]      cuda_iface.h:85   UCX  ERROR cuCtxGetApiVersion(ctx, &version) failed: invalid device context
[1784039838.785554] [h200x8-01:187509:0]      cuda_iface.h:85   UCX  ERROR cuCtxGetApiVersion(ctx, &version) failed: invalid device context
[1784039838.785555] [h200x8-01:187509:0]      cuda_iface.h:85   UCX  ERROR cuCtxGetApiVersion(ctx, &version) failed: invalid device context
[1784039838.785606] [h200x8-01:187509:0]      cuda_iface.h:85   UCX  ERROR cuCtxGetApiVersion(ctx, &version) failed: invalid device context
[1784039838.785608] [h200x8-01:187509:0]      cuda_iface.h:85   UCX  ERROR cuCtxGetApiVersion(ctx, &version) failed: invalid device context
[1784039838.785611] [h200x8-01:187509:0]      cuda_iface.h:85   UCX  ERROR cuCtxGetApiVersion(ctx, &version) failed: invalid device context
[1784039838.785612] [h200x8-01:187509:0]      cuda_iface.h:85   UCX  ERROR cuCtxGetApiVersion(ctx, &version) failed: invalid device context
[1784039838.785616] [h200x8-01:187509:0]      cuda_iface.h:85   UCX  ERROR cuCtxGetApiVersion(ctx, &version) failed: invalid device context
[1784039838.785617] [h200x8-01:187509:0]      cuda_iface.h:85   UCX  ERROR cuCtxGetApiVersion(ctx, &version) failed: invalid device context
[1784039838.785619] [h200x8-01:187509:0]      cuda_iface.h:85   UCX  ERROR cuCtxGetApiVersion(ctx, &version) failed: invalid device context
784039838.785685] [h200x8-01:187513:0]      cuda_iface.h:85   UCX  ERROR cuCtxGetApiVersion(ctx, &version) failed: invalid device context
[1784039838.785687] [h200x8-01:187513:0]      cuda_iface.h:85   UCX  ERROR cuCtxGetApiVersion(ctx, &version) failed: invalid device context
[1784039838.785688] [h200x8-01:187513:0]      cuda_iface.h:85   UCX  ERROR cuCtxGetApiVersion(ctx, &version) failed: invalid device context
[1784039838.785690] [h200x8-01:187513:0]      cuda_iface.h:85   UCX  ERROR cuCtxGetApiVersion(ctx, &version) failed: invalid device context
[1784039838.785692] [h200x8-01:187513:0]      cuda_iface.h:85   UCX  ERROR cuCtxGetApiVersion(ctx, &version) failed: invalid device context
[1784039838.785695] [h200x8-01:187513:0]      cuda_iface.h:85   UCX  ERROR cuCtxGetApiVersion(ctx, &version) failed: invalid device context
[1784039838.785697] [h200x8-01:187513:0]      cuda_iface.h:85   UCX  ERROR cuCtxGetApiVersion(ctx, &version) failed: invalid device context
[1784039838.785699] [h200x8-01:187513:0]      cuda_iface.h:85   UCX  ERROR cuCtxGetApiVersion(ctx, &version) failed: invalid device context
[1784039838.785702] [h200x8-01:187513:0]      cuda_iface.h:85   UCX  ERROR cuCtxGetApiVersion(ctx, &version) failed: invalid device context
[1784039838.785704] [h200x8-01:187513:0]      cuda_iface.h:85   UCX  ERROR cuCtxGetApiVersion(ctx, &version) failed: invalid device context
[1784039838.785707] [h200x8-01:187513:0]      cuda_iface.h:85   UCX  ERROR cuCtxGetApiVersion(ctx, &version) failed: invalid device context
[1784039838.785710] [h200x8-01:187513:0]      cuda_iface.h:85   UCX  ERROR cuCtxGetApiVersion(ctx, &version) failed: invalid device context
1784039838.785668] [h200x8-01:187506:0]      cuda_iface.h:85   UCX  ERROR cuCtxGetApiVersion(ctx, &version) failed: invalid device context
[1784039838.785672] [h200x8-01:187506:0]      cuda_iface.h:85   UCX  ERROR cuCtxGetApiVersion(ctx, &version) failed: invalid device context
[1784039838.785674] [h200x8-01:187506:0]      cuda_iface.h:85   UCX  ERROR cuCtxGetApiVersion(ctx, &version) failed: invalid device context
[1784039838.785675] [h200x8-01:187506:0]      cuda_iface.h:85   UCX  ERROR cuCtxGetApiVersion(ctx, &version) failed: invalid device context
[1784039838.785677] [h200x8-01:187506:0]      cuda_iface.h:85   UCX  ERROR cuCtxGetApiVersion(ctx, &version) failed: invalid device context
[1784039838.785678] [h200x8-01:187506:0]      cuda_iface.h:85   UCX  ERROR cuCtxGetApiVersion(ctx, &version) failed: invalid device context
[1784039838.785686] [h200x8-01:187506:0]      cuda_iface.h:85   UCX  ERROR cuCtxGetApiVersion(ctx, &version) failed: invalid device context
[1784039838.785687] [h200x8-01:187506:0]      cuda_iface.h:85   UCX  ERROR cuCtxGetApiVersion(ctx, &version) failed: invalid device context
[1784039838.785689] [h200x8-01:187506:0]      cuda_iface.h:85   UCX  ERROR cuCtxGetApiVersion(ctx, &version) failed: invalid device context
[1784039838.785690] [h200x8-01:187506:0]      cuda_iface.h:85   UCX  ERROR cuCtxGetApiVersion(ctx, &version) failed: invalid device context
[1784039838.785692] [h200x8-01:187506:0]      cuda_iface.h:85   UCX  ERROR cuCtxGetApiVersion(ctx, &version) failed: invalid device context
[1784039838.785694] [h200x8-01:187506:0]      cuda_iface.h:85   UCX  ERROR cuCtxGetApiVersion(ctx, &version) failed: invalid device context
[1784039838.785490] [h200x8-01:187503:0]      cuda_iface.h:85   UCX  ERROR cuCtxGetApiVersion(ctx, &version) failed: invalid device context
[1784039838.785491] [h200x8-01:187503:0]      cuda_iface.h:85   UCX  ERROR cuCtxGetApiVersion(ctx, &version) failed: invalid device context
[1784039838.785493] [h200x8-01:187503:0]      cuda_iface.h:85   UCX  ERROR cuCtxGetApiVersion(ctx, &version) failed: invalid device context
[1784039838.785495] [h200x8-01:187503:0]      cuda_iface.h:85   UCX  ERROR cuCtxGetApiVersion(ctx, &version) failed: invalid device context
[1784039838.785497] [h200x8-01:187503:0]      cuda_iface.h:85   UCX  ERROR cuCtxGetApiVersion(ctx, &version) failed: invalid device context
[1784039838.785498] [h200x8-01:187503:0]      cuda_iface.h:85   UCX  ERROR cuCtxGetApiVersion(ctx, &version) failed: invalid device context
[1784039838.785500] [h200x8-01:187503:0]      cuda_iface.h:85   UCX  ERROR cuCtxGetApiVersion(ctx, &version) failed: invalid device context
[1784039838.785685] [h200x8-01:187503:0]      cuda_iface.h:85   UCX  ERROR cuCtxGetApiVersion(ctx, &version) failed: invalid device context
[1784039838.785686] [h200x8-01:187503:0]      cuda_iface.h:85   UCX  ERROR cuCtxGetApiVersion(ctx, &version) failed: invalid device context
[1784039838.785688] [h200x8-01:187503:0]      cuda_iface.h:85   UCX  ERROR cuCtxGetApiVersion(ctx, &version) failed: invalid device context
[1784039838.785690] [h200x8-01:187503:0]      cuda_iface.h:85   UCX  ERROR cuCtxGetApiVersion(ctx, &version) failed: invalid device context
[1784039838.785691] [h200x8-01:187503:0]      cuda_iface.h:85   UCX  ERROR cuCtxGetApiVersion(ctx, &version) failed: invalid device context
on) failed: invalid device context
[1784039838.785988] [h200x8-01:187505:0]      cuda_iface.h:85   UCX  ERROR cuCtxGetApiVersion(ctx, &version) failed: invalid device context
[1784039838.785991] [h200x8-01:187505:0]      cuda_iface.h:85   UCX  ERROR cuCtxGetApiVersion(ctx, &version) failed: invalid device context
[1784039838.785993] [h200x8-01:187505:0]      cuda_iface.h:85   UCX  ERROR cuCtxGetApiVersion(ctx, &version) failed: invalid device context
[1784039838.785995] [h200x8-01:187505:0]      cuda_iface.h:85   UCX  ERROR cuCtxGetApiVersion(ctx, &version) failed: invalid device context
[1784039838.785997] [h200x8-01:187505:0]      cuda_iface.h:85   UCX  ERROR cuCtxGetApiVersion(ctx, &version) failed: invalid device context
[1784039838.785998] [h200x8-01:187505:0]      cuda_iface.h:85   UCX  ERROR cuCtxGetApiVersion(ctx, &version) failed: invalid device context
[1784039838.786000] [h200x8-01:187505:0]      cuda_iface.h:85   UCX  ERROR cuCtxGetApiVersion(ctx, &version) failed: invalid device context
[1784039838.786002] [h200x8-01:187505:0]      cuda_iface.h:85   UCX  ERROR cuCtxGetApiVersion(ctx, &version) failed: invalid device context
[1784039838.786004] [h200x8-01:187505:0]      cuda_iface.h:85   UCX  ERROR cuCtxGetApiVersion(ctx, &version) failed: invalid device context
[1784039838.786006] [h200x8-01:187505:0]      cuda_iface.h:85   UCX  ERROR cuCtxGetApiVersion(ctx, &version) failed: invalid device context
[1784039838.786008] [h200x8-01:187505:0]      cuda_iface.h:85   UCX  ERROR cuCtxGetApiVersion(ctx, &version) failed: invalid device context
[1784039838.786010] [h200x8-01:187505:0]      cuda_iface.h:85   UCX  ERROR cuCtxGetApiVersion(ctx, &version) failed: invalid device context
[1784039838.786013] [h200x8-01:187505:0]      cuda_iface.h:85   UCX  ERROR cuCtxGetApiVersion(ctx, &version) failed: invalid device context
[1784039838.786015] [h200x8-01:187505:0]      cuda_iface.h:85   UCX  ERROR cuCtxGetApiVersion(ctx, &version) failed: invalid device context
[1784039838.786017] [h200x8-01:187505:0]      cuda_iface.h:85   UCX  ERROR cuCtxGetApiVersion(ctx, &version) failed: invalid device context
[1784039838.786019] [h200x8-01:187505:0]      cuda_iface.h:85   UCX  ERROR cuCtxGetApiVersion(ctx, &version) failed: invalid device context
[1784039838.786021] [h200x8-01:187505:0]      cuda_iface.h:85   UCX  ERROR cuCtxGetApiVersion(ctx, &version) failed: invalid device context
[1784039838.786024] [h200x8-01:187505:0]      cuda_iface.h:85   UCX  ERROR cuCtxGetApiVersion(ctx, &version) failed: invalid device context
[1784039838.786025] [h200x8-01:187505:0]      cuda_iface.h:85   UCX  ERROR cuCtxGetApiVersion(ctx, &version) failed: invalid device context
[1784039838.786026] [h200x8-01:187505:0]      cuda_iface.h:85   UCX  ERROR cuCtxGetApiVersion(ctx, &version) failed: invalid device context
[1784039838.786028] [h200x8-01:187505:0]      cuda_iface.h:85   UCX  ERROR cuCtxGetApiVersion(ctx, &version) failed: invalid device context
[1784039838.786030] [h200x8-01:187505:0]      cuda_iface.h:85   UCX  ERROR cuCtxGetApiVersion(ctx, &version) failed: invalid device context
[1784039838.786033] [h200x8-01:187505:0]      cuda_iface.h:85   UCX  ERROR cuCtxGetApiVersion(ctx, &version) failed: invalid device context
[1784039838.786035] [h200x8-01:187505:0]      cuda_iface.h:85   UCX  ERROR cuCtxGetApiVersion(ctx, &version) failed: invalid device context
[1784039838.786037] [h200x8-01:187505:0]      cuda_iface.h:85   UCX  ERROR cuCtxGetApiVersion(ctx, &version) failed: invalid device context
[1784039838.786039] [h200x8-01:187505:0]      cuda_iface.h:85   UCX  ERROR cuCtxGetApiVersion(ctx, &version) failed: invalid device context
[1784039838.786041] [h200x8-01:187505:0]      cuda_iface.h:85   UCX  ERROR cuCtxGetApiVersion(ctx, &version) failed: invalid device context
[1784039838.786043] [h200x8-01:187505:0]      cuda_iface.h:85   UCX  ERROR cuCtxGetApiVersion(ctx, &version) failed: invalid device context
[1784039838.786045] [h200x8-01:187505:0]      cuda_iface.h:85   UCX  ERROR cuCtxGetApiVersion(ctx, &version) failed: invalid device context
[1784039838.786047] [h200x8-01:187505:0]      cuda_iface.h:85   UCX  ERROR cuCtxGetApiVersion(ctx, &version) failed: invalid device context
[1784039838.786050] [h200x8-01:187505:0]      cuda_iface.h:85   UCX  ERROR cuCtxGetApiVersion(ctx, &version) failed: invalid device context
[1784039838.786051] [h200x8-01:187505:0]      cuda_iface.h:85   UCX  ERROR cuCtxGetApiVersion(ctx, &version) failed: invalid device context
[1784039838.786053] [h200x8-01:187505:0]      cuda_iface.h:85   UCX  ERROR cuCtxGetApiVersion(ctx, &version) failed: invalid device context
[1784039838.786055] [h200x8-01:187505:0]      cuda_iface.h:85   UCX  ERROR cuCtxGetApiVersion(ctx, &version) failed: invalid device context
[1784039838.786609] [h200x8-01:187505:0]      cuda_iface.h:85   UCX  ERROR cuCtxGetApiVersion(ctx, &version) failed: invalid device context
[1784039838.786612] [h200x8-01:187505:0]      cuda_iface.h:85   UCX  ERROR cuCtxGetApiVersion(ctx, &version) failed: invalid device context
[1784039838.786614] [h200x8-01:187505:0]      cuda_iface.h:85   UCX  ERROR cuCtxGetApiVersion(ctx, &version) failed: invalid device context
[1784039838.786615] [h200x8-01:187505:0]      cuda_iface.h:85   UCX  ERROR cuCtxGetApiVersion(ctx, &version) failed: invalid device context
[1784039838.786616] [h200x8-01:187505:0]      cuda_iface.h:85   UCX  ERROR cuCtxGetApiVersion(ctx, &version) failed: invalid device context
[1784039838.786618] [h200x8-01:187505:0]      cuda_iface.h:85   UCX  ERROR cuCtxGetApiVersion(ctx, &version) failed: invalid device context
[1784039838.786619] [h200x8-01:187505:0]      cuda_iface.h:85   UCX  ERROR cuCtxGetApiVersion(ctx, &version) failed: invalid device context
