Host h200x8-01 using GPU 2: NVIDIA H200 NVL
Host h200x8-01 using GPU 4: NVIDIA H200 NVL
Host h200x8-01 using GPU 0: NVIDIA H200 NVL
Host h200x8-01 using GPU 5: NVIDIA H200 NVL
Host h200x8-01 using GPU 7: NVIDIA H200 NVL
Host h200x8-01 using GPU 6: NVIDIA H200 NVL
Host h200x8-01 using GPU 1: NVIDIA H200 NVL
Host h200x8-01 using GPU 3: NVIDIA H200 NVL
Running until t=0.010000, Problem size=45x45x45
   Used Memory         =  682.2500 Mb
Run completed:  
   Problem size        =  45 
   MPI tasks           =  8 
   Iteration count     =  200 
   Final Origin Energy = 2.188600e+07 
   Testing Plane 0 of Energy Array on rank 0:
        MaxAbsDiff   = 1.862645e-09
        TotalAbsDiff = 1.434921e-08
        MaxRelDiff   = 1.586574e-11


Elapsed time         =       3.84 (s)
Grind time (us/z/c)  = 0.21043832 (per dom)  (0.02630479 overall)
FOM                  =   38015.89 (z/s)

[1784039472.815146] [h200x8-01:185424:0]      cuda_iface.h:85   UCX  ERROR cuCtxGetApiVersion(ctx, &version) failed: invalid device context
[1784039472.815163] [h200x8-01:185424:0]      cuda_iface.h:85   UCX  ERROR cuCtxGetApiVersion(ctx, &version) failed: invalid device context
[1784039472.815165] [h200x8-01:185424:0]      cuda_iface.h:85   UCX  ERROR cuCtxGetApiVersion(ctx, &version) failed: invalid device context
[1784039472.815168] [h200x8-01:185424:0]      cuda_iface.h:85   UCX  ERROR cuCtxGetApiVersion(ctx, &version) failed: invalid device context
[1784039472.815170] [h200x8-01:185424:0]      cuda_iface.h:85   UCX  ERROR cuCtxGetApiVersion(ctx, &version) failed: invalid device context
[1784039472.815173] [h200x8-01:185424:0]      cuda_iface.h:85   UCX  ERROR cuCtxGetApiVersion(ctx, &version) failed: invalid device context
[1784039472.815175] [h200x8-01:185424:0]      cuda_iface.h:85   UCX  ERROR cuCtxGetApiVersion(ctx, &version) failed: invalid device context
[1784039472.815177] [h200x8-01:185424:0]      cuda_iface.h:85   UCX  ERROR cuCtxGetApiVersion(ctx, &version) failed: invalid device context
[1784039472.815180] [h200x8-01:185424:0]      cuda_iface.h:85   UCX  ERROR cuCtxGetApiVersion(ctx, &version) failed: invalid device context
[1784039472.815181] [h200x8-01:185424:0]      cuda_iface.h:85   UCX  ERROR cuCtxGetApiVersion(ctx, &version) failed: invalid device context
[1784039472.815183] [h200x8-01:185424:0]      cuda_iface.h:85   UCX  ERROR cuCtxGetApiVersion(ctx, &version) failed: invalid device context
[1784039472.815186] [h200x8-01:185424:0]      cuda_iface.h:85   UCX  ERROR cuCtxGetApiVersion(ctx, &version) failed: invalid device context
[1784039472.815187] [h200x8-01:185424:0]      cuda_iface.h:85   UCX  ERROR cuCtxGetApiVersion(ctx, &version) failed: invalid device context
[1784039472.815189] [h200x8-01:185424:0]      cuda_iface.h:85   UCX  ERROR cuCtxGetApiVersion(ctx, &version) failed: invalid device context
[1784039472.815193] [h200x8-01:185424:0]      cuda_iface.h:85   UCX  ERROR cuCtxGetApiVersion(ctx, &version) failed: invalid device context
[1784039472.815196] [h200x8-01:185424:0]      cuda_iface.h:85   UCX  ERROR cuCtxGetApiVersion(ctx, &version) failed: invalid device context
[1784039472.815200] [h200x8-01:185424:0]      cuda_iface.h:85   UCX  ERROR cuCtxGetApiVersion(ctx, &version) failed: invalid device context
[1784039472.815202] [h200x8-01:185424:0]      cuda_iface.h:85   UCX  ERROR cuCtxGetApiVersion(ctx, &version) failed: invalid device context
[1784039472.815204] [h200x8-01:185424:0]      cuda_iface.h:85   UCX  ERROR cuCtxGetApiVersion(ctx, &version) failed: invalid device context
[1784039472.815207] [h200x8-01:185424:0]      cuda_iface.h:85   UCX  ERROR cuCtxGetApiVersion(ctx, &version) failed: invalid device context
[1784039472.815210] [h200x8-01:185424:0]      cuda_iface.h:85   UCX  ERROR cuCtxGetApiVersion(ctx, &version) failed: invalid device context
[1784039472.815212] [h200x8-01:185424:0]      cuda_iface.h:85   UCX  ERROR cuCtxGetApiVersion(ctx, &version) failed: invalid device context
[1784039472.815215] [h200x8-01:185424:0]      cuda_iface.h:85   UCX  ERROR cuCtxGetApiVersion(ctx, &version) failed: invalid device context
[1784039472.815218] [h200x8-01:185424:0]      cuda_iface.h:85   UCX  ERROR cuCtxGetApiVersion(ctx, &version) failed: invalid device context
[1784039472.815220] [h200x8-01:185424:0]      cuda_iface.h:85   UCX  ERROR cuCtxGetApiVersion(ctx, &version) failed: invalid device context
[1784039472.814942] [h200x8-01:185429:0]      cuda_iface.h:85   UCX  ERROR cuCtxGetApiVersion(ctx, &version) failed: invalid device context
[1784039472.814957] [h200x8-01:185429:0]      cuda_iface.h:85   UCX  ERROR cuCtxGetApiVersion(ctx, &version) failed: invalid device context
[1784039472.814959] [h200x8-01:185429:0]      cuda_iface.h:85   UCX  ERROR cuCtxGetApiVersion(ctx, &version) failed: invalid device context
[1784039472.814961] [h200x8-01:185429:0]      cuda_iface.h:85   UCX  ERROR cuCtxGetApiVersion(ctx, &version) failed: invalid device context
[1784039472.814962] [h200x8-01:185429:0]      cuda_iface.h:85   UCX  ERROR cuCtxGetApiVersion(ctx, &version) failed: invalid device context
[1784039472.814964] [h200x8-01:185429:0]      cuda_iface.h:85   UCX  ERROR cuCtxGetApiVersion(ctx, &version) failed: invalid device context
[1784039472.814965] [h200x8-01:185429:0]      cuda_iface.h:85   UCX  ERROR cuCtxGetApiVersion(ctx, &version) failed: invalid device context
[1784039472.814966] [h200x8-01:185429:0]      cuda_iface.h:85   UCX  ERROR cuCtxGetApiVersion(ctx, &version) failed: invalid device context
[1784039472.814968] [h200x8-01:185429:0]      cuda_iface.h:85   UCX  ERROR cuCtxGetApiVersion(ctx, &version) failed: invalid device context
[1784039472.814969] [h200x8-01:185429:0]      cuda_iface.h:85   UCX  ERROR cuCtxGetApiVersion(ctx, &version) failed: invalid device context
[1784039472.814971] [h200x8-01:185429:0]      cuda_iface.h:85   UCX  ERROR cuCtxGetApiVersion(ctx, &version) failed: invalid device context
[1784039472.814972] [h200x8-01:185429:0]      cuda_iface.h:85   UCX  ERROR cuCtxGetApiVersion(ctx, &version) failed: invalid device context
[1784039472.814973] [h200x8-01:185429:0]      cuda_iface.h:85   UCX  ERROR cuCtxGetApiVersion(ctx, &version) failed: invalid device context
[1784039472.814975] [h200x8-01:185429:0]      cuda_iface.h:85   UCX  ERROR cuCtxGetApiVersion(ctx, &version) failed: invalid device context
[1784039472.814976] [h200x8-01:185429:0]      cuda_iface.h:85   UCX  ERROR cuCtxGetApiVersion(ctx, &version) failed: invalid device context
[1784039472.814978] [h200x8-01:185429:0]      cuda_iface.h:85   UCX  ERROR cuCtxGetApiVersion(ctx, &version) failed: invalid device context
[1784039472.814979] [h200x8-01:185429:0]      cuda_iface.h:85   UCX  ERROR cuCtxGetApiVersion(ctx, &version) failed: invalid device context
[1784039472.814980] [h200x8-01:185429:0]      cuda_iface.h:85   UCX  ERROR cuCtxGetApiVersion(ctx, &version) failed: invalid device context
[1784039472.814982] [h200x8-01:185429:0]      cuda_iface.h:85   UCX  ERROR cuCtxGetApiVersion(ctx, &version) failed: invalid device context
[1784039472.814984] [h200x8-01:185429:0]      cuda_iface.h:85   UCX  ERROR cuCtxGetApiVersion(ctx, &version) failed: invalid device context
[1784039472.814985] [h200x8-01:185429:0]      cuda_iface.h:85   UCX  ERROR cuCtxGetApiVersion(ctx, &version) failed: invalid device context
[1784039472.814987] [h200x8-01:185429:0]      cuda_iface.h:85   UCX  ERROR cuCtxGetApiVersion(ctx, &version) failed: invalid device context
[1784039472.814988] [h200x8-01:185429:0]      cuda_iface.h:85   UCX  ERROR cuCtxGetApiVersion(ctx, &version) failed: invalid device context
[1784039472.814989] [h200x8-01:185429:0]      cuda_iface.h:85   UCX  ERROR cuCtxGetApiVersion(ctx, &version) failed: invalid device context
[1784039472.814991] [h200x8-01:185429:0]      cuda_iface.h:85   UCX  ERROR cuCtxGetApiVersion(ctx, &version) failed: invalid device context
[1784039472.814993] [h200x8-01:185429:0]      cuda_iface.h:85   UCX  ERROR cuCtxGetApiVersion(ctx, &version) failed: invalid device context
[1784039472.814994] [h200x8-01:185429:0]      cuda_iface.h:85   UCX  ERROR cuCtxGetApiVersion(ctx, &version) failed: invalid device context
[1784039472.814995] [h200x8-01:185429:0]      cuda_iface.h:85   UCX  ERROR cuCtxGetApiVersion(ctx, &version) failed: invalid device context
[1784039472.814997] [h200x8-01:185429:0]      cuda_iface.h:85   UCX  ERROR cuCtxGetApiVersion(ctx, &version) failed: invalid device context
[1784039472.814998] [h200x8-01:1854[1784039472.815180] [h200x8-01:185425:0]      cuda_iface.h:85   UCX  ERROR cuCtxGetApiVersion(ctx, &version) failed: invalid device context
[1784039472.815191] [h200x8-01:185425:0]      cuda_iface.h:85   UCX  ERROR cuCtxGetApiVersion(ctx, &version) failed: invalid device context
[1784039472.815194] [h200x8-01:185425:0]      cuda_iface.h:85   UCX  ERROR cuCtxGetApiVersion(ctx, &version) failed: invalid device context
[1784039472.815198] [h200x8-01:185425:0]      cuda_iface.h:85   UCX  ERROR cuCtxGetApiVersion(ctx, &version) failed: invalid device context
[1784039472.815201] [h200x8-01:185425:0]      cuda_iface.h:85   UCX  ERROR cuCtxGetApiVersion(ctx, &version) failed: invalid device context
[1784039472.815204] [h200x8-01:185425:0]      cuda_iface.h:85   UCX  ERROR cuCtxGetApiVersion(ctx, &version) failed: invalid device context
[1784039472.815207] [h200x8-01:185425:0]      cuda_iface.h:85   UCX  ERROR cuCtxGetApiVersion(ctx, &version) failed: invalid device context
[1784039472.815210] [h200x8-01:185425:0]      cuda_iface.h:85   UCX  ERROR cuCtxGetApiVersion(ctx, &version) failed: invalid device context
[1784039472.815214] [h200x8-01:185425:0]      cuda_iface.h:85   UCX  ERROR cuCtxGetApiVersion(ctx, &version) failed: invalid device context
[1784039472.815216] [h200x8-01:185425:0]      cuda_iface.h:85   UCX  ERROR cuCtxGetApiVersion(ctx, &version) failed: invalid device context
[1784039472.815220] [h200x8-01:185425:0]      cuda_iface.h:85   UCX  ERROR cuCtxGetApiVersion(ctx, &version) failed: invalid device context
[1784039472.815222] [h200x8-01:185425:0]      cuda_iface.h:85   UCX  ERROR cuCtxGetApiVersion(ctx, &version) failed: invalid device context
[1784039472.815225] [h200x8-01:185425:0]      cuda_iface.h:85   UCX  ERROR cuCtxGetApiVersion(ctx, &version) failed: invalid device context
[1784039472.815227] [h200x8-01:185425:0]      cuda_iface.h:85   UCX  ERROR cuCtxGetApiVersion(ctx, &version) failed: invalid device context
[1784039472.815230] [h200x8-01:185425:0]      cuda_iface.h:85   UCX  ERROR cuCtxGetApiVersion(ctx, &version) failed: invalid device context
[1784039472.815233] [h200x8-01:185425:0]      cuda_iface.h:85   UCX  ERROR cuCtxGetApiVersion(ctx, &version) failed: invalid device context
[1784039472.815237] [h200x8-01:185425:0]      cuda_iface.h:85   UCX  ERROR cuCtxGetApiVersion(ctx, &version) failed: invalid device context
[1784039472.815239] [h200x8-01:185425:0]      cuda_iface.h:85   UCX  ERROR cuCtxGetApiVersion(ctx, &version) failed: invalid device context
[1784039472.815197] [h200x8-01:185418:0]      cuda_iface.h:85   UCX  ERROR cuCtxGetApiVersion(ctx, &version) failed: invalid device context
[1784039472.815209] [h200x8-01:185418:0]      cuda_iface.h:85   UCX  ERROR cuCtxGetApiVersion(ctx, &version) failed: invalid device context
[1784039472.815211] [h200x8-01:185418:0]      cuda_iface.h:85   UCX  ERROR cuCtxGetApiVersion(ctx, &version) failed: invalid device context
[1784039472.815213] [h200x8-01:185418:0]      cuda_iface.h:85   UCX  ERROR cuCtxGetApiVersion(ctx, &version) failed: invalid device context
[1784039472.815215] [h200x8-01:185418:0]      cuda_iface.h:85   UCX  ERROR cuCtxGetApiVersion(ctx, &version) failed: invalid device context
[1784039472.815216] [h200x8-01:185418:0]      cuda_iface.h:85   UCX  ERROR cuCtxGetApiVersion(ctx, &version) failed: invalid device context
[1784039472.815218] [h200x8-01:185418:0]      cuda_iface.h:85   UCX  ERROR cuCtxGetApiVersion(ctx, &version) failed: invalid device context
[1784039472.815219] [h200x8-01:185418:0]      cuda_iface.h:85   UCX  ERROR cuCtxGetApiVersion(ctx, &version) failed: invalid device context
[1784039472.815220] [h200x8-01:185418:0]      cuda_iface.h:85   UCX  ERROR cuCtxGetApiVersion(ctx, &version) failed: invalid device context
[1784039472.815222] [h200x8-01:185418:0]      cuda_iface.h:85   UCX  ERROR cuCtxGetApiVersion(ctx, &version) failed: invalid device context
[1784039472.815223] [h200x8-01:185418:0]      cuda_iface.h:85   UCX  ERROR cuCtxGetApiVersion(ctx, &version) failed: invalid device context
[1784039472.815224] [h200x8-01:185418:0]      cuda_iface.h:85   UCX  ERROR cuCtxGetApiVersion(ctx, &version) failed: invalid device context
[1784039472.815226] [h200x8-01:185418:0]      cuda_iface.h:85   UCX  ERROR cuCtxGetApiVersion(ctx, &version) failed: invalid device context
[1784039472.815227] [h200x8-01:185418:0]      cuda_iface.h:85   UCX  ERROR cuCtxGetApiVersion(ctx, &version) failed: invalid device context
[1784039472.815228] [h200x8-01:185418:0]      cuda_iface.h:85   UCX  ERROR cuCtxGetApiVersion(ctx, &version) failed: invalid device context
[1784039472.815230] [h200x8-01:185418:0]      cuda_iface.h:85   UCX  ERROR cuCtxGetApiVersion(ctx, &version) failed: invalid device context
[1784039472.815231] [h200x8-01:185418:0]      cuda_iface.h:85   UCX  ERROR cuCtxGetApiVersion(ctx, &version) failed: invalid device context
[1784039472.815233] [h200x8-01:185418:0]      cuda_iface.h:85   UCX  ERROR cuCtxGetApiVersion(ctx, &version) failed: invalid device context
[1784039472.815234] [h200x8-01:185418:0]      cuda_iface.h:85   UCX  ERROR cuCtxGetApiVersion(ctx, &version) failed: invalid device context
[1784039472.815236] [h200x8-01:185418:0]      cuda_iface.h:85   UCX  ERROR cuCtxGetApiVersion(ctx, &version) failed: invalid device context
[1784039472.815237] [h200x8-01:185418:0]      cuda_iface.h:85   UCX  ERROR cuCtxGetApiVersion(ctx, &version) failed: invalid device context
[1784039472.815238] [h200x8-01:185418:0]      cuda_iface.h:85   UCX  ERROR cuCtxGetApiVersion(ctx, &version) failed: invalid device context
[1784039472.815240] [h200x8-01:185418:0]      cuda_iface.h:85   UCX  ERROR cuCtxGetApiVersion(ctx, &version) failed: invalid device context
[1784039472.815241] [h200x8-01:185418:0]      cuda_iface.h:85   UCX  ERROR cuCtxGetApiVersion(ctx, &version) failed: invalid device context
[1784039472.815243] [h200x8-01:185418:0]      cuda_iface.h:85   UCX  ERROR cuCtxGetApiVersion(ctx, &version) failed: invalid device context
[1784039472.815244] [h200x8-01:185418:0]      cuda_iface.h:85   UCX  ERROR cuCtxGetApiVersion(ctx, &version) failed: invalid device context
[1784039472.815246] [h200x8-01:185418:0]      cuda_iface.h:85   UCX  ERROR cuCtxGetApiVersion(ctx, &version) failed: invalid device context
[1784039472.815247] [h200x8-01:185418:0]      cuda_iface.h:85   UCX  ERROR cuCtxGetApiVersion(ctx, &version) failed: invalid device context
[1784039472.815249] [h200x8-01:185418:0]      cuda_iface.h:85   UCX  ERROR cuCtxGetApiVersion(ctx, &version) failed: invalid device context
[1784039472.815250] [h200x8-01:1854[1784039472.815374] [h200x8-01:185426:0]      cuda_iface.h:85   UCX  ERROR cuCtxGetApiVersion(ctx, &version) failed: invalid device context
[1784039472.815385] [h200x8-01:185426:0]      cuda_iface.h:85   UCX  ERROR cuCtxGetApiVersion(ctx, &version) failed: invalid device context
[1784039472.815388] [h200x8-01:185426:0]      cuda_iface.h:85   UCX  ERROR cuCtxGetApiVersion(ctx, &version) failed: invalid device context
[1784039472.815391] [h200x8-01:185426:0]      cuda_iface.h:85   UCX  ERROR cuCtxGetApiVersion(ctx, &version) failed: invalid device context
[1784039472.815393] [h200x8-01:185426:0]      cuda_iface.h:85   UCX  ERROR cuCtxGetApiVersion(ctx, &version) failed: invalid device context
[1784039472.815394] [h200x8-01:185426:0]      cuda_iface.h:85   UCX  ERROR cuCtxGetApiVersion(ctx, &version) failed: invalid device context
[1784039472.815396] [h200x8-01:185426:0]      cuda_iface.h:85   UCX  ERROR cuCtxGetApiVersion(ctx, &version) failed: invalid device context
[1784039472.815399] [h200x8-01:185426:0]      cuda_iface.h:85   UCX  ERROR cuCtxGetApiVersion(ctx, &version) failed: invalid device context
[1784039472.815402] [h200x8-01:185426:0]      cuda_iface.h:85   UCX  ERROR cuCtxGetApiVersion(ctx, &version) failed: invalid device context
[1784039472.815405] [h200x8-01:185426:0]      cuda_iface.h:85   UCX  ERROR cuCtxGetApiVersion(ctx, &version) failed: invalid device context
[1784039472.815408] [h200x8-01:185426:0]      cuda_iface.h:85   UCX  ERROR cuCtxGetApiVersion(ctx, &version) failed: invalid device context
[1784039472.815413] [h200x8-01:185426:0]      cuda_iface.h:85   UCX  ERROR cuCtxGetApiVersion(ctx, &version) failed: invalid device context
[1784039472.815415] [h200x8-01:185426:0]      cuda_iface.h:85   UCX  ERROR cuCtxGetApiVersion(ctx, &version) failed: invalid device context
[1784039472.815418] [h200x8-01:185426:0]      cuda_iface.h:85   UCX  ERROR cuCtxGetApiVersion(ctx, &version) failed: invalid device context
[1784039472.815421] [h200x8-01:185426:0]      cuda_iface.h:85   UCX  ERROR cuCtxGetApiVersion(ctx, &version) failed: invalid device context
[1784039472.815424] [h200x8-01:185426:0]      cuda_iface.h:85   UCX  ERROR cuCtxGetApiVersion(ctx, &version) failed: invalid device context
[1784039472.815427] [h200x8-01:185426:0]      cuda_iface.h:85   UCX  ERROR cuCtxGetApiVersion(ctx, &version) failed: invalid device context
[1784039472.815430] [h200x8-01:185426:0]      cuda_iface.h:85   UCX  ERROR cuCtxGetApiVersion(ctx, &version) failed: invalid device context
[1784039472.815433] [h200x8-01:185426:0]      cuda_iface.h:85   UCX  ERROR cuCtxGetApiVersion(ctx, &version) failed: invalid device context
[1784039472.815437] [h200x8-01:185426:0]      cuda_iface.h:85   UCX  ERROR cuCtxGetApiVersion(ctx, &version) failed: invalid device context
[1784039472.815440] [h200x8-01:185426:0]      cuda_iface.h:85   UCX  ERROR cuCtxGetApiVersion(ctx, &version) failed: invalid device context
[1784039472.815441] [h200x8-01:185426:0]      cuda_iface.h:85   UCX  ERROR cuCtxGetApiVersion(ctx, &version) failed: invalid device context
[1784039472.815444] [h200x8-01:185426:0]      cuda_iface.h:85   UCX  ERROR cuCtxGetApiVersion(ctx, &version) failed: invalid device context
[1784039472.815446] [h200x8-01:185426:0]      cuda_iface.h:85   UCX  ERROR cuCtxGetApiVersion(ctx, &version) failed: invalid device context
[1784039472.815449] [h200x8-01:185426:0]      cuda_iface.h:85   UCX  ERROR cuCtxGetApiVersion(ctx, &version) failed: invalid device context
[1784039472.815451] [h200x8-01:185426:0]      cuda_iface.h:85   UCX  ERROR cuCtxGetApiVersion(ctx, &version) failed: invalid device context
[1784039472.815454] [h200x8-01:185426:0]      cuda_iface.h:85   UCX  ERROR cuCtxGetApiVersion(ctx, &version) failed: invalid device context
[1784039472.815456] [h200x8-01:185426:0]      cuda_iface.h:85   UCX  ERROR cuCtxGetApiVersion(ctx, &version) failed: invalid device context
[1784039472.815458] [h200x8-01:185426:0]      cuda_iface.h:85   UCX  ERROR cuCtxGetApiVersion(ctx, &version) failed: invalid device context
[1784039472.815460] [h200x8-01:18542[1784039472.815254] [h200x8-01:185419:0]      cuda_iface.h:85   UCX  ERROR cuCtxGetApiVersion(ctx, &version) failed: invalid device context
[1784039472.815265] [h200x8-01:185419:0]      cuda_iface.h:85   UCX  ERROR cuCtxGetApiVersion(ctx, &version) failed: invalid device context
[1784039472.815269] [h200x8-01:185419:0]      cuda_iface.h:85   UCX  ERROR cuCtxGetApiVersion(ctx, &version) failed: invalid device context
[1784039472.815271] [h200x8-01:185419:0]      cuda_iface.h:85   UCX  ERROR cuCtxGetApiVersion(ctx, &version) failed: invalid device context
[1784039472.815272] [h200x8-01:185419:0]      cuda_iface.h:85   UCX  ERROR cuCtxGetApiVersion(ctx, &version) failed: invalid device context
[1784039472.815276] [h200x8-01:185419:0]      cuda_iface.h:85   UCX  ERROR cuCtxGetApiVersion(ctx, &version) failed: invalid device context
[1784039472.815277] [h200x8-01:185419:0]      cuda_iface.h:85   UCX  ERROR cuCtxGetApiVersion(ctx, &version) failed: invalid device context
[1784039472.815281] [h200x8-01:185419:0]      cuda_iface.h:85   UCX  ERROR cuCtxGetApiVersion(ctx, &version) failed: invalid device context
[1784039472.815283] [h200x8-01:185419:0]      cuda_iface.h:85   UCX  ERROR cuCtxGetApiVersion(ctx, &version) failed: invalid device context
[1784039472.815287] [h200x8-01:185419:0]      cuda_iface.h:85   UCX  ERROR cuCtxGetApiVersion(ctx, &version) failed: invalid device context
[1784039472.815288] [h200x8-01:185419:0]      cuda_iface.h:85   UCX  ERROR cuCtxGetApiVersion(ctx, &version) failed: invalid device context
[1784039472.815292] [h200x8-01:185419:0]      cuda_iface.h:85   UCX  ERROR cuCtxGetApiVersion(ctx, &version) failed: invalid device context
[1784039472.815296] [h200x8-01:185419:0]      cuda_iface.h:85   UCX  ERROR cuCtxGetApiVersion(ctx, &version) failed: invalid device context
[1784039472.815298] [h200x8-01:185419:0]      cuda_iface.h:85   UCX  ERROR cuCtxGetApiVersion(ctx, &version) failed: invalid device context
[1784039472.815301] [h200x8-01:185419:0]      cuda_iface.h:85   UCX  ERROR cuCtxGetApiVersion(ctx, &version) failed: invalid device context
[1784039472.815303] [h200x8-01:185419:0]      cuda_iface.h:85   UCX  ERROR cuCtxGetApiVersion(ctx, &version) failed: invalid device context
[1784039472.815306] [h200x8-01:185419:0]      cuda_iface.h:85   UCX  ERROR cuCtxGetApiVersion(ctx, &version) failed: invalid device context
[1784039472.815310] [h200x8-01:185419:0]      cuda_iface.h:85   UCX  ERROR cuCtxGetApiVersion(ctx, &version) failed: invalid device context
[1784039472.815312] [h200x8-01:185419:0]      cuda_iface.h:85   UCX  ERROR cuCtxGetApiVersion(ctx, &version) failed: invalid device context
[1784039472.815315] [h200x8-01:185419:0]      cuda_iface.h:85   UCX  ERROR cuCtxGetApiVersion(ctx, &version) failed: invalid device context
[1784039472.815316] [h200x8-01:185419:0]      cuda_iface.h:85   UCX  ERROR cuCtxGetApiVersion(ctx, &version) failed: invalid device context
[1784039472.815319] [h200x8-01:185419:0]      cuda_iface.h:85   UCX  ERROR cuCtxGetApiVersion(ctx, &version) failed: invalid device context
[1784039472.815321] [h200x8-01:185419:0]      cuda_iface.h:85   UCX  ERROR cuCtxGetApiVersion(ctx, &version) failed: invalid device context
[1784039472.815324] [h200x8-01:185419:0]      cuda_iface.h:85   UCX  ERROR cuCtxGetApiVersion(ctx, &version) failed: invalid device context
[1784039472.815325] [h200x8-01:185419:0]      cuda_iface.h:85   UCX  ERROR cuCtxGetApiVersion(ctx, &version) failed: invalid device context
[1784039472.815329] [h200x8-01:185419:0]      cuda_iface.h:85   UCX  ERROR cuCtxGetApiVersion(ctx, &version) failed: invalid device context
[1784039472.815330] [h200x8-01:185419:0]      cuda_iface.h:85   UCX  ERROR cuCtxGetApiVersion(ctx, &version) failed: invalid device context
[1784039472.815334] [h200x8-01:185419:0]      cuda_iface.h:85   UCX  ERROR cuCtxGetApiVersion(ctx, &version) failed: invalid device context
[1784039472.815337] [h200x8-01:185419:0]      cuda_iface.h:85   UCX  ERROR cuCtxGetApiVersion(ctx, &version) failed: invalid device context
[1784039472.815339] [h200x8-01:1854[1784039472.815253] [h200x8-01:185420:0]      cuda_iface.h:85   UCX  ERROR cuCtxGetApiVersion(ctx, &version) failed: invalid device context
[1784039472.815265] [h200x8-01:185420:0]      cuda_iface.h:85   UCX  ERROR cuCtxGetApiVersion(ctx, &version) failed: invalid device context
[1784039472.815267] [h200x8-01:185420:0]      cuda_iface.h:85   UCX  ERROR cuCtxGetApiVersion(ctx, &version) failed: invalid device context
[1784039472.815268] [h200x8-01:185420:0]      cuda_iface.h:85   UCX  ERROR cuCtxGetApiVersion(ctx, &version) failed: invalid device context
[1784039472.815270] [h200x8-01:185420:0]      cuda_iface.h:85   UCX  ERROR cuCtxGetApiVersion(ctx, &version) failed: invalid device context
[1784039472.815271] [h200x8-01:185420:0]      cuda_iface.h:85   UCX  ERROR cuCtxGetApiVersion(ctx, &version) failed: invalid device context
[1784039472.815273] [h200x8-01:185420:0]      cuda_iface.h:85   UCX  ERROR cuCtxGetApiVersion(ctx, &version) failed: invalid device context
[1784039472.815274] [h200x8-01:185420:0]      cuda_iface.h:85   UCX  ERROR cuCtxGetApiVersion(ctx, &version) failed: invalid device context
[1784039472.815275] [h200x8-01:185420:0]      cuda_iface.h:85   UCX  ERROR cuCtxGetApiVersion(ctx, &version) failed: invalid device context
[1784039472.815277] [h200x8-01:185420:0]      cuda_iface.h:85   UCX  ERROR cuCtxGetApiVersion(ctx, &version) failed: invalid device context
[1784039472.815278] [h200x8-01:185420:0]      cuda_iface.h:85   UCX  ERROR cuCtxGetApiVersion(ctx, &version) failed: invalid device context
[1784039472.815279] [h200x8-01:185420:0]      cuda_iface.h:85   UCX  ERROR cuCtxGetApiVersion(ctx, &version) failed: invalid device context
[1784039472.815281] [h200x8-01:185420:0]      cuda_iface.h:85   UCX  ERROR cuCtxGetApiVersion(ctx, &version) failed: invalid device context
[1784039472.815282] [h200x8-01:185420:0]      cuda_iface.h:85   UCX  ERROR cuCtxGetApiVersion(ctx, &version) failed: invalid device context
[1784039472.815284] [h200x8-01:185420:0]      cuda_iface.h:85   UCX  ERROR cuCtxGetApiVersion(ctx, &version) failed: invalid device context
[1784039472.815286] [h200x8-01:185420:0]      cuda_iface.h:85   UCX  ERROR cuCtxGetApiVersion(ctx, &version) failed: invalid device context
[1784039472.815287] [h200x8-01:185420:0]      cuda_iface.h:85   UCX  ERROR cuCtxGetApiVersion(ctx, &version) failed: invalid device context
[1784039472.815288] [h200x8-01:185420:0]      cuda_iface.h:85   UCX  ERROR cuCtxGetApiVersion(ctx, &version) failed: invalid device context
[1784039472.815290] [h200x8-01:185420:0]      cuda_iface.h:85   UCX  ERROR cuCtxGetApiVersion(ctx, &version) failed: invalid device context
[1784039472.815291] [h200x8-01:185420:0]      cuda_iface.h:85   UCX  ERROR cuCtxGetApiVersion(ctx, &version) failed: invalid device context
[1784039472.815292] [h200x8-01:185420:0]      cuda_iface.h:85   UCX  ERROR cuCtxGetApiVersion(ctx, &version) failed: invalid device context
[1784039472.815294] [h200x8-01:185420:0]      cuda_iface.h:85   UCX  ERROR cuCtxGetApiVersion(ctx, &version) failed: invalid device context
[1784039472.815296] [h200x8-01:185420:0]      cuda_iface.h:85   UCX  ERROR cuCtxGetApiVersion(ctx, &version) failed: invalid device context
[1784039472.815297] [h200x8-01:185420:0]      cuda_iface.h:85   UCX  ERROR cuCtxGetApiVersion(ctx, &version) failed: invalid device context
[1784039472.815299] [h200x8-01:185420:0]      cuda_iface.h:85   UCX  ERROR cuCtxGetApiVersion(ctx, &version) failed: invalid device context
[1784039472.815300] [h200x8-01:185420:0]      cuda_iface.h:85   UCX  ERROR cuCtxGetApiVersion(ctx, &version) failed: invalid device context
[1784039472.815302] [h200x8-01:185420:0]      cuda_iface.h:85   UCX  ERROR cuCtxGetApiVersion(ctx, &version) failed: invalid device context
[1784039472.815303] [h200x8-01:185420:0]      cuda_iface.h:85   UCX  ERROR cuCtxGetApiVersion(ctx, &version) failed: invalid device context
[1784039472.815305] [h200x8-01:185420:0]      cuda_iface.h:85   UCX  ERROR cuCtxGetApiVersion(ctx, &version) failed: invalid device context
[1784039472.815307] [h200x8-01:1854[1784039472.815258] [h200x8-01:185421:0]      cuda_iface.h:85   UCX  ERROR cuCtxGetApiVersion(ctx, &version) failed: invalid device context
[1784039472.815271] [h200x8-01:185421:0]      cuda_iface.h:85   UCX  ERROR cuCtxGetApiVersion(ctx, &version) failed: invalid device context
[1784039472.815275] [h200x8-01:185421:0]      cuda_iface.h:85   UCX  ERROR cuCtxGetApiVersion(ctx, &version) failed: invalid device context
[1784039472.815276] [h200x8-01:185421:0]      cuda_iface.h:85   UCX  ERROR cuCtxGetApiVersion(ctx, &version) failed: invalid device context
[1784039472.815280] [h200x8-01:185421:0]      cuda_iface.h:85   UCX  ERROR cuCtxGetApiVersion(ctx, &version) failed: invalid device context
[1784039472.815284] [h200x8-01:185421:0]      cuda_iface.h:85   UCX  ERROR cuCtxGetApiVersion(ctx, &version) failed: invalid device context
[1784039472.815285] [h200x8-01:185421:0]      cuda_iface.h:85   UCX  ERROR cuCtxGetApiVersion(ctx, &version) failed: invalid device context
[1784039472.815289] [h200x8-01:185421:0]      cuda_iface.h:85   UCX  ERROR cuCtxGetApiVersion(ctx, &version) failed: invalid device context
[1784039472.815290] [h200x8-01:185421:0]      cuda_iface.h:85   UCX  ERROR cuCtxGetApiVersion(ctx, &version) failed: invalid device context
[1784039472.815295] [h200x8-01:185421:0]      cuda_iface.h:85   UCX  ERROR cuCtxGetApiVersion(ctx, &version) failed: invalid device context
[1784039472.815299] [h200x8-01:185421:0]      cuda_iface.h:85   UCX  ERROR cuCtxGetApiVersion(ctx, &version) failed: invalid device context
[1784039472.815300] [h200x8-01:185421:0]      cuda_iface.h:85   UCX  ERROR cuCtxGetApiVersion(ctx, &version) failed: invalid device context
[1784039472.815304] [h200x8-01:185421:0]      cuda_iface.h:85   UCX  ERROR cuCtxGetApiVersion(ctx, &version) failed: invalid device context
[1784039472.815308] [h200x8-01:185421:0]      cuda_iface.h:85   UCX  ERROR cuCtxGetApiVersion(ctx, &version) failed: invalid device context
[1784039472.815310] [h200x8-01:185421:0]      cuda_iface.h:85   UCX  ERROR cuCtxGetApiVersion(ctx, &version) failed: invalid device context
[1784039472.815313] [h200x8-01:185421:0]      cuda_iface.h:85   UCX  ERROR cuCtxGetApiVersion(ctx, &version) failed: invalid device context
[1784039472.815317] [h200x8-01:185421:0]      cuda_iface.h:85   UCX  ERROR cuCtxGetApiVersion(ctx, &version) failed: invalid device context
[1784039472.815318] [h200x8-01:185421:0]      cuda_iface.h:85   UCX  ERROR cuCtxGetApiVersion(ctx, &version) failed: invalid device context
[1784039472.815321] [h200x8-01:185421:0]      cuda_iface.h:85   UCX  ERROR cuCtxGetApiVersion(ctx, &version) failed: invalid device context
[1784039472.815323] [h200x8-01:185421:0]      cuda_iface.h:85   UCX  ERROR cuCtxGetApiVersion(ctx, &version) failed: invalid device context
[1784039472.815327] [h200x8-01:185421:0]      cuda_iface.h:85   UCX  ERROR cuCtxGetApiVersion(ctx, &version) failed: invalid device context
[1784039472.815328] [h200x8-01:185421:0]      cuda_iface.h:85   UCX  ERROR cuCtxGetApiVersion(ctx, &version) failed: invalid device context
[1784039472.815332] [h200x8-01:185421:0]      cuda_iface.h:85   UCX  ERROR cuCtxGetApiVersion(ctx, &version) failed: invalid device context
[1784039472.815336] [h200x8-01:185421:0]      cuda_iface.h:85   UCX  ERROR cuCtxGetApiVersion(ctx, &version) failed: invalid device context
[1784039472.815341] [h200x8-01:185421:0]      cuda_iface.h:85   UCX  ERROR cuCtxGetApiVersion(ctx, &version) failed: invalid device context
[1784039472.815343] [h200x8-01:185421:0]      cuda_iface.h:85   UCX  ERROR cuCtxGetApiVersion(ctx, &version) failed: invalid device context
[1784039472.815346] [h200x8-01:185421:0]      cuda_iface.h:85   UCX  ERROR cuCtxGetApiVersion(ctx, &version) failed: invalid device context
[1784039472.815348] [h200x8-01:185421:0]      cuda_iface.h:85   UCX  ERROR cuCtxGetApiVersion(ctx, &version) failed: invalid device context
[1784039472.815352] [h200x8-01:185421:0]      cuda_iface.h:85   UCX  ERROR cuCtxGetApiVersion(ctx, &version) failed: invalid device context
[1784039472.815355] [h200x8-01:18542[1784039472.815223] [h200x8-01:185424:0]      cuda_iface.h:85   UCX  ERROR cuCtxGetApiVersion(ctx, &version) failed: invalid device context
[1784039472.815226] [h200x8-01:185424:0]      cuda_iface.h:85   UCX  ERROR cuCtxGetApiVersion(ctx, &version) failed: invalid device context
[1784039472.815229] [h200x8-01:185424:0]      cuda_iface.h:85   UCX  ERROR cuCtxGetApiVersion(ctx, &version) failed: invalid device context
[1784039472.815232] [h200x8-01:185424:0]      cuda_iface.h:85   UCX  ERROR cuCtxGetApiVersion(ctx, &version) failed: invalid device context
[1784039472.815235] [h200x8-01:185424:0]      cuda_iface.h:85   UCX  ERROR cuCtxGetApiVersion(ctx, &version) failed: invalid device context
[1784039472.815237] [h200x8-01:185424:0]      cuda_iface.h:85   UCX  ERROR cuCtxGetApiVersion(ctx, &version) failed: invalid device context
[1784039472.815240] [h200x8-01:185424:0]      cuda_iface.h:85   UCX  ERROR cuCtxGetApiVersion(ctx, &version) failed: invalid device context
[1784039472.815241] [h200x8-01:185424:0]      cuda_iface.h:85   UCX  ERROR cuCtxGetApiVersion(ctx, &version) failed: invalid device context
[1784039472.815243] [h200x8-01:185424:0]      cuda_iface.h:85   UCX  ERROR cuCtxGetApiVersion(ctx, &version) failed: invalid device context
[1784039472.815245] [h200x8-01:185424:0]      cuda_iface.h:85   UCX  ERROR cuCtxGetApiVersion(ctx, &version) failed: invalid device context
[1784039472.815246] [h200x8-01:185424:0]      cuda_iface.h:85   UCX  ERROR cuCtxGetApiVersion(ctx, &version) failed: invalid device context
[1784039472.815247] [h200x8-01:185424:0]      cuda_iface.h:85   UCX  ERROR cuCtxGetApiVersion(ctx, &version) failed: invalid device context
[1784039472.815250] [h200x8-01:185424:0]      cuda_iface.h:85   UCX  ERROR cuCtxGetApiVersion(ctx, &version) failed: invalid device context
[1784039472.815254] [h200x8-01:185424:0]      cuda_iface.h:85   UCX  ERROR cuCtxGetApiVersion(ctx, &version) failed: invalid device context
[1784039472.815256] [h200x8-01:185424:0]      cuda_iface.h:85   UCX  ERROR cuCtxGetApiVersion(ctx, &version) failed: invalid device context
[1784039472.815258] [h200x8-01:185424:0]      cuda_iface.h:85   UCX  ERROR cuCtxGetApiVersion(ctx, &version) failed: invalid device context
[1784039472.815261] [h200x8-01:185424:0]      cuda_iface.h:85   UCX  ERROR cuCtxGetApiVersion(ctx, &version) failed: invalid device context
[1784039472.815265] [h200x8-01:185424:0]      cuda_iface.h:85   UCX  ERROR cuCtxGetApiVersion(ctx, &version) failed: invalid device context
[1784039472.815266] [h200x8-01:185424:0]      cuda_iface.h:85   UCX  ERROR cuCtxGetApiVersion(ctx, &version) failed: invalid device context
[1784039472.815271] [h200x8-01:185424:0]      cuda_iface.h:85   UCX  ERROR cuCtxGetApiVersion(ctx, &version) failed: invalid device context
[1784039472.815272] [h200x8-01:185424:0]      cuda_iface.h:85   UCX  ERROR cuCtxGetApiVersion(ctx, &version) failed: invalid device context
[1784039472.815275] [h200x8-01:185424:0]      cuda_iface.h:85   UCX  ERROR cuCtxGetApiVersion(ctx, &version) failed: invalid device context
[1784039472.815277] [h200x8-01:185424:0]      cuda_iface.h:85   UCX  ERROR cuCtxGetApiVersion(ctx, &version) failed: invalid device context
[1784039472.815281] [h200x8-01:185424:0]      cuda_iface.h:85   UCX  ERROR cuCtxGetApiVersion(ctx, &version) failed: invalid device context
[1784039472.815284] [h200x8-01:185424:0]      cuda_iface.h:85   UCX  ERROR cuCtxGetApiVersion(ctx, &version) failed: invalid device context
[1784039472.815286] [h200x8-01:185424:0]      cuda_iface.h:85   UCX  ERROR cuCtxGetApiVersion(ctx, &version) failed: invalid device context
[1784039472.815289] [h200x8-01:185424:0]      cuda_iface.h:85   UCX  ERROR cuCtxGetApiVersion(ctx, &version) failed: invalid device context
[1784039472.815291] [h200x8-01:185424:0]      cuda_iface.h:85   UCX  ERROR cuCtxGetApiVersion(ctx, &version) failed: invalid device context
[1784039472.815295] [h200x8-01:185424:0]      cuda_iface.h:85   UCX  ERROR cuCtxGetApiVersion(ctx, &version) failed: invalid device context
[1784039472.815296] [h200x8-01:185429:0]      cuda_iface.h:85   UCX  ERROR cuCtxGetApiVersion(ctx, &version) failed: invalid device context
[1784039472.815000] [h200x8-01:185429:0]      cuda_iface.h:85   UCX  ERROR cuCtxGetApiVersion(ctx, &version) failed: invalid device context
[1784039472.815001] [h200x8-01:185429:0]      cuda_iface.h:85   UCX  ERROR cuCtxGetApiVersion(ctx, &version) failed: invalid device context
[1784039472.815003] [h200x8-01:185429:0]      cuda_iface.h:85   UCX  ERROR cuCtxGetApiVersion(ctx, &version) failed: invalid device context
[1784039472.815004] [h200x8-01:185429:0]      cuda_iface.h:85   UCX  ERROR cuCtxGetApiVersion(ctx, &version) failed: invalid device context
[1784039472.815006] [h200x8-01:185429:0]      cuda_iface.h:85   UCX  ERROR cuCtxGetApiVersion(ctx, &version) failed: invalid device context
[1784039472.815008] [h200x8-01:185429:0]      cuda_iface.h:85   UCX  ERROR cuCtxGetApiVersion(ctx, &version) failed: invalid device context
[1784039472.815009] [h200x8-01:185429:0]      cuda_iface.h:85   UCX  ERROR cuCtxGetApiVersion(ctx, &version) failed: invalid device context
[1784039472.815011] [h200x8-01:185429:0]      cuda_iface.h:85   UCX  ERROR cuCtxGetApiVersion(ctx, &version) failed: invalid device context
[1784039472.815012] [h200x8-01:185429:0]      cuda_iface.h:85   UCX  ERROR cuCtxGetApiVersion(ctx, &version) failed: invalid device context
[1784039472.815013] [h200x8-01:185429:0]      cuda_iface.h:85   UCX  ERROR cuCtxGetApiVersion(ctx, &version) failed: invalid device context
[1784039472.815015] [h200x8-01:185429:0]      cuda_iface.h:85   UCX  ERROR cuCtxGetApiVersion(ctx, &version) failed: invalid device context
[1784039472.815016] [h200x8-01:185429:0]      cuda_iface.h:85   UCX  ERROR cuCtxGetApiVersion(ctx, &version) failed: invalid device context
[1784039472.815018] [h200x8-01:185429:0]      cuda_iface.h:85   UCX  ERROR cuCtxGetApiVersion(ctx, &version) failed: invalid device context
[1784039472.815019] [h200x8-01:185429:0]      cuda_iface.h:85   UCX  ERROR cuCtxGetApiVersion(ctx, &version) failed: invalid device context
[1784039472.815020] [h200x8-01:185429:0]      cuda_iface.h:85   UCX  ERROR cuCtxGetApiVersion(ctx, &version) failed: invalid device context
[1784039472.815022] [h200x8-01:185429:0]      cuda_iface.h:85   UCX  ERROR cuCtxGetApiVersion(ctx, &version) failed: invalid device context
[1784039472.815023] [h200x8-01:185429:0]      cuda_iface.h:85   UCX  ERROR cuCtxGetApiVersion(ctx, &version) failed: invalid device context
[1784039472.815024] [h200x8-01:185429:0]      cuda_iface.h:85   UCX  ERROR cuCtxGetApiVersion(ctx, &version) failed: invalid device context
[1784039472.815026] [h200x8-01:185429:0]      cuda_iface.h:85   UCX  ERROR cuCtxGetApiVersion(ctx, &version) failed: invalid device context
[1784039472.815027] [h200x8-01:185429:0]      cuda_iface.h:85   UCX  ERROR cuCtxGetApiVersion(ctx, &version) failed: invalid device context
[1784039472.815029] [h200x8-01:185429:0]      cuda_iface.h:85   UCX  ERROR cuCtxGetApiVersion(ctx, &version) failed: invalid device context
[1784039472.815030] [h200x8-01:185429:0]      cuda_iface.h:85   UCX  ERROR cuCtxGetApiVersion(ctx, &version) failed: invalid device context
[1784039472.815032] [h200x8-01:185429:0]      cuda_iface.h:85   UCX  ERROR cuCtxGetApiVersion(ctx, &version) failed: invalid device context
[1784039472.815033] [h200x8-01:185429:0]      cuda_iface.h:85   UCX  ERROR cuCtxGetApiVersion(ctx, &version) failed: invalid device context
[1784039472.815034] [h200x8-01:185429:0]      cuda_iface.h:85   UCX  ERROR cuCtxGetApiVersion(ctx, &version) failed: invalid device context
[1784039472.815037] [h200x8-01:185429:0]      cuda_iface.h:85   UCX  ERROR cuCtxGetApiVersion(ctx, &version) failed: invalid device context
[1784039472.815038] [h200x8-01:185429:0]      cuda_iface.h:85   UCX  ERROR cuCtxGetApiVersion(ctx, &version) failed: invalid device context
[1784039472.815040] [h200x8-01:185429:0]      cuda_iface.h:85   UCX  ERROR cuCtxGetApiVersion(ctx, &version) failed: invalid device context
[1784039472.815042] [h200x8-01:185429:0]      cuda_iface.h:85   UCX  E[1784039472.815241] [h200x8-01:185425:0]      cuda_iface.h:85   UCX  ERROR cuCtxGetApiVersion(ctx, &version) failed: invalid device context
[1784039472.815243] [h200x8-01:185425:0]      cuda_iface.h:85   UCX  ERROR cuCtxGetApiVersion(ctx, &version) failed: invalid device context
[1784039472.815244] [h200x8-01:185425:0]      cuda_iface.h:85   UCX  ERROR cuCtxGetApiVersion(ctx, &version) failed: invalid device context
[1784039472.815246] [h200x8-01:185425:0]      cuda_iface.h:85   UCX  ERROR cuCtxGetApiVersion(ctx, &version) failed: invalid device context
[1784039472.815247] [h200x8-01:185425:0]      cuda_iface.h:85   UCX  ERROR cuCtxGetApiVersion(ctx, &version) failed: invalid device context
[1784039472.815250] [h200x8-01:185425:0]      cuda_iface.h:85   UCX  ERROR cuCtxGetApiVersion(ctx, &version) failed: invalid device context
[1784039472.815253] [h200x8-01:185425:0]      cuda_iface.h:85   UCX  ERROR cuCtxGetApiVersion(ctx, &version) failed: invalid device context
[1784039472.815256] [h200x8-01:185425:0]      cuda_iface.h:85   UCX  ERROR cuCtxGetApiVersion(ctx, &version) failed: invalid device context
[1784039472.815259] [h200x8-01:185425:0]      cuda_iface.h:85   UCX  ERROR cuCtxGetApiVersion(ctx, &version) failed: invalid device context
[1784039472.815263] [h200x8-01:185425:0]      cuda_iface.h:85   UCX  ERROR cuCtxGetApiVersion(ctx, &version) failed: invalid device context
[1784039472.815265] [h200x8-01:185425:0]      cuda_iface.h:85   UCX  ERROR cuCtxGetApiVersion(ctx, &version) failed: invalid device context
[1784039472.815268] [h200x8-01:185425:0]      cuda_iface.h:85   UCX  ERROR cuCtxGetApiVersion(ctx, &version) failed: invalid device context
[1784039472.815269] [h200x8-01:185425:0]      cuda_iface.h:85   UCX  ERROR cuCtxGetApiVersion(ctx, &version) failed: invalid device context
[1784039472.815273] [h200x8-01:185425:0]      cuda_iface.h:85   UCX  ERROR cuCtxGetApiVersion(ctx, &version) failed: invalid device context
[1784039472.815275] [h200x8-01:185425:0]      cuda_iface.h:85   UCX  ERROR cuCtxGetApiVersion(ctx, &version) failed: invalid device context
[1784039472.815276] [h200x8-01:185425:0]      cuda_iface.h:85   UCX  ERROR cuCtxGetApiVersion(ctx, &version) failed: invalid device context
[1784039472.815278] [h200x8-01:185425:0]      cuda_iface.h:85   UCX  ERROR cuCtxGetApiVersion(ctx, &version) failed: invalid device context
[1784039472.815283] [h200x8-01:185425:0]      cuda_iface.h:85   UCX  ERROR cuCtxGetApiVersion(ctx, &version) failed: invalid device context
[1784039472.815284] [h200x8-01:185425:0]      cuda_iface.h:85   UCX  ERROR cuCtxGetApiVersion(ctx, &version) failed: invalid device context
[1784039472.815288] [h200x8-01:185425:0]      cuda_iface.h:85   UCX  ERROR cuCtxGetApiVersion(ctx, &version) failed: invalid device context
[1784039472.815289] [h200x8-01:185425:0]      cuda_iface.h:85   UCX  ERROR cuCtxGetApiVersion(ctx, &version) failed: invalid device context
[1784039472.815297] [h200x8-01:185425:0]      cuda_iface.h:85   UCX  ERROR cuCtxGetApiVersion(ctx, &version) failed: invalid device context
[1784039472.815303] [h200x8-01:185425:0]      cuda_iface.h:85   UCX  ERROR cuCtxGetApiVersion(ctx, &version) failed: invalid device context
[1784039472.815307] [h200x8-01:185425:0]      cuda_iface.h:85   UCX  ERROR cuCtxGetApiVersion(ctx, &version) failed: invalid device context
[1784039472.815311] [h200x8-01:185425:0]      cuda_iface.h:85   UCX  ERROR cuCtxGetApiVersion(ctx, &version) failed: invalid device context
[1784039472.815313] [h200x8-01:185425:0]      cuda_iface.h:85   UCX  ERROR cuCtxGetApiVersion(ctx, &version) failed: invalid device context
[1784039472.815316] [h200x8-01:185425:0]      cuda_iface.h:85   UCX  ERROR cuCtxGetApiVersion(ctx, &version) failed: invalid device context
[1784039472.815318] [h200x8-01:185425:0]      cuda_iface.h:85   UCX  ERROR cuCtxGetApiVersion(ctx, &version) failed: invalid device context
[1784039472.815321] [h200x8-01:185425:0]      cuda_iface.h:85   UCX  ERROR cuCtxGetApiVersion(ctx, &version) failed: invalid device context
[1784039472.815322] [h200x8-01:1854RROR cuCtxGetApiVersion(ctx, &version) failed: invalid device context
[1784039472.815043] [h200x8-01:185429:0]      cuda_iface.h:85   UCX  ERROR cuCtxGetApiVersion(ctx, &version) failed: invalid device context
[1784039472.815045] [h200x8-01:185429:0]      cuda_iface.h:85   UCX  ERROR cuCtxGetApiVersion(ctx, &version) failed: invalid device context
[1784039472.815048] [h200x8-01:185429:0]      cuda_iface.h:85   UCX  ERROR cuCtxGetApiVersion(ctx, &version) failed: invalid device context
[1784039472.815049] [h200x8-01:185429:0]      cuda_iface.h:85   UCX  ERROR cuCtxGetApiVersion(ctx, &version) failed: invalid device context
[1784039472.815050] [h200x8-01:185429:0]      cuda_iface.h:85   UCX  ERROR cuCtxGetApiVersion(ctx, &version) failed: invalid device context
[1784039472.815052] [h200x8-01:185429:0]      cuda_iface.h:85   UCX  ERROR cuCtxGetApiVersion(ctx, &version) failed: invalid device context
[1784039472.815053] [h200x8-01:185429:0]      cuda_iface.h:85   UCX  ERROR cuCtxGetApiVersion(ctx, &version) failed: invalid device context
[1784039472.815054] [h200x8-01:185429:0]      cuda_iface.h:85   UCX  ERROR cuCtxGetApiVersion(ctx, &version) failed: invalid device context
[1784039472.815057] [h200x8-01:185429:0]      cuda_iface.h:85   UCX  ERROR cuCtxGetApiVersion(ctx, &version) failed: invalid device context
[1784039472.815058] [h200x8-01:185429:0]      cuda_iface.h:85   UCX  ERROR cuCtxGetApiVersion(ctx, &version) failed: invalid device context
[1784039472.815059] [h200x8-01:185429:0]      cuda_iface.h:85   UCX  ERROR cuCtxGetApiVersion(ctx, &version) failed: invalid device context
[1784039472.815062] [h200x8-01:185429:0]      cuda_iface.h:85   UCX  ERROR cuCtxGetApiVersion(ctx, &version) failed: invalid device context
[1784039472.815063] [h200x8-01:185429:0]      cuda_iface.h:85   UCX  ERROR cuCtxGetApiVersion(ctx, &version) failed: invalid device context
[1784039472.815064] [h200x8-01:185429:0]      cuda_iface.h:85   UCX  ERROR cuCtxGetApiVersion(ctx, &version) failed: invalid device context
[1784039472.815067] [h200x8-01:185429:0]      cuda_iface.h:85   UCX  ERROR cuCtxGetApiVersion(ctx, &version) failed: invalid device context
[1784039472.815068] [h200x8-01:185429:0]      cuda_iface.h:85   UCX  ERROR cuCtxGetApiVersion(ctx, &version) failed: invalid device context
[1784039472.815070] [h200x8-01:185429:0]      cuda_iface.h:85   UCX  ERROR cuCtxGetApiVersion(ctx, &version) failed: invalid device context
[1784039472.815073] [h200x8-01:185429:0]      cuda_iface.h:85   UCX  ERROR cuCtxGetApiVersion(ctx, &version) failed: invalid device context
[1784039472.815074] [h200x8-01:185429:0]      cuda_iface.h:85   UCX  ERROR cuCtxGetApiVersion(ctx, &version) failed: invalid device context
[1784039472.815076] [h200x8-01:185429:0]      cuda_iface.h:85   UCX  ERROR cuCtxGetApiVersion(ctx, &version) failed: invalid device context
[1784039472.815078] [h200x8-01:185429:0]      cuda_iface.h:85   UCX  ERROR cuCtxGetApiVersion(ctx, &version) failed: invalid device context
[1784039472.815079] [h200x8-01:185429:0]      cuda_iface.h:85   UCX  ERROR cuCtxGetApiVersion(ctx, &version) failed: invalid device context
[1784039472.815081] [h200x8-01:185429:0]      cuda_iface.h:85   UCX  ERROR cuCtxGetApiVersion(ctx, &version) failed: invalid device context
[1784039472.815083] [h200x8-01:185429:0]      cuda_iface.h:85   UCX  ERROR cuCtxGetApiVersion(ctx, &version) failed: invalid device context
[1784039472.815086] [h200x8-01:185429:0]      cuda_iface.h:85   UCX  ERROR cuCtxGetApiVersion(ctx, &version) failed: invalid device context
[1784039472.815088] [h200x8-01:185429:0]      cuda_iface.h:85   UCX  ERROR cuCtxGetApiVersion(ctx, &version) failed: invalid device context
[1784039472.815090] [h200x8-01:185429:0]      cuda_iface.h:85   UCX  ERROR cuCtxGetApiVersion(ctx, &version) failed: invalid device context
[1784039472.815092] [h200x8-01:185429:0]      cuda_iface.h:85   UCX  ERROR cuCtxGetApiVersion(ctx, &version) failed: invalid device context
[1784039472.815094] [h200x8-01:185429:0]      cuda_iface.h:85   UCX  ERROR cuCtxGetApiVersion(ctx, &versi18:0]      cuda_iface.h:85   UCX  ERROR cuCtxGetApiVersion(ctx, &version) failed: invalid device context
[1784039472.815251] [h200x8-01:185418:0]      cuda_iface.h:85   UCX  ERROR cuCtxGetApiVersion(ctx, &version) failed: invalid device context
[1784039472.815253] [h200x8-01:185418:0]      cuda_iface.h:85   UCX  ERROR cuCtxGetApiVersion(ctx, &version) failed: invalid device context
[1784039472.815254] [h200x8-01:185418:0]      cuda_iface.h:85   UCX  ERROR cuCtxGetApiVersion(ctx, &version) failed: invalid device context
[1784039472.815256] [h200x8-01:185418:0]      cuda_iface.h:85   UCX  ERROR cuCtxGetApiVersion(ctx, &version) failed: invalid device context
[1784039472.815257] [h200x8-01:185418:0]      cuda_iface.h:85   UCX  ERROR cuCtxGetApiVersion(ctx, &version) failed: invalid device context
[1784039472.815258] [h200x8-01:185418:0]      cuda_iface.h:85   UCX  ERROR cuCtxGetApiVersion(ctx, &version) failed: invalid device context
[1784039472.815260] [h200x8-01:185418:0]      cuda_iface.h:85   UCX  ERROR cuCtxGetApiVersion(ctx, &version) failed: invalid device context
[1784039472.815261] [h200x8-01:185418:0]      cuda_iface.h:85   UCX  ERROR cuCtxGetApiVersion(ctx, &version) failed: invalid device context
[1784039472.815263] [h200x8-01:185418:0]      cuda_iface.h:85   UCX  ERROR cuCtxGetApiVersion(ctx, &version) failed: invalid device context
[1784039472.815264] [h200x8-01:185418:0]      cuda_iface.h:85   UCX  ERROR cuCtxGetApiVersion(ctx, &version) failed: invalid device context
[1784039472.815266] [h200x8-01:185418:0]      cuda_iface.h:85   UCX  ERROR cuCtxGetApiVersion(ctx, &version) failed: invalid device context
[1784039472.815267] [h200x8-01:185418:0]      cuda_iface.h:85   UCX  ERROR cuCtxGetApiVersion(ctx, &version) failed: invalid device context
[1784039472.815268] [h200x8-01:185418:0]      cuda_iface.h:85   UCX  ERROR cuCtxGetApiVersion(ctx, &version) failed: invalid device context
[1784039472.815270] [h200x8-01:185418:0]      cuda_iface.h:85   UCX  ERROR cuCtxGetApiVersion(ctx, &version) failed: invalid device context
[1784039472.815271] [h200x8-01:185418:0]      cuda_iface.h:85   UCX  ERROR cuCtxGetApiVersion(ctx, &version) failed: invalid device context
[1784039472.815272] [h200x8-01:185418:0]      cuda_iface.h:85   UCX  ERROR cuCtxGetApiVersion(ctx, &version) failed: invalid device context
[1784039472.815273] [h200x8-01:185418:0]      cuda_iface.h:85   UCX  ERROR cuCtxGetApiVersion(ctx, &version) failed: invalid device context
[1784039472.815275] [h200x8-01:185418:0]      cuda_iface.h:85   UCX  ERROR cuCtxGetApiVersion(ctx, &version) failed: invalid device context
[1784039472.815276] [h200x8-01:185418:0]      cuda_iface.h:85   UCX  ERROR cuCtxGetApiVersion(ctx, &version) failed: invalid device context
[1784039472.815277] [h200x8-01:185418:0]      cuda_iface.h:85   UCX  ERROR cuCtxGetApiVersion(ctx, &version) failed: invalid device context
[1784039472.815279] [h200x8-01:185418:0]      cuda_iface.h:85   UCX  ERROR cuCtxGetApiVersion(ctx, &version) failed: invalid device context
[1784039472.815280] [h200x8-01:185418:0]      cuda_iface.h:85   UCX  ERROR cuCtxGetApiVersion(ctx, &version) failed: invalid device context
[1784039472.815281] [h200x8-01:185418:0]      cuda_iface.h:85   UCX  ERROR cuCtxGetApiVersion(ctx, &version) failed: invalid device context
[1784039472.815283] [h200x8-01:185418:0]      cuda_iface.h:85   UCX  ERROR cuCtxGetApiVersion(ctx, &version) failed: invalid device context
[1784039472.815284] [h200x8-01:185418:0]      cuda_iface.h:85   UCX  ERROR cuCtxGetApiVersion(ctx, &version) failed: invalid device context
[1784039472.815285] [h200x8-01:185418:0]      cuda_iface.h:85   UCX  ERROR cuCtxGetApiVersion(ctx, &version) failed: invalid device context
[1784039472.815287] [h200x8-01:185418:0]      cuda_iface.h:85   UCX  ERROR cuCtxGetApiVersion(ctx, &version) failed: invalid device context
[1784039472.815288] [h200x8-01:185418:0]      cuda_iface.h:85   UCX  ERROR cuCtxGetApiVersion(ctx, &version) failed: invalid device context
[1784039472.815289] [h200x8-01:185418:0]      cuda_iface.h:85   UCX  E6:0]      cuda_iface.h:85   UCX  ERROR cuCtxGetApiVersion(ctx, &version) failed: invalid device context
[1784039472.815462] [h200x8-01:185426:0]      cuda_iface.h:85   UCX  ERROR cuCtxGetApiVersion(ctx, &version) failed: invalid device context
[1784039472.815464] [h200x8-01:185426:0]      cuda_iface.h:85   UCX  ERROR cuCtxGetApiVersion(ctx, &version) failed: invalid device context
[1784039472.815467] [h200x8-01:185426:0]      cuda_iface.h:85   UCX  ERROR cuCtxGetApiVersion(ctx, &version) failed: invalid device context
[1784039472.815469] [h200x8-01:185426:0]      cuda_iface.h:85   UCX  ERROR cuCtxGetApiVersion(ctx, &version) failed: invalid device context
[1784039472.815471] [h200x8-01:185426:0]      cuda_iface.h:85   UCX  ERROR cuCtxGetApiVersion(ctx, &version) failed: invalid device context
[1784039472.815473] [h200x8-01:185426:0]      cuda_iface.h:85   UCX  ERROR cuCtxGetApiVersion(ctx, &version) failed: invalid device context
[1784039472.815476] [h200x8-01:185426:0]      cuda_iface.h:85   UCX  ERROR cuCtxGetApiVersion(ctx, &version) failed: invalid device context
[1784039472.815478] [h200x8-01:185426:0]      cuda_iface.h:85   UCX  ERROR cuCtxGetApiVersion(ctx, &version) failed: invalid device context
[1784039472.815481] [h200x8-01:185426:0]      cuda_iface.h:85   UCX  ERROR cuCtxGetApiVersion(ctx, &version) failed: invalid device context
[1784039472.815483] [h200x8-01:185426:0]      cuda_iface.h:85   UCX  ERROR cuCtxGetApiVersion(ctx, &version) failed: invalid device context
[1784039472.815485] [h200x8-01:185426:0]      cuda_iface.h:85   UCX  ERROR cuCtxGetApiVersion(ctx, &version) failed: invalid device context
[1784039472.815488] [h200x8-01:185426:0]      cuda_iface.h:85   UCX  ERROR cuCtxGetApiVersion(ctx, &version) failed: invalid device context
[1784039472.815491] [h200x8-01:185426:0]      cuda_iface.h:85   UCX  ERROR cuCtxGetApiVersion(ctx, &version) failed: invalid device context
[1784039472.815494] [h200x8-01:185426:0]      cuda_iface.h:85   UCX  ERROR cuCtxGetApiVersion(ctx, &version) failed: invalid device context
[1784039472.815497] [h200x8-01:185426:0]      cuda_iface.h:85   UCX  ERROR cuCtxGetApiVersion(ctx, &version) failed: invalid device context
[1784039472.815499] [h200x8-01:185426:0]      cuda_iface.h:85   UCX  ERROR cuCtxGetApiVersion(ctx, &version) failed: invalid device context
[1784039472.815502] [h200x8-01:185426:0]      cuda_iface.h:85   UCX  ERROR cuCtxGetApiVersion(ctx, &version) failed: invalid device context
[1784039472.815504] [h200x8-01:185426:0]      cuda_iface.h:85   UCX  ERROR cuCtxGetApiVersion(ctx, &version) failed: invalid device context
[1784039472.815508] [h200x8-01:185426:0]      cuda_iface.h:85   UCX  ERROR cuCtxGetApiVersion(ctx, &version) failed: invalid device context
[1784039472.815510] [h200x8-01:185426:0]      cuda_iface.h:85   UCX  ERROR cuCtxGetApiVersion(ctx, &version) failed: invalid device context
[1784039472.815513] [h200x8-01:185426:0]      cuda_iface.h:85   UCX  ERROR cuCtxGetApiVersion(ctx, &version) failed: invalid device context
[1784039472.815515] [h200x8-01:185426:0]      cuda_iface.h:85   UCX  ERROR cuCtxGetApiVersion(ctx, &version) failed: invalid device context
[1784039472.815516] [h200x8-01:185426:0]      cuda_iface.h:85   UCX  ERROR cuCtxGetApiVersion(ctx, &version) failed: invalid device context
[1784039472.815519] [h200x8-01:185426:0]      cuda_iface.h:85   UCX  ERROR cuCtxGetApiVersion(ctx, &version) failed: invalid device context
[1784039472.815521] [h200x8-01:185426:0]      cuda_iface.h:85   UCX  ERROR cuCtxGetApiVersion(ctx, &version) failed: invalid device context
[1784039472.815526] [h200x8-01:185426:0]      cuda_iface.h:85   UCX  ERROR cuCtxGetApiVersion(ctx, &version) failed: invalid device context
[1784039472.815527] [h200x8-01:185426:0]      cuda_iface.h:85   UCX  ERROR cuCtxGetApiVersion(ctx, &version) failed: invalid device context
[1784039472.815530] [h200x8-01:185426:0]      cuda_iface.h:85   UCX  ERROR cuCtxGetApiVersion(ctx, &version) failed: invalid device context
[1784039472.815533] [h200x8-01:185426:0]      cuda_iface.h:85   UCX  ERR19:0]      cuda_iface.h:85   UCX  ERROR cuCtxGetApiVersion(ctx, &version) failed: invalid device context
[1784039472.815343] [h200x8-01:185419:0]      cuda_iface.h:85   UCX  ERROR cuCtxGetApiVersion(ctx, &version) failed: invalid device context
[1784039472.815345] [h200x8-01:185419:0]      cuda_iface.h:85   UCX  ERROR cuCtxGetApiVersion(ctx, &version) failed: invalid device context
[1784039472.815348] [h200x8-01:185419:0]      cuda_iface.h:85   UCX  ERROR cuCtxGetApiVersion(ctx, &version) failed: invalid device context
[1784039472.815353] [h200x8-01:185419:0]      cuda_iface.h:85   UCX  ERROR cuCtxGetApiVersion(ctx, &version) failed: invalid device context
[1784039472.815355] [h200x8-01:185419:0]      cuda_iface.h:85   UCX  ERROR cuCtxGetApiVersion(ctx, &version) failed: invalid device context
[1784039472.815357] [h200x8-01:185419:0]      cuda_iface.h:85   UCX  ERROR cuCtxGetApiVersion(ctx, &version) failed: invalid device context
[1784039472.815360] [h200x8-01:185419:0]      cuda_iface.h:85   UCX  ERROR cuCtxGetApiVersion(ctx, &version) failed: invalid device context
[1784039472.815364] [h200x8-01:185419:0]      cuda_iface.h:85   UCX  ERROR cuCtxGetApiVersion(ctx, &version) failed: invalid device context
[1784039472.815365] [h200x8-01:185419:0]      cuda_iface.h:85   UCX  ERROR cuCtxGetApiVersion(ctx, &version) failed: invalid device context
[1784039472.815369] [h200x8-01:185419:0]      cuda_iface.h:85   UCX  ERROR cuCtxGetApiVersion(ctx, &version) failed: invalid device context
[1784039472.815372] [h200x8-01:185419:0]      cuda_iface.h:85   UCX  ERROR cuCtxGetApiVersion(ctx, &version) failed: invalid device context
[1784039472.815375] [h200x8-01:185419:0]      cuda_iface.h:85   UCX  ERROR cuCtxGetApiVersion(ctx, &version) failed: invalid device context
[1784039472.815379] [h200x8-01:185419:0]      cuda_iface.h:85   UCX  ERROR cuCtxGetApiVersion(ctx, &version) failed: invalid device context
[1784039472.815380] [h200x8-01:185419:0]      cuda_iface.h:85   UCX  ERROR cuCtxGetApiVersion(ctx, &version) failed: invalid device context
[1784039472.815384] [h200x8-01:185419:0]      cuda_iface.h:85   UCX  ERROR cuCtxGetApiVersion(ctx, &version) failed: invalid device context
[1784039472.815388] [h200x8-01:185419:0]      cuda_iface.h:85   UCX  ERROR cuCtxGetApiVersion(ctx, &version) failed: invalid device context
[1784039472.815392] [h200x8-01:185419:0]      cuda_iface.h:85   UCX  ERROR cuCtxGetApiVersion(ctx, &version) failed: invalid device context
[1784039472.815395] [h200x8-01:185419:0]      cuda_iface.h:85   UCX  ERROR cuCtxGetApiVersion(ctx, &version) failed: invalid device context
[1784039472.815400] [h200x8-01:185419:0]      cuda_iface.h:85   UCX  ERROR cuCtxGetApiVersion(ctx, &version) failed: invalid device context
[1784039472.815403] [h200x8-01:185419:0]      cuda_iface.h:85   UCX  ERROR cuCtxGetApiVersion(ctx, &version) failed: invalid device context
[1784039472.815406] [h200x8-01:185419:0]      cuda_iface.h:85   UCX  ERROR cuCtxGetApiVersion(ctx, &version) failed: invalid device context
[1784039472.815410] [h200x8-01:185419:0]      cuda_iface.h:85   UCX  ERROR cuCtxGetApiVersion(ctx, &version) failed: invalid device context
[1784039472.815414] [h200x8-01:185419:0]      cuda_iface.h:85   UCX  ERROR cuCtxGetApiVersion(ctx, &version) failed: invalid device context
[1784039472.815417] [h200x8-01:185419:0]      cuda_iface.h:85   UCX  ERROR cuCtxGetApiVersion(ctx, &version) failed: invalid device context
[1784039472.815421] [h200x8-01:185419:0]      cuda_iface.h:85   UCX  ERROR cuCtxGetApiVersion(ctx, &version) failed: invalid device context
[1784039472.815422] [h200x8-01:185419:0]      cuda_iface.h:85   UCX  ERROR cuCtxGetApiVersion(ctx, &version) failed: invalid device context
[1784039472.815425] [h200x8-01:185419:0]      cuda_iface.h:85   UCX  ERROR cuCtxGetApiVersion(ctx, &version) failed: invalid device context
[1784039472.815429] [h200x8-01:185419:0]      cuda_iface.h:85   UCX  ERROR cuCtxGetApiVersion(ctx, &version) failed: invalid device context
[1784039472.815433] [h200x8-01:185419:0]      cuda_iface.h:85   UCX  E20:0]      cuda_iface.h:85   UCX  ERROR cuCtxGetApiVersion(ctx, &version) failed: invalid device context
[1784039472.815309] [h200x8-01:185420:0]      cuda_iface.h:85   UCX  ERROR cuCtxGetApiVersion(ctx, &version) failed: invalid device context
[1784039472.815313] [h200x8-01:185420:0]      cuda_iface.h:85   UCX  ERROR cuCtxGetApiVersion(ctx, &version) failed: invalid device context
[1784039472.815316] [h200x8-01:185420:0]      cuda_iface.h:85   UCX  ERROR cuCtxGetApiVersion(ctx, &version) failed: invalid device context
[1784039472.815318] [h200x8-01:185420:0]      cuda_iface.h:85   UCX  ERROR cuCtxGetApiVersion(ctx, &version) failed: invalid device context
[1784039472.815320] [h200x8-01:185420:0]      cuda_iface.h:85   UCX  ERROR cuCtxGetApiVersion(ctx, &version) failed: invalid device context
[1784039472.815322] [h200x8-01:185420:0]      cuda_iface.h:85   UCX  ERROR cuCtxGetApiVersion(ctx, &version) failed: invalid device context
[1784039472.815324] [h200x8-01:185420:0]      cuda_iface.h:85   UCX  ERROR cuCtxGetApiVersion(ctx, &version) failed: invalid device context
[1784039472.815325] [h200x8-01:185420:0]      cuda_iface.h:85   UCX  ERROR cuCtxGetApiVersion(ctx, &version) failed: invalid device context
[1784039472.815327] [h200x8-01:185420:0]      cuda_iface.h:85   UCX  ERROR cuCtxGetApiVersion(ctx, &version) failed: invalid device context
[1784039472.815330] [h200x8-01:185420:0]      cuda_iface.h:85   UCX  ERROR cuCtxGetApiVersion(ctx, &version) failed: invalid device context
[1784039472.815331] [h200x8-01:185420:0]      cuda_iface.h:85   UCX  ERROR cuCtxGetApiVersion(ctx, &version) failed: invalid device context
[1784039472.815332] [h200x8-01:185420:0]      cuda_iface.h:85   UCX  ERROR cuCtxGetApiVersion(ctx, &version) failed: invalid device context
[1784039472.815334] [h200x8-01:185420:0]      cuda_iface.h:85   UCX  ERROR cuCtxGetApiVersion(ctx, &version) failed: invalid device context
[1784039472.815336] [h200x8-01:185420:0]      cuda_iface.h:85   UCX  ERROR cuCtxGetApiVersion(ctx, &version) failed: invalid device context
[1784039472.815339] [h200x8-01:185420:0]      cuda_iface.h:85   UCX  ERROR cuCtxGetApiVersion(ctx, &version) failed: invalid device context
[1784039472.815342] [h200x8-01:185420:0]      cuda_iface.h:85   UCX  ERROR cuCtxGetApiVersion(ctx, &version) failed: invalid device context
[1784039472.815343] [h200x8-01:185420:0]      cuda_iface.h:85   UCX  ERROR cuCtxGetApiVersion(ctx, &version) failed: invalid device context
[1784039472.815344] [h200x8-01:185420:0]      cuda_iface.h:85   UCX  ERROR cuCtxGetApiVersion(ctx, &version) failed: invalid device context
[1784039472.815347] [h200x8-01:185420:0]      cuda_iface.h:85   UCX  ERROR cuCtxGetApiVersion(ctx, &version) failed: invalid device context
[1784039472.815348] [h200x8-01:185420:0]      cuda_iface.h:85   UCX  ERROR cuCtxGetApiVersion(ctx, &version) failed: invalid device context
[1784039472.815350] [h200x8-01:185420:0]      cuda_iface.h:85   UCX  ERROR cuCtxGetApiVersion(ctx, &version) failed: invalid device context
[1784039472.815352] [h200x8-01:185420:0]      cuda_iface.h:85   UCX  ERROR cuCtxGetApiVersion(ctx, &version) failed: invalid device context
[1784039472.815355] [h200x8-01:185420:0]      cuda_iface.h:85   UCX  ERROR cuCtxGetApiVersion(ctx, &version) failed: invalid device context
[1784039472.815356] [h200x8-01:185420:0]      cuda_iface.h:85   UCX  ERROR cuCtxGetApiVersion(ctx, &version) failed: invalid device context
[1784039472.815358] [h200x8-01:185420:0]      cuda_iface.h:85   UCX  ERROR cuCtxGetApiVersion(ctx, &version) failed: invalid device context
[1784039472.815360] [h200x8-01:185420:0]      cuda_iface.h:85   UCX  ERROR cuCtxGetApiVersion(ctx, &version) failed: invalid device context
[1784039472.815362] [h200x8-01:185420:0]      cuda_iface.h:85   UCX  ERROR cuCtxGetApiVersion(ctx, &version) failed: invalid device context
[1784039472.815363] [h200x8-01:185420:0]      cuda_iface.h:85   UCX  ERROR cuCtxGetApiVersion(ctx, &version) failed: invalid device context
[1784039472.815366] [h200x8-01:185420:0]      cuda_iface.h:85   UCX  E1:0]      cuda_iface.h:85   UCX  ERROR cuCtxGetApiVersion(ctx, &version) failed: invalid device context
[1784039472.815357] [h200x8-01:185421:0]      cuda_iface.h:85   UCX  ERROR cuCtxGetApiVersion(ctx, &version) failed: invalid device context
[1784039472.815361] [h200x8-01:185421:0]      cuda_iface.h:85   UCX  ERROR cuCtxGetApiVersion(ctx, &version) failed: invalid device context
[1784039472.815364] [h200x8-01:185421:0]      cuda_iface.h:85   UCX  ERROR cuCtxGetApiVersion(ctx, &version) failed: invalid device context
[1784039472.815366] [h200x8-01:185421:0]      cuda_iface.h:85   UCX  ERROR cuCtxGetApiVersion(ctx, &version) failed: invalid device context
[1784039472.815369] [h200x8-01:185421:0]      cuda_iface.h:85   UCX  ERROR cuCtxGetApiVersion(ctx, &version) failed: invalid device context
[1784039472.815373] [h200x8-01:185421:0]      cuda_iface.h:85   UCX  ERROR cuCtxGetApiVersion(ctx, &version) failed: invalid device context
[1784039472.815377] [h200x8-01:185421:0]      cuda_iface.h:85   UCX  ERROR cuCtxGetApiVersion(ctx, &version) failed: invalid device context
[1784039472.815380] [h200x8-01:185421:0]      cuda_iface.h:85   UCX  ERROR cuCtxGetApiVersion(ctx, &version) failed: invalid device context
[1784039472.815382] [h200x8-01:185421:0]      cuda_iface.h:85   UCX  ERROR cuCtxGetApiVersion(ctx, &version) failed: invalid device context
[1784039472.815386] [h200x8-01:185421:0]      cuda_iface.h:85   UCX  ERROR cuCtxGetApiVersion(ctx, &version) failed: invalid device context
[1784039472.815390] [h200x8-01:185421:0]      cuda_iface.h:85   UCX  ERROR cuCtxGetApiVersion(ctx, &version) failed: invalid device context
[1784039472.815393] [h200x8-01:185421:0]      cuda_iface.h:85   UCX  ERROR cuCtxGetApiVersion(ctx, &version) failed: invalid device context
[1784039472.815397] [h200x8-01:185421:0]      cuda_iface.h:85   UCX  ERROR cuCtxGetApiVersion(ctx, &version) failed: invalid device context
[1784039472.815401] [h200x8-01:185421:0]      cuda_iface.h:85   UCX  ERROR cuCtxGetApiVersion(ctx, &version) failed: invalid device context
[1784039472.815404] [h200x8-01:185421:0]      cuda_iface.h:85   UCX  ERROR cuCtxGetApiVersion(ctx, &version) failed: invalid device context
[1784039472.815408] [h200x8-01:185421:0]      cuda_iface.h:85   UCX  ERROR cuCtxGetApiVersion(ctx, &version) failed: invalid device context
[1784039472.815411] [h200x8-01:185421:0]      cuda_iface.h:85   UCX  ERROR cuCtxGetApiVersion(ctx, &version) failed: invalid device context
[1784039472.815415] [h200x8-01:185421:0]      cuda_iface.h:85   UCX  ERROR cuCtxGetApiVersion(ctx, &version) failed: invalid device context
[1784039472.815416] [h200x8-01:185421:0]      cuda_iface.h:85   UCX  ERROR cuCtxGetApiVersion(ctx, &version) failed: invalid device context
[1784039472.815420] [h200x8-01:185421:0]      cuda_iface.h:85   UCX  ERROR cuCtxGetApiVersion(ctx, &version) failed: invalid device context
[1784039472.815423] [h200x8-01:185421:0]      cuda_iface.h:85   UCX  ERROR cuCtxGetApiVersion(ctx, &version) failed: invalid device context
[1784039472.815427] [h200x8-01:185421:0]      cuda_iface.h:85   UCX  ERROR cuCtxGetApiVersion(ctx, &version) failed: invalid device context
[1784039472.815431] [h200x8-01:185421:0]      cuda_iface.h:85   UCX  ERROR cuCtxGetApiVersion(ctx, &version) failed: invalid device context
[1784039472.815435] [h200x8-01:185421:0]      cuda_iface.h:85   UCX  ERROR cuCtxGetApiVersion(ctx, &version) failed: invalid device context
[1784039472.815438] [h200x8-01:185421:0]      cuda_iface.h:85   UCX  ERROR cuCtxGetApiVersion(ctx, &version) failed: invalid device context
[1784039472.815442] [h200x8-01:185421:0]      cuda_iface.h:85   UCX  ERROR cuCtxGetApiVersion(ctx, &version) failed: invalid device context
[1784039472.815446] [h200x8-01:185421:0]      cuda_iface.h:85   UCX  ERROR cuCtxGetApiVersion(ctx, &version) failed: invalid device context
[1784039472.815449] [h200x8-01:185421:0]      cuda_iface.h:85   UCX  ERROR cuCtxGetApiVersion(ctx, &version) failed: invalid device context
[1784039472.815453] [h200x8-01:185421:0]      cuda_iface.h:85   UCX  ER24:0]      cuda_iface.h:85   UCX  ERROR cuCtxGetApiVersion(ctx, &version) failed: invalid device context
[1784039472.815300] [h200x8-01:185424:0]      cuda_iface.h:85   UCX  ERROR cuCtxGetApiVersion(ctx, &version) failed: invalid device context
[1784039472.815301] [h200x8-01:185424:0]      cuda_iface.h:85   UCX  ERROR cuCtxGetApiVersion(ctx, &version) failed: invalid device context
[1784039472.815304] [h200x8-01:185424:0]      cuda_iface.h:85   UCX  ERROR cuCtxGetApiVersion(ctx, &version) failed: invalid device context
[1784039472.815309] [h200x8-01:185424:0]      cuda_iface.h:85   UCX  ERROR cuCtxGetApiVersion(ctx, &version) failed: invalid device context
[1784039472.815311] [h200x8-01:185424:0]      cuda_iface.h:85   UCX  ERROR cuCtxGetApiVersion(ctx, &version) failed: invalid device context
[1784039472.815314] [h200x8-01:185424:0]      cuda_iface.h:85   UCX  ERROR cuCtxGetApiVersion(ctx, &version) failed: invalid device context
[1784039472.815315] [h200x8-01:185424:0]      cuda_iface.h:85   UCX  ERROR cuCtxGetApiVersion(ctx, &version) failed: invalid device context
[1784039472.815319] [h200x8-01:185424:0]      cuda_iface.h:85   UCX  ERROR cuCtxGetApiVersion(ctx, &version) failed: invalid device context
[1784039472.815322] [h200x8-01:185424:0]      cuda_iface.h:85   UCX  ERROR cuCtxGetApiVersion(ctx, &version) failed: invalid device context
[1784039472.815324] [h200x8-01:185424:0]      cuda_iface.h:85   UCX  ERROR cuCtxGetApiVersion(ctx, &version) failed: invalid device context
[1784039472.815328] [h200x8-01:185424:0]      cuda_iface.h:85   UCX  ERROR cuCtxGetApiVersion(ctx, &version) failed: invalid device context
[1784039472.815330] [h200x8-01:185424:0]      cuda_iface.h:85   UCX  ERROR cuCtxGetApiVersion(ctx, &version) failed: invalid device context
[1784039472.815333] [h200x8-01:185424:0]      cuda_iface.h:85   UCX  ERROR cuCtxGetApiVersion(ctx, &version) failed: invalid device context
[1784039472.815337] [h200x8-01:185424:0]      cuda_iface.h:85   UCX  ERROR cuCtxGetApiVersion(ctx, &version) failed: invalid device context
[1784039472.815340] [h200x8-01:185424:0]      cuda_iface.h:85   UCX  ERROR cuCtxGetApiVersion(ctx, &version) failed: invalid device context
[1784039472.815344] [h200x8-01:185424:0]      cuda_iface.h:85   UCX  ERROR cuCtxGetApiVersion(ctx, &version) failed: invalid device context
[1784039472.815347] [h200x8-01:185424:0]      cuda_iface.h:85   UCX  ERROR cuCtxGetApiVersion(ctx, &version) failed: invalid device context
[1784039472.815351] [h200x8-01:185424:0]      cuda_iface.h:85   UCX  ERROR cuCtxGetApiVersion(ctx, &version) failed: invalid device context
[1784039472.815354] [h200x8-01:185424:0]      cuda_iface.h:85   UCX  ERROR cuCtxGetApiVersion(ctx, &version) failed: invalid device context
[1784039472.815357] [h200x8-01:185424:0]      cuda_iface.h:85   UCX  ERROR cuCtxGetApiVersion(ctx, &version) failed: invalid device context
[1784039472.815362] [h200x8-01:185424:0]      cuda_iface.h:85   UCX  ERROR cuCtxGetApiVersion(ctx, &version) failed: invalid device context
[1784039472.815366] [h200x8-01:185424:0]      cuda_iface.h:85   UCX  ERROR cuCtxGetApiVersion(ctx, &version) failed: invalid device context
[1784039472.815370] [h200x8-01:185424:0]      cuda_iface.h:85   UCX  ERROR cuCtxGetApiVersion(ctx, &version) failed: invalid device context
[1784039472.815373] [h200x8-01:185424:0]      cuda_iface.h:85   UCX  ERROR cuCtxGetApiVersion(ctx, &version) failed: invalid device context
[1784039472.815377] [h200x8-01:185424:0]      cuda_iface.h:85   UCX  ERROR cuCtxGetApiVersion(ctx, &version) failed: invalid device context
[1784039472.815381] [h200x8-01:185424:0]      cuda_iface.h:85   UCX  ERROR cuCtxGetApiVersion(ctx, &version) failed: invalid device context
[1784039472.815384] [h200x8-01:185424:0]      cuda_iface.h:85   UCX  ERROR cuCtxGetApiVersion(ctx, &version) failed: invalid device context
[1784039472.815388] [h200x8-01:185424:0]      cuda_iface.h:85   UCX  ERROR cuCtxGetApiVersion(ctx, &version) failed: invalid device context
[1784039472.815392] [h200x8-01:185424:0]      cuda_iface.h:85   UCX  E25:0]      cuda_iface.h:85   UCX  ERROR cuCtxGetApiVersion(ctx, &version) failed: invalid device context
[1784039472.815326] [h200x8-01:185425:0]      cuda_iface.h:85   UCX  ERROR cuCtxGetApiVersion(ctx, &version) failed: invalid device context
[1784039472.815330] [h200x8-01:185425:0]      cuda_iface.h:85   UCX  ERROR cuCtxGetApiVersion(ctx, &version) failed: invalid device context
[1784039472.815331] [h200x8-01:185425:0]      cuda_iface.h:85   UCX  ERROR cuCtxGetApiVersion(ctx, &version) failed: invalid device context
[1784039472.815335] [h200x8-01:185425:0]      cuda_iface.h:85   UCX  ERROR cuCtxGetApiVersion(ctx, &version) failed: invalid device context
[1784039472.815339] [h200x8-01:185425:0]      cuda_iface.h:85   UCX  ERROR cuCtxGetApiVersion(ctx, &version) failed: invalid device context
[1784039472.815341] [h200x8-01:185425:0]      cuda_iface.h:85   UCX  ERROR cuCtxGetApiVersion(ctx, &version) failed: invalid device context
[1784039472.815345] [h200x8-01:185425:0]      cuda_iface.h:85   UCX  ERROR cuCtxGetApiVersion(ctx, &version) failed: invalid device context
[1784039472.815347] [h200x8-01:185425:0]      cuda_iface.h:85   UCX  ERROR cuCtxGetApiVersion(ctx, &version) failed: invalid device context
[1784039472.815351] [h200x8-01:185425:0]      cuda_iface.h:85   UCX  ERROR cuCtxGetApiVersion(ctx, &version) failed: invalid device context
[1784039472.815355] [h200x8-01:185425:0]      cuda_iface.h:85   UCX  ERROR cuCtxGetApiVersion(ctx, &version) failed: invalid device context
[1784039472.815358] [h200x8-01:185425:0]      cuda_iface.h:85   UCX  ERROR cuCtxGetApiVersion(ctx, &version) failed: invalid device context
[1784039472.815363] [h200x8-01:185425:0]      cuda_iface.h:85   UCX  ERROR cuCtxGetApiVersion(ctx, &version) failed: invalid device context
[1784039472.815364] [h200x8-01:185425:0]      cuda_iface.h:85   UCX  ERROR cuCtxGetApiVersion(ctx, &version) failed: invalid device context
[1784039472.815367] [h200x8-01:185425:0]      cuda_iface.h:85   UCX  ERROR cuCtxGetApiVersion(ctx, &version) failed: invalid device context
[1784039472.815371] [h200x8-01:185425:0]      cuda_iface.h:85   UCX  ERROR cuCtxGetApiVersion(ctx, &version) failed: invalid device context
[1784039472.815375] [h200x8-01:185425:0]      cuda_iface.h:85   UCX  ERROR cuCtxGetApiVersion(ctx, &version) failed: invalid device context
[1784039472.815378] [h200x8-01:185425:0]      cuda_iface.h:85   UCX  ERROR cuCtxGetApiVersion(ctx, &version) failed: invalid device context
[1784039472.815381] [h200x8-01:185425:0]      cuda_iface.h:85   UCX  ERROR cuCtxGetApiVersion(ctx, &version) failed: invalid device context
[1784039472.815387] [h200x8-01:185425:0]      cuda_iface.h:85   UCX  ERROR cuCtxGetApiVersion(ctx, &version) failed: invalid device context
[1784039472.815391] [h200x8-01:185425:0]      cuda_iface.h:85   UCX  ERROR cuCtxGetApiVersion(ctx, &version) failed: invalid device context
[1784039472.815394] [h200x8-01:185425:0]      cuda_iface.h:85   UCX  ERROR cuCtxGetApiVersion(ctx, &version) failed: invalid device context
[1784039472.815397] [h200x8-01:185425:0]      cuda_iface.h:85   UCX  ERROR cuCtxGetApiVersion(ctx, &version) failed: invalid device context
[1784039472.815401] [h200x8-01:185425:0]      cuda_iface.h:85   UCX  ERROR cuCtxGetApiVersion(ctx, &version) failed: invalid device context
[1784039472.815405] [h200x8-01:185425:0]      cuda_iface.h:85   UCX  ERROR cuCtxGetApiVersion(ctx, &version) failed: invalid device context
[1784039472.815408] [h200x8-01:185425:0]      cuda_iface.h:85   UCX  ERROR cuCtxGetApiVersion(ctx, &version) failed: invalid device context
[1784039472.815413] [h200x8-01:185425:0]      cuda_iface.h:85   UCX  ERROR cuCtxGetApiVersion(ctx, &version) failed: invalid device context
[1784039472.815417] [h200x8-01:185425:0]      cuda_iface.h:85   UCX  ERROR cuCtxGetApiVersion(ctx, &version) failed: invalid device context
[1784039472.815420] [h200x8-01:185425:0]      cuda_iface.h:85   UCX  ERROR cuCtxGetApiVersion(ctx, &version) failed: invalid device context
[1784039472.815424] [h200x8-01:185425:0]      cuda_iface.h:85   UCX  ERROR cuCtxGetApiVersion(ctx, &version) failed: invalid device context
[1784039472.815395] [h200x8-01:185424:0]      cuda_iface.h:85   UCX  ERROR cuCtxGetApiVersion(ctx, &version) failed: invalid device context
[1784039472.815399] [h200x8-01:185424:0]      cuda_iface.h:85   UCX  ERROR cuCtxGetApiVersion(ctx, &version) failed: invalid device context
[1784039472.815402] [h200x8-01:185424:0]      cuda_iface.h:85   UCX  ERROR cuCtxGetApiVersion(ctx, &version) failed: invalid device context
[1784039472.815406] [h200x8-01:185424:0]      cuda_iface.h:85   UCX  ERROR cuCtxGetApiVersion(ctx, &version) failed: invalid device context
[1784039472.815409] [h200x8-01:185424:0]      cuda_iface.h:85   UCX  ERROR cuCtxGetApiVersion(ctx, &version) failed: invalid device context
[1784039472.815413] [h200x8-01:185424:0]      cuda_iface.h:85   UCX  ERROR cuCtxGetApiVersion(ctx, &version) failed: invalid device context
[1784039472.815415] [h200x8-01:185424:0]      cuda_iface.h:85   UCX  ERROR cuCtxGetApiVersion(ctx, &version) failed: invalid device context
[1784039472.815418] [h200x8-01:185424:0]      cuda_iface.h:85   UCX  ERROR cuCtxGetApiVersion(ctx, &version) failed: invalid device context
[1784039472.815422] [h200x8-01:185424:0]      cuda_iface.h:85   UCX  ERROR cuCtxGetApiVersion(ctx, &version) failed: invalid device context
[1784039472.815425] [h200x8-01:185424:0]      cuda_iface.h:85   UCX  ERROR cuCtxGetApiVersion(ctx, &version) failed: invalid device context
[1784039472.815429] [h200x8-01:185424:0]      cuda_iface.h:85   UCX  ERROR cuCtxGetApiVersion(ctx, &version) failed: invalid device context
[1784039472.815433] [h200x8-01:185424:0]      cuda_iface.h:85   UCX  ERROR cuCtxGetApiVersion(ctx, &version) failed: invalid device context
[1784039472.815436] [h200x8-01:185424:0]      cuda_iface.h:85   UCX  ERROR cuCtxGetApiVersion(ctx, &version) failed: invalid device context
[1784039472.815440] [h200x8-01:185424:0]      cuda_iface.h:85   UCX  ERROR cuCtxGetApiVersion(ctx, &version) failed: invalid device context
[1784039472.815444] [h200x8-01:185424:0]      cuda_iface.h:85   UCX  ERROR cuCtxGetApiVersion(ctx, &version) failed: invalid device context
[1784039472.815448] [h200x8-01:185424:0]      cuda_iface.h:85   UCX  ERROR cuCtxGetApiVersion(ctx, &version) failed: invalid device context
[1784039472.815452] [h200x8-01:185424:0]      cuda_iface.h:85   UCX  ERROR cuCtxGetApiVersion(ctx, &version) failed: invalid device context
[1784039472.815455] [h200x8-01:185424:0]      cuda_iface.h:85   UCX  ERROR cuCtxGetApiVersion(ctx, &version) failed: invalid device context
[1784039472.815459] [h200x8-01:185424:0]      cuda_iface.h:85   UCX  ERROR cuCtxGetApiVersion(ctx, &version) failed: invalid device context
[1784039472.815463] [h200x8-01:185424:0]      cuda_iface.h:85   UCX  ERROR cuCtxGetApiVersion(ctx, &version) failed: invalid device context
[1784039472.815467] [h200x8-01:185424:0]      cuda_iface.h:85   UCX  ERROR cuCtxGetApiVersion(ctx, &version) failed: invalid device context
[1784039472.815470] [h200x8-01:185424:0]      cuda_iface.h:85   UCX  ERROR cuCtxGetApiVersion(ctx, &version) failed: invalid device context
[1784039472.815474] [h200x8-01:185424:0]      cuda_iface.h:85   UCX  ERROR cuCtxGetApiVersion(ctx, &version) failed: invalid device context
[1784039472.815477] [h200x8-01:185424:0]      cuda_iface.h:85   UCX  ERROR cuCtxGetApiVersion(ctx, &version) failed: invalid device context
[1784039472.815481] [h200x8-01:185424:0]      cuda_iface.h:85   UCX  ERROR cuCtxGetApiVersion(ctx, &version) failed: invalid device context
[1784039472.815484] [h200x8-01:185424:0]      cuda_iface.h:85   UCX  ERROR cuCtxGetApiVersion(ctx, &version) failed: invalid device context
[1784039472.815485] [h200x8-01:185424:0]      cuda_iface.h:85   UCX  ERROR cuCtxGetApiVersion(ctx, &version) failed: invalid device context
[1784039472.815490] [h200x8-01:185424:0]      cuda_iface.h:85   UCX  ERROR cuCtxGetApiVersion(ctx, &version) failed: invalid device context
[1784039472.815491] [h200x8-01:185424:0]      cuda_iface.h:85   UCX  ERROR cuCtxGetApiVersion(ctx, &version) failed: invalid device context
[1784039472.815096] [h200x8-01:185429:0]      cuda_iface.h:85   UCX  ERROR cuCtxGetApiVersion(ctx, &version) failed: invalid device context
[1784039472.815099] [h200x8-01:185429:0]      cuda_iface.h:85   UCX  ERROR cuCtxGetApiVersion(ctx, &version) failed: invalid device context
[1784039472.815100] [h200x8-01:185429:0]      cuda_iface.h:85   UCX  ERROR cuCtxGetApiVersion(ctx, &version) failed: invalid device context
[1784039472.815103] [h200x8-01:185429:0]      cuda_iface.h:85   UCX  ERROR cuCtxGetApiVersion(ctx, &version) failed: invalid device context
[1784039472.815104] [h200x8-01:185429:0]      cuda_iface.h:85   UCX  ERROR cuCtxGetApiVersion(ctx, &version) failed: invalid device context
[1784039472.815107] [h200x8-01:185429:0]      cuda_iface.h:85   UCX  ERROR cuCtxGetApiVersion(ctx, &version) failed: invalid device context
[1784039472.815109] [h200x8-01:185429:0]      cuda_iface.h:85   UCX  ERROR cuCtxGetApiVersion(ctx, &version) failed: invalid device context
[1784039472.815111] [h200x8-01:185429:0]      cuda_iface.h:85   UCX  ERROR cuCtxGetApiVersion(ctx, &version) failed: invalid device context
[1784039472.815113] [h200x8-01:185429:0]      cuda_iface.h:85   UCX  ERROR cuCtxGetApiVersion(ctx, &version) failed: invalid device context
[1784039472.815116] [h200x8-01:185429:0]      cuda_iface.h:85   UCX  ERROR cuCtxGetApiVersion(ctx, &version) failed: invalid device context
[1784039472.815118] [h200x8-01:185429:0]      cuda_iface.h:85   UCX  ERROR cuCtxGetApiVersion(ctx, &version) failed: invalid device context
[1784039472.815120] [h200x8-01:185429:0]      cuda_iface.h:85   UCX  ERROR cuCtxGetApiVersion(ctx, &version) failed: invalid device context
[1784039472.815122] [h200x8-01:185429:0]      cuda_iface.h:85   UCX  ERROR cuCtxGetApiVersion(ctx, &version) failed: invalid device context
[1784039472.815124] [h200x8-01:185429:0]      cuda_iface.h:85   UCX  ERROR cuCtxGetApiVersion(ctx, &version) failed: invalid device context
[1784039472.815126] [h200x8-01:185429:0]      cuda_iface.h:85   UCX  ERROR cuCtxGetApiVersion(ctx, &version) failed: invalid device context
[1784039472.815128] [h200x8-01:185429:0]      cuda_iface.h:85   UCX  ERROR cuCtxGetApiVersion(ctx, &version) failed: invalid device context
[1784039472.815130] [h200x8-01:185429:0]      cuda_iface.h:85   UCX  ERROR cuCtxGetApiVersion(ctx, &version) failed: invalid device context
[1784039472.815131] [h200x8-01:185429:0]      cuda_iface.h:85   UCX  ERROR cuCtxGetApiVersion(ctx, &version) failed: invalid device context
[1784039472.815133] [h200x8-01:185429:0]      cuda_iface.h:85   UCX  ERROR cuCtxGetApiVersion(ctx, &version) failed: invalid device context
[1784039472.815135] [h200x8-01:185429:0]      cuda_iface.h:85   UCX  ERROR cuCtxGetApiVersion(ctx, &version) failed: invalid device context
[1784039472.815138] [h200x8-01:185429:0]      cuda_iface.h:85   UCX  ERROR cuCtxGetApiVersion(ctx, &version) failed: invalid device context
[1784039472.815140] [h200x8-01:185429:0]      cuda_iface.h:85   UCX  ERROR cuCtxGetApiVersion(ctx, &version) failed: invalid device context
[1784039472.815142] [h200x8-01:185429:0]      cuda_iface.h:85   UCX  ERROR cuCtxGetApiVersion(ctx, &version) failed: invalid device context
[1784039472.815144] [h200x8-01:185429:0]      cuda_iface.h:85   UCX  ERROR cuCtxGetApiVersion(ctx, &version) failed: invalid device context
[1784039472.815146] [h200x8-01:185429:0]      cuda_iface.h:85   UCX  ERROR cuCtxGetApiVersion(ctx, &version) failed: invalid device context
[1784039472.815149] [h200x8-01:185429:0]      cuda_iface.h:85   UCX  ERROR cuCtxGetApiVersion(ctx, &version) failed: invalid device context
[1784039472.815151] [h200x8-01:185429:0]      cuda_iface.h:85   UCX  ERROR cuCtxGetApiVersion(ctx, &version) failed: invalid device context
[1784039472.815153] [h200x8-01:185429:0]      cuda_iface.h:85   UCX  ERROR cuCtxGetApiVersion(ctx, &version) failed: invalid device context
[1784039472.815154] [h200x8-01:185429:0]      cuda_iface.h:85   UCX  ERROR cuCtxGetApiVersion(ctx, &version) failed: invalid device context
RROR cuCtxGetApiVersion(ctx, &version) failed: invalid device context
[1784039472.815291] [h200x8-01:185418:0]      cuda_iface.h:85   UCX  ERROR cuCtxGetApiVersion(ctx, &version) failed: invalid device context
[1784039472.815292] [h200x8-01:185418:0]      cuda_iface.h:85   UCX  ERROR cuCtxGetApiVersion(ctx, &version) failed: invalid device context
[1784039472.815293] [h200x8-01:185418:0]      cuda_iface.h:85   UCX  ERROR cuCtxGetApiVersion(ctx, &version) failed: invalid device context
[1784039472.815295] [h200x8-01:185418:0]      cuda_iface.h:85   UCX  ERROR cuCtxGetApiVersion(ctx, &version) failed: invalid device context
[1784039472.815297] [h200x8-01:185418:0]      cuda_iface.h:85   UCX  ERROR cuCtxGetApiVersion(ctx, &version) failed: invalid device context
[1784039472.815299] [h200x8-01:185418:0]      cuda_iface.h:85   UCX  ERROR cuCtxGetApiVersion(ctx, &version) failed: invalid device context
[1784039472.815301] [h200x8-01:185418:0]      cuda_iface.h:85   UCX  ERROR cuCtxGetApiVersion(ctx, &version) failed: invalid device context
[1784039472.815302] [h200x8-01:185418:0]      cuda_iface.h:85   UCX  ERROR cuCtxGetApiVersion(ctx, &version) failed: invalid device context
[1784039472.815304] [h200x8-01:185418:0]      cuda_iface.h:85   UCX  ERROR cuCtxGetApiVersion(ctx, &version) failed: invalid device context
[1784039472.815305] [h200x8-01:185418:0]      cuda_iface.h:85   UCX  ERROR cuCtxGetApiVersion(ctx, &version) failed: invalid device context
[1784039472.815307] [h200x8-01:185418:0]      cuda_iface.h:85   UCX  ERROR cuCtxGetApiVersion(ctx, &version) failed: invalid device context
[1784039472.815309] [h200x8-01:185418:0]      cuda_iface.h:85   UCX  ERROR cuCtxGetApiVersion(ctx, &version) failed: invalid device context
[1784039472.815313] [h200x8-01:185418:0]      cuda_iface.h:85   UCX  ERROR cuCtxGetApiVersion(ctx, &version) failed: invalid device context
[1784039472.815316] [h200x8-01:185418:0]      cuda_iface.h:85   UCX  ERROR cuCtxGetApiVersion(ctx, &version) failed: invalid device context
[1784039472.815317] [h200x8-01:185418:0]      cuda_iface.h:85   UCX  ERROR cuCtxGetApiVersion(ctx, &version) failed: invalid device context
[1784039472.815319] [h200x8-01:185418:0]      cuda_iface.h:85   UCX  ERROR cuCtxGetApiVersion(ctx, &version) failed: invalid device context
[1784039472.815321] [h200x8-01:185418:0]      cuda_iface.h:85   UCX  ERROR cuCtxGetApiVersion(ctx, &version) failed: invalid device context
[1784039472.815324] [h200x8-01:185418:0]      cuda_iface.h:85   UCX  ERROR cuCtxGetApiVersion(ctx, &version) failed: invalid device context
[1784039472.815325] [h200x8-01:185418:0]      cuda_iface.h:85   UCX  ERROR cuCtxGetApiVersion(ctx, &version) failed: invalid device context
[1784039472.815327] [h200x8-01:185418:0]      cuda_iface.h:85   UCX  ERROR cuCtxGetApiVersion(ctx, &version) failed: invalid device context
[1784039472.815330] [h200x8-01:185418:0]      cuda_iface.h:85   UCX  ERROR cuCtxGetApiVersion(ctx, &version) failed: invalid device context
[1784039472.815331] [h200x8-01:185418:0]      cuda_iface.h:85   UCX  ERROR cuCtxGetApiVersion(ctx, &version) failed: invalid device context
[1784039472.815333] [h200x8-01:185418:0]      cuda_iface.h:85   UCX  ERROR cuCtxGetApiVersion(ctx, &version) failed: invalid device context
[1784039472.815334] [h200x8-01:185418:0]      cuda_iface.h:85   UCX  ERROR cuCtxGetApiVersion(ctx, &version) failed: invalid device context
[1784039472.815336] [h200x8-01:185418:0]      cuda_iface.h:85   UCX  ERROR cuCtxGetApiVersion(ctx, &version) failed: invalid device context
[1784039472.815339] [h200x8-01:185418:0]      cuda_iface.h:85   UCX  ERROR cuCtxGetApiVersion(ctx, &version) failed: invalid device context
[1784039472.815341] [h200x8-01:185418:0]      cuda_iface.h:85   UCX  ERROR cuCtxGetApiVersion(ctx, &version) failed: invalid device context
[1784039472.815342] [h200x8-01:185418:0]      cuda_iface.h:85   UCX  ERROR cuCtxGetApiVersion(ctx, &version) failed: invalid device context
[1784039472.815344] [h200x8-01:185418:0]      cuda_iface.h:85   UCX  ERROR cuCtxGetApiVersion(ctx, &versiOR cuCtxGetApiVersion(ctx, &version) failed: invalid device context
[1784039472.815534] [h200x8-01:185426:0]      cuda_iface.h:85   UCX  ERROR cuCtxGetApiVersion(ctx, &version) failed: invalid device context
[1784039472.815537] [h200x8-01:185426:0]      cuda_iface.h:85   UCX  ERROR cuCtxGetApiVersion(ctx, &version) failed: invalid device context
[1784039472.815539] [h200x8-01:185426:0]      cuda_iface.h:85   UCX  ERROR cuCtxGetApiVersion(ctx, &version) failed: invalid device context
[1784039472.815549] [h200x8-01:185426:0]      cuda_iface.h:85   UCX  ERROR cuCtxGetApiVersion(ctx, &version) failed: invalid device context
[1784039472.815551] [h200x8-01:185426:0]      cuda_iface.h:85   UCX  ERROR cuCtxGetApiVersion(ctx, &version) failed: invalid device context
[1784039472.815553] [h200x8-01:185426:0]      cuda_iface.h:85   UCX  ERROR cuCtxGetApiVersion(ctx, &version) failed: invalid device context
[1784039472.815555] [h200x8-01:185426:0]      cuda_iface.h:85   UCX  ERROR cuCtxGetApiVersion(ctx, &version) failed: invalid device context
[1784039472.815558] [h200x8-01:185426:0]      cuda_iface.h:85   UCX  ERROR cuCtxGetApiVersion(ctx, &version) failed: invalid device context
[1784039472.815559] [h200x8-01:185426:0]      cuda_iface.h:85   UCX  ERROR cuCtxGetApiVersion(ctx, &version) failed: invalid device context
[1784039472.815561] [h200x8-01:185426:0]      cuda_iface.h:85   UCX  ERROR cuCtxGetApiVersion(ctx, &version) failed: invalid device context
[1784039472.815564] [h200x8-01:185426:0]      cuda_iface.h:85   UCX  ERROR cuCtxGetApiVersion(ctx, &version) failed: invalid device context
[1784039472.815566] [h200x8-01:185426:0]      cuda_iface.h:85   UCX  ERROR cuCtxGetApiVersion(ctx, &version) failed: invalid device context
[1784039472.815567] [h200x8-01:185426:0]      cuda_iface.h:85   UCX  ERROR cuCtxGetApiVersion(ctx, &version) failed: invalid device context
[1784039472.815569] [h200x8-01:185426:0]      cuda_iface.h:85   UCX  ERROR cuCtxGetApiVersion(ctx, &version) failed: invalid device context
[1784039472.815570] [h200x8-01:185426:0]      cuda_iface.h:85   UCX  ERROR cuCtxGetApiVersion(ctx, &version) failed: invalid device context
[1784039472.815575] [h200x8-01:185426:0]      cuda_iface.h:85   UCX  ERROR cuCtxGetApiVersion(ctx, &version) failed: invalid device context
[1784039472.815578] [h200x8-01:185426:0]      cuda_iface.h:85   UCX  ERROR cuCtxGetApiVersion(ctx, &version) failed: invalid device context
[1784039472.815580] [h200x8-01:185426:0]      cuda_iface.h:85   UCX  ERROR cuCtxGetApiVersion(ctx, &version) failed: invalid device context
[1784039472.815582] [h200x8-01:185426:0]      cuda_iface.h:85   UCX  ERROR cuCtxGetApiVersion(ctx, &version) failed: invalid device context
[1784039472.815583] [h200x8-01:185426:0]      cuda_iface.h:85   UCX  ERROR cuCtxGetApiVersion(ctx, &version) failed: invalid device context
[1784039472.815586] [h200x8-01:185426:0]      cuda_iface.h:85   UCX  ERROR cuCtxGetApiVersion(ctx, &version) failed: invalid device context
[1784039472.815587] [h200x8-01:185426:0]      cuda_iface.h:85   UCX  ERROR cuCtxGetApiVersion(ctx, &version) failed: invalid device context
[1784039472.815589] [h200x8-01:185426:0]      cuda_iface.h:85   UCX  ERROR cuCtxGetApiVersion(ctx, &version) failed: invalid device context
[1784039472.815590] [h200x8-01:185426:0]      cuda_iface.h:85   UCX  ERROR cuCtxGetApiVersion(ctx, &version) failed: invalid device context
[1784039472.815592] [h200x8-01:185426:0]      cuda_iface.h:85   UCX  ERROR cuCtxGetApiVersion(ctx, &version) failed: invalid device context
[1784039472.815594] [h200x8-01:185426:0]      cuda_iface.h:85   UCX  ERROR cuCtxGetApiVersion(ctx, &version) failed: invalid device context
[1784039472.815595] [h200x8-01:185426:0]      cuda_iface.h:85   UCX  ERROR cuCtxGetApiVersion(ctx, &version) failed: invalid device context
[1784039472.815597] [h200x8-01:185426:0]      cuda_iface.h:85   UCX  ERROR cuCtxGetApiVersion(ctx, &version) failed: invalid device context
[1784039472.815599] [h200x8-01:185426:0]      cuda_iface.h:85   UCX  ERROR cuCtxGetApiVersion(ctx, &versionRROR cuCtxGetApiVersion(ctx, &version) failed: invalid device context
[1784039472.815437] [h200x8-01:185419:0]      cuda_iface.h:85   UCX  ERROR cuCtxGetApiVersion(ctx, &version) failed: invalid device context
[1784039472.815441] [h200x8-01:185419:0]      cuda_iface.h:85   UCX  ERROR cuCtxGetApiVersion(ctx, &version) failed: invalid device context
[1784039472.815444] [h200x8-01:185419:0]      cuda_iface.h:85   UCX  ERROR cuCtxGetApiVersion(ctx, &version) failed: invalid device context
[1784039472.815447] [h200x8-01:185419:0]      cuda_iface.h:85   UCX  ERROR cuCtxGetApiVersion(ctx, &version) failed: invalid device context
[1784039472.815451] [h200x8-01:185419:0]      cuda_iface.h:85   UCX  ERROR cuCtxGetApiVersion(ctx, &version) failed: invalid device context
[1784039472.815455] [h200x8-01:185419:0]      cuda_iface.h:85   UCX  ERROR cuCtxGetApiVersion(ctx, &version) failed: invalid device context
[1784039472.815458] [h200x8-01:185419:0]      cuda_iface.h:85   UCX  ERROR cuCtxGetApiVersion(ctx, &version) failed: invalid device context
[1784039472.815459] [h200x8-01:185419:0]      cuda_iface.h:85   UCX  ERROR cuCtxGetApiVersion(ctx, &version) failed: invalid device context
[1784039472.815463] [h200x8-01:185419:0]      cuda_iface.h:85   UCX  ERROR cuCtxGetApiVersion(ctx, &version) failed: invalid device context
[1784039472.815467] [h200x8-01:185419:0]      cuda_iface.h:85   UCX  ERROR cuCtxGetApiVersion(ctx, &version) failed: invalid device context
[1784039472.815470] [h200x8-01:185419:0]      cuda_iface.h:85   UCX  ERROR cuCtxGetApiVersion(ctx, &version) failed: invalid device context
[1784039472.815474] [h200x8-01:185419:0]      cuda_iface.h:85   UCX  ERROR cuCtxGetApiVersion(ctx, &version) failed: invalid device context
[1784039472.815478] [h200x8-01:185419:0]      cuda_iface.h:85   UCX  ERROR cuCtxGetApiVersion(ctx, &version) failed: invalid device context
[1784039472.815481] [h200x8-01:185419:0]      cuda_iface.h:85   UCX  ERROR cuCtxGetApiVersion(ctx, &version) failed: invalid device context
[1784039472.815485] [h200x8-01:185419:0]      cuda_iface.h:85   UCX  ERROR cuCtxGetApiVersion(ctx, &version) failed: invalid device context
[1784039472.815488] [h200x8-01:185419:0]      cuda_iface.h:85   UCX  ERROR cuCtxGetApiVersion(ctx, &version) failed: invalid device context
[1784039472.815490] [h200x8-01:185419:0]      cuda_iface.h:85   UCX  ERROR cuCtxGetApiVersion(ctx, &version) failed: invalid device context
[1784039472.815493] [h200x8-01:185419:0]      cuda_iface.h:85   UCX  ERROR cuCtxGetApiVersion(ctx, &version) failed: invalid device context
[1784039472.815497] [h200x8-01:185419:0]      cuda_iface.h:85   UCX  ERROR cuCtxGetApiVersion(ctx, &version) failed: invalid device context
[1784039472.815499] [h200x8-01:185419:0]      cuda_iface.h:85   UCX  ERROR cuCtxGetApiVersion(ctx, &version) failed: invalid device context
[1784039472.815501] [h200x8-01:185419:0]      cuda_iface.h:85   UCX  ERROR cuCtxGetApiVersion(ctx, &version) failed: invalid device context
[1784039472.815504] [h200x8-01:185419:0]      cuda_iface.h:85   UCX  ERROR cuCtxGetApiVersion(ctx, &version) failed: invalid device context
[1784039472.815508] [h200x8-01:185419:0]      cuda_iface.h:85   UCX  ERROR cuCtxGetApiVersion(ctx, &version) failed: invalid device context
[1784039472.815511] [h200x8-01:185419:0]      cuda_iface.h:85   UCX  ERROR cuCtxGetApiVersion(ctx, &version) failed: invalid device context
[1784039472.815515] [h200x8-01:185419:0]      cuda_iface.h:85   UCX  ERROR cuCtxGetApiVersion(ctx, &version) failed: invalid device context
[1784039472.815516] [h200x8-01:185419:0]      cuda_iface.h:85   UCX  ERROR cuCtxGetApiVersion(ctx, &version) failed: invalid device context
[1784039472.815520] [h200x8-01:185419:0]      cuda_iface.h:85   UCX  ERROR cuCtxGetApiVersion(ctx, &version) failed: invalid device context
[1784039472.815524] [h200x8-01:185419:0]      cuda_iface.h:85   UCX  ERROR cuCtxGetApiVersion(ctx, &version) failed: invalid device context
[1784039472.815527] [h200x8-01:185419:0]      cuda_iface.h:85   UCX  ERROR cuCtxGetApiVersion(ctx, &versiRROR cuCtxGetApiVersion(ctx, &version) failed: invalid device context
[1784039472.815367] [h200x8-01:185420:0]      cuda_iface.h:85   UCX  ERROR cuCtxGetApiVersion(ctx, &version) failed: invalid device context
[1784039472.815368] [h200x8-01:185420:0]      cuda_iface.h:85   UCX  ERROR cuCtxGetApiVersion(ctx, &version) failed: invalid device context
[1784039472.815371] [h200x8-01:185420:0]      cuda_iface.h:85   UCX  ERROR cuCtxGetApiVersion(ctx, &version) failed: invalid device context
[1784039472.815374] [h200x8-01:185420:0]      cuda_iface.h:85   UCX  ERROR cuCtxGetApiVersion(ctx, &version) failed: invalid device context
[1784039472.815376] [h200x8-01:185420:0]      cuda_iface.h:85   UCX  ERROR cuCtxGetApiVersion(ctx, &version) failed: invalid device context
[1784039472.815379] [h200x8-01:185420:0]      cuda_iface.h:85   UCX  ERROR cuCtxGetApiVersion(ctx, &version) failed: invalid device context
[1784039472.815381] [h200x8-01:185420:0]      cuda_iface.h:85   UCX  ERROR cuCtxGetApiVersion(ctx, &version) failed: invalid device context
[1784039472.815384] [h200x8-01:185420:0]      cuda_iface.h:85   UCX  ERROR cuCtxGetApiVersion(ctx, &version) failed: invalid device context
[1784039472.815385] [h200x8-01:185420:0]      cuda_iface.h:85   UCX  ERROR cuCtxGetApiVersion(ctx, &version) failed: invalid device context
[1784039472.815388] [h200x8-01:185420:0]      cuda_iface.h:85   UCX  ERROR cuCtxGetApiVersion(ctx, &version) failed: invalid device context
[1784039472.815390] [h200x8-01:185420:0]      cuda_iface.h:85   UCX  ERROR cuCtxGetApiVersion(ctx, &version) failed: invalid device context
[1784039472.815392] [h200x8-01:185420:0]      cuda_iface.h:85   UCX  ERROR cuCtxGetApiVersion(ctx, &version) failed: invalid device context
[1784039472.815397] [h200x8-01:185420:0]      cuda_iface.h:85   UCX  ERROR cuCtxGetApiVersion(ctx, &version) failed: invalid device context
[1784039472.815401] [h200x8-01:185420:0]      cuda_iface.h:85   UCX  ERROR cuCtxGetApiVersion(ctx, &version) failed: invalid device context
[1784039472.815404] [h200x8-01:185420:0]      cuda_iface.h:85   UCX  ERROR cuCtxGetApiVersion(ctx, &version) failed: invalid device context
[1784039472.815407] [h200x8-01:185420:0]      cuda_iface.h:85   UCX  ERROR cuCtxGetApiVersion(ctx, &version) failed: invalid device context
[1784039472.815412] [h200x8-01:185420:0]      cuda_iface.h:85   UCX  ERROR cuCtxGetApiVersion(ctx, &version) failed: invalid device context
[1784039472.815414] [h200x8-01:185420:0]      cuda_iface.h:85   UCX  ERROR cuCtxGetApiVersion(ctx, &version) failed: invalid device context
[1784039472.815417] [h200x8-01:185420:0]      cuda_iface.h:85   UCX  ERROR cuCtxGetApiVersion(ctx, &version) failed: invalid device context
[1784039472.815420] [h200x8-01:185420:0]      cuda_iface.h:85   UCX  ERROR cuCtxGetApiVersion(ctx, &version) failed: invalid device context
[1784039472.815423] [h200x8-01:185420:0]      cuda_iface.h:85   UCX  ERROR cuCtxGetApiVersion(ctx, &version) failed: invalid device context
[1784039472.815426] [h200x8-01:185420:0]      cuda_iface.h:85   UCX  ERROR cuCtxGetApiVersion(ctx, &version) failed: invalid device context
[1784039472.815429] [h200x8-01:185420:0]      cuda_iface.h:85   UCX  ERROR cuCtxGetApiVersion(ctx, &version) failed: invalid device context
[1784039472.815431] [h200x8-01:185420:0]      cuda_iface.h:85   UCX  ERROR cuCtxGetApiVersion(ctx, &version) failed: invalid device context
[1784039472.815434] [h200x8-01:185420:0]      cuda_iface.h:85   UCX  ERROR cuCtxGetApiVersion(ctx, &version) failed: invalid device context
[1784039472.815437] [h200x8-01:185420:0]      cuda_iface.h:85   UCX  ERROR cuCtxGetApiVersion(ctx, &version) failed: invalid device context
[1784039472.815440] [h200x8-01:185420:0]      cuda_iface.h:85   UCX  ERROR cuCtxGetApiVersion(ctx, &version) failed: invalid device context
[1784039472.815441] [h200x8-01:185420:0]      cuda_iface.h:85   UCX  ERROR cuCtxGetApiVersion(ctx, &version) failed: invalid device context
[1784039472.815444] [h200x8-01:185420:0]      cuda_iface.h:85   UCX  ERROR cuCtxGetApiVersion(ctx, &versiROR cuCtxGetApiVersion(ctx, &version) failed: invalid device context
[1784039472.815457] [h200x8-01:185421:0]      cuda_iface.h:85   UCX  ERROR cuCtxGetApiVersion(ctx, &version) failed: invalid device context
[1784039472.815460] [h200x8-01:185421:0]      cuda_iface.h:85   UCX  ERROR cuCtxGetApiVersion(ctx, &version) failed: invalid device context
[1784039472.815465] [h200x8-01:185421:0]      cuda_iface.h:85   UCX  ERROR cuCtxGetApiVersion(ctx, &version) failed: invalid device context
[1784039472.815469] [h200x8-01:185421:0]      cuda_iface.h:85   UCX  ERROR cuCtxGetApiVersion(ctx, &version) failed: invalid device context
[1784039472.815472] [h200x8-01:185421:0]      cuda_iface.h:85   UCX  ERROR cuCtxGetApiVersion(ctx, &version) failed: invalid device context
[1784039472.815476] [h200x8-01:185421:0]      cuda_iface.h:85   UCX  ERROR cuCtxGetApiVersion(ctx, &version) failed: invalid device context
[1784039472.815479] [h200x8-01:185421:0]      cuda_iface.h:85   UCX  ERROR cuCtxGetApiVersion(ctx, &version) failed: invalid device context
[1784039472.815483] [h200x8-01:185421:0]      cuda_iface.h:85   UCX  ERROR cuCtxGetApiVersion(ctx, &version) failed: invalid device context
[1784039472.815486] [h200x8-01:185421:0]      cuda_iface.h:85   UCX  ERROR cuCtxGetApiVersion(ctx, &version) failed: invalid device context
[1784039472.815490] [h200x8-01:185421:0]      cuda_iface.h:85   UCX  ERROR cuCtxGetApiVersion(ctx, &version) failed: invalid device context
[1784039472.815492] [h200x8-01:185421:0]      cuda_iface.h:85   UCX  ERROR cuCtxGetApiVersion(ctx, &version) failed: invalid device context
[1784039472.815495] [h200x8-01:185421:0]      cuda_iface.h:85   UCX  ERROR cuCtxGetApiVersion(ctx, &version) failed: invalid device context
[1784039472.815499] [h200x8-01:185421:0]      cuda_iface.h:85   UCX  ERROR cuCtxGetApiVersion(ctx, &version) failed: invalid device context
[1784039472.815502] [h200x8-01:185421:0]      cuda_iface.h:85   UCX  ERROR cuCtxGetApiVersion(ctx, &version) failed: invalid device context
[1784039472.815506] [h200x8-01:185421:0]      cuda_iface.h:85   UCX  ERROR cuCtxGetApiVersion(ctx, &version) failed: invalid device context
[1784039472.815509] [h200x8-01:185421:0]      cuda_iface.h:85   UCX  ERROR cuCtxGetApiVersion(ctx, &version) failed: invalid device context
[1784039472.815511] [h200x8-01:185421:0]      cuda_iface.h:85   UCX  ERROR cuCtxGetApiVersion(ctx, &version) failed: invalid device context
[1784039472.815514] [h200x8-01:185421:0]      cuda_iface.h:85   UCX  ERROR cuCtxGetApiVersion(ctx, &version) failed: invalid device context
[1784039472.815516] [h200x8-01:185421:0]      cuda_iface.h:85   UCX  ERROR cuCtxGetApiVersion(ctx, &version) failed: invalid device context
[1784039472.815519] [h200x8-01:185421:0]      cuda_iface.h:85   UCX  ERROR cuCtxGetApiVersion(ctx, &version) failed: invalid device context
[1784039472.815522] [h200x8-01:185421:0]      cuda_iface.h:85   UCX  ERROR cuCtxGetApiVersion(ctx, &version) failed: invalid device context
[1784039472.815526] [h200x8-01:185421:0]      cuda_iface.h:85   UCX  ERROR cuCtxGetApiVersion(ctx, &version) failed: invalid device context
[1784039472.815527] [h200x8-01:185421:0]      cuda_iface.h:85   UCX  ERROR cuCtxGetApiVersion(ctx, &version) failed: invalid device context
[1784039472.815531] [h200x8-01:185421:0]      cuda_iface.h:85   UCX  ERROR cuCtxGetApiVersion(ctx, &version) failed: invalid device context
[1784039472.815534] [h200x8-01:185421:0]      cuda_iface.h:85   UCX  ERROR cuCtxGetApiVersion(ctx, &version) failed: invalid device context
[1784039472.815538] [h200x8-01:185421:0]      cuda_iface.h:85   UCX  ERROR cuCtxGetApiVersion(ctx, &version) failed: invalid device context
[1784039472.815547] [h200x8-01:185421:0]      cuda_iface.h:85   UCX  ERROR cuCtxGetApiVersion(ctx, &version) failed: invalid device context
[1784039472.815548] [h200x8-01:185421:0]      cuda_iface.h:85   UCX  ERROR cuCtxGetApiVersion(ctx, &version) failed: invalid device context
[1784039472.815550] [h200x8-01:185421:0]      cuda_iface.h:85   UCX  ERROR cuCtxGetApiVersion(ctx, &versioRROR cuCtxGetApiVersion(ctx, &version) failed: invalid device context
[1784039472.815427] [h200x8-01:185425:0]      cuda_iface.h:85   UCX  ERROR cuCtxGetApiVersion(ctx, &version) failed: invalid device context
[1784039472.815431] [h200x8-01:185425:0]      cuda_iface.h:85   UCX  ERROR cuCtxGetApiVersion(ctx, &version) failed: invalid device context
[1784039472.815435] [h200x8-01:185425:0]      cuda_iface.h:85   UCX  ERROR cuCtxGetApiVersion(ctx, &version) failed: invalid device context
[1784039472.815439] [h200x8-01:185425:0]      cuda_iface.h:85   UCX  ERROR cuCtxGetApiVersion(ctx, &version) failed: invalid device context
[1784039472.815443] [h200x8-01:185425:0]      cuda_iface.h:85   UCX  ERROR cuCtxGetApiVersion(ctx, &version) failed: invalid device context
[1784039472.815446] [h200x8-01:185425:0]      cuda_iface.h:85   UCX  ERROR cuCtxGetApiVersion(ctx, &version) failed: invalid device context
[1784039472.815450] [h200x8-01:185425:0]      cuda_iface.h:85   UCX  ERROR cuCtxGetApiVersion(ctx, &version) failed: invalid device context
[1784039472.815453] [h200x8-01:185425:0]      cuda_iface.h:85   UCX  ERROR cuCtxGetApiVersion(ctx, &version) failed: invalid device context
[1784039472.815457] [h200x8-01:185425:0]      cuda_iface.h:85   UCX  ERROR cuCtxGetApiVersion(ctx, &version) failed: invalid device context
[1784039472.815461] [h200x8-01:185425:0]      cuda_iface.h:85   UCX  ERROR cuCtxGetApiVersion(ctx, &version) failed: invalid device context
[1784039472.815465] [h200x8-01:185425:0]      cuda_iface.h:85   UCX  ERROR cuCtxGetApiVersion(ctx, &version) failed: invalid device context
[1784039472.815469] [h200x8-01:185425:0]      cuda_iface.h:85   UCX  ERROR cuCtxGetApiVersion(ctx, &version) failed: invalid device context
[1784039472.815472] [h200x8-01:185425:0]      cuda_iface.h:85   UCX  ERROR cuCtxGetApiVersion(ctx, &version) failed: invalid device context
[1784039472.815476] [h200x8-01:185425:0]      cuda_iface.h:85   UCX  ERROR cuCtxGetApiVersion(ctx, &version) failed: invalid device context
[1784039472.815479] [h200x8-01:185425:0]      cuda_iface.h:85   UCX  ERROR cuCtxGetApiVersion(ctx, &version) failed: invalid device context
[1784039472.815483] [h200x8-01:185425:0]      cuda_iface.h:85   UCX  ERROR cuCtxGetApiVersion(ctx, &version) failed: invalid device context
[1784039472.815484] [h200x8-01:185425:0]      cuda_iface.h:85   UCX  ERROR cuCtxGetApiVersion(ctx, &version) failed: invalid device context
[1784039472.815488] [h200x8-01:185425:0]      cuda_iface.h:85   UCX  ERROR cuCtxGetApiVersion(ctx, &version) failed: invalid device context
[1784039472.815491] [h200x8-01:185425:0]      cuda_iface.h:85   UCX  ERROR cuCtxGetApiVersion(ctx, &version) failed: invalid device context
[1784039472.815493] [h200x8-01:185425:0]      cuda_iface.h:85   UCX  ERROR cuCtxGetApiVersion(ctx, &version) failed: invalid device context
[1784039472.815496] [h200x8-01:185425:0]      cuda_iface.h:85   UCX  ERROR cuCtxGetApiVersion(ctx, &version) failed: invalid device context
[1784039472.815499] [h200x8-01:185425:0]      cuda_iface.h:85   UCX  ERROR cuCtxGetApiVersion(ctx, &version) failed: invalid device context
[1784039472.815502] [h200x8-01:185425:0]      cuda_iface.h:85   UCX  ERROR cuCtxGetApiVersion(ctx, &version) failed: invalid device context
[1784039472.815506] [h200x8-01:185425:0]      cuda_iface.h:85   UCX  ERROR cuCtxGetApiVersion(ctx, &version) failed: invalid device context
[1784039472.815509] [h200x8-01:185425:0]      cuda_iface.h:85   UCX  ERROR cuCtxGetApiVersion(ctx, &version) failed: invalid device context
[1784039472.815511] [h200x8-01:185425:0]      cuda_iface.h:85   UCX  ERROR cuCtxGetApiVersion(ctx, &version) failed: invalid device context
[1784039472.815514] [h200x8-01:185425:0]      cuda_iface.h:85   UCX  ERROR cuCtxGetApiVersion(ctx, &version) failed: invalid device context
[1784039472.815517] [h200x8-01:185425:0]      cuda_iface.h:85   UCX  ERROR cuCtxGetApiVersion(ctx, &version) failed: invalid device context
[1784039472.815520] [h200x8-01:185425:0]      cuda_iface.h:85   UCX  ERROR cuCtxGetApiVersion(ctx, &versin) failed: invalid device context
[1784039472.815552] [h200x8-01:185421:0]      cuda_iface.h:85   UCX  ERROR cuCtxGetApiVersion(ctx, &version) failed: invalid device context
[1784039472.815555] [h200x8-01:185421:0]      cuda_iface.h:85   UCX  ERROR cuCtxGetApiVersion(ctx, &version) failed: invalid device context
[1784039472.815557] [h200x8-01:185421:0]      cuda_iface.h:85   UCX  ERROR cuCtxGetApiVersion(ctx, &version) failed: invalid device context
[1784039472.815559] [h200x8-01:185421:0]      cuda_iface.h:85   UCX  ERROR cuCtxGetApiVersion(ctx, &version) failed: invalid device context
[1784039472.815560] [h200x8-01:185421:0]      cuda_iface.h:85   UCX  ERROR cuCtxGetApiVersion(ctx, &version) failed: invalid device context
[1784039472.815562] [h200x8-01:185421:0]      cuda_iface.h:85   UCX  ERROR cuCtxGetApiVersion(ctx, &version) failed: invalid device context
[1784039472.815564] [h200x8-01:185421:0]      cuda_iface.h:85   UCX  ERROR cuCtxGetApiVersion(ctx, &version) failed: invalid device context
[1784039472.815566] [h200x8-01:185421:0]      cuda_iface.h:85   UCX  ERROR cuCtxGetApiVersion(ctx, &version) failed: invalid device context
[1784039472.815567] [h200x8-01:185421:0]      cuda_iface.h:85   UCX  ERROR cuCtxGetApiVersion(ctx, &version) failed: invalid device context
[1784039472.815572] [h200x8-01:185421:0]      cuda_iface.h:85   UCX  ERROR cuCtxGetApiVersion(ctx, &version) failed: invalid device context
[1784039472.815575] [h200x8-01:185421:0]      cuda_iface.h:85   UCX  ERROR cuCtxGetApiVersion(ctx, &version) failed: invalid device context
[1784039472.815576] [h200x8-01:185421:0]      cuda_iface.h:85   UCX  ERROR cuCtxGetApiVersion(ctx, &version) failed: invalid device context
[1784039472.815580] [h200x8-01:185421:0]      cuda_iface.h:85   UCX  ERROR cuCtxGetApiVersion(ctx, &version) failed: invalid device context
[1784039472.815583] [h200x8-01:185421:0]      cuda_iface.h:85   UCX  ERROR cuCtxGetApiVersion(ctx, &version) failed: invalid device context
[1784039472.815587] [h200x8-01:185421:0]      cuda_iface.h:85   UCX  ERROR cuCtxGetApiVersion(ctx, &version) failed: invalid device context
[1784039472.815590] [h200x8-01:185421:0]      cuda_iface.h:85   UCX  ERROR cuCtxGetApiVersion(ctx, &version) failed: invalid device context
[1784039472.815593] [h200x8-01:185421:0]      cuda_iface.h:85   UCX  ERROR cuCtxGetApiVersion(ctx, &version) failed: invalid device context
[1784039472.815596] [h200x8-01:185421:0]      cuda_iface.h:85   UCX  ERROR cuCtxGetApiVersion(ctx, &version) failed: invalid device context
[1784039472.815597] [h200x8-01:185421:0]      cuda_iface.h:85   UCX  ERROR cuCtxGetApiVersion(ctx, &version) failed: invalid device context
[1784039472.815598] [h200x8-01:185421:0]      cuda_iface.h:85   UCX  ERROR cuCtxGetApiVersion(ctx, &version) failed: invalid device context
[1784039472.815600] [h200x8-01:185421:0]      cuda_iface.h:85   UCX  ERROR cuCtxGetApiVersion(ctx, &version) failed: invalid device context
[1784039472.815603] [h200x8-01:185421:0]      cuda_iface.h:85   UCX  ERROR cuCtxGetApiVersion(ctx, &version) failed: invalid device context
[1784039472.815604] [h200x8-01:185421:0]      cuda_iface.h:85   UCX  ERROR cuCtxGetApiVersion(ctx, &version) failed: invalid device context
[1784039472.815605] [h200x8-01:185421:0]      cuda_iface.h:85   UCX  ERROR cuCtxGetApiVersion(ctx, &version) failed: invalid device context
[1784039472.815608] [h200x8-01:185421:0]      cuda_iface.h:85   UCX  ERROR cuCtxGetApiVersion(ctx, &version) failed: invalid device context
[1784039472.815609] [h200x8-01:185421:0]      cuda_iface.h:85   UCX  ERROR cuCtxGetApiVersion(ctx, &version) failed: invalid device context
[1784039472.815612] [h200x8-01:185421:0]      cuda_iface.h:85   UCX  ERROR cuCtxGetApiVersion(ctx, &version) failed: invalid device context
[1784039472.815615] [h200x8-01:185421:0]      cuda_iface.h:85   UCX  ERROR cuCtxGetApiVersion(ctx, &version) failed: invalid device context
[1784039472.815619] [h200x8-01:185421:0]      cuda_iface.h:85   UCX  ERROR cuCtxGetApiVersion(ctx, &version) failed: invalid device context
[on) failed: invalid device context
[1784039472.815494] [h200x8-01:185424:0]      cuda_iface.h:85   UCX  ERROR cuCtxGetApiVersion(ctx, &version) failed: invalid device context
[1784039472.815497] [h200x8-01:185424:0]      cuda_iface.h:85   UCX  ERROR cuCtxGetApiVersion(ctx, &version) failed: invalid device context
[1784039472.815500] [h200x8-01:185424:0]      cuda_iface.h:85   UCX  ERROR cuCtxGetApiVersion(ctx, &version) failed: invalid device context
[1784039472.815504] [h200x8-01:185424:0]      cuda_iface.h:85   UCX  ERROR cuCtxGetApiVersion(ctx, &version) failed: invalid device context
[1784039472.815507] [h200x8-01:185424:0]      cuda_iface.h:85   UCX  ERROR cuCtxGetApiVersion(ctx, &version) failed: invalid device context
[1784039472.815510] [h200x8-01:185424:0]      cuda_iface.h:85   UCX  ERROR cuCtxGetApiVersion(ctx, &version) failed: invalid device context
[1784039472.815512] [h200x8-01:185424:0]      cuda_iface.h:85   UCX  ERROR cuCtxGetApiVersion(ctx, &version) failed: invalid device context
[1784039472.815516] [h200x8-01:185424:0]      cuda_iface.h:85   UCX  ERROR cuCtxGetApiVersion(ctx, &version) failed: invalid device context
[1784039472.815517] [h200x8-01:185424:0]      cuda_iface.h:85   UCX  ERROR cuCtxGetApiVersion(ctx, &version) failed: invalid device context
[1784039472.815521] [h200x8-01:185424:0]      cuda_iface.h:85   UCX  ERROR cuCtxGetApiVersion(ctx, &version) failed: invalid device context
[1784039472.815524] [h200x8-01:185424:0]      cuda_iface.h:85   UCX  ERROR cuCtxGetApiVersion(ctx, &version) failed: invalid device context
[1784039472.815526] [h200x8-01:185424:0]      cuda_iface.h:85   UCX  ERROR cuCtxGetApiVersion(ctx, &version) failed: invalid device context
[1784039472.815529] [h200x8-01:185424:0]      cuda_iface.h:85   UCX  ERROR cuCtxGetApiVersion(ctx, &version) failed: invalid device context
[1784039472.815533] [h200x8-01:185424:0]      cuda_iface.h:85   UCX  ERROR cuCtxGetApiVersion(ctx, &version) failed: invalid device context
[1784039472.815536] [h200x8-01:185424:0]      cuda_iface.h:85   UCX  ERROR cuCtxGetApiVersion(ctx, &version) failed: invalid device context
[1784039472.815540] [h200x8-01:185424:0]      cuda_iface.h:85   UCX  ERROR cuCtxGetApiVersion(ctx, &version) failed: invalid device context
[1784039472.815156] [h200x8-01:185429:0]      cuda_iface.h:85   UCX  ERROR cuCtxGetApiVersion(ctx, &version) failed: invalid device context
[1784039472.815158] [h200x8-01:185429:0]      cuda_iface.h:85   UCX  ERROR cuCtxGetApiVersion(ctx, &version) failed: invalid device context
[1784039472.815160] [h200x8-01:185429:0]      cuda_iface.h:85   UCX  ERROR cuCtxGetApiVersion(ctx, &version) failed: invalid device context
[1784039472.815162] [h200x8-01:185429:0]      cuda_iface.h:85   UCX  ERROR cuCtxGetApiVersion(ctx, &version) failed: invalid device context
[1784039472.815165] [h200x8-01:185429:0]      cuda_iface.h:85   UCX  ERROR cuCtxGetApiVersion(ctx, &version) failed: invalid device context
[1784039472.815255] [h200x8-01:185429:0]      cuda_iface.h:85   UCX  ERROR cuCtxGetApiVersion(ctx, &version) failed: invalid device context
[1784039472.815258] [h200x8-01:185429:0]      cuda_iface.h:85   UCX  ERROR cuCtxGetApiVersion(ctx, &version) failed: invalid device context
[1784039472.815262] [h200x8-01:185429:0]      cuda_iface.h:85   UCX  ERROR cuCtxGetApiVersion(ctx, &version) failed: invalid device context
[1784039472.815263] [h200x8-01:185429:0]      cuda_iface.h:85   UCX  ERROR cuCtxGetApiVersion(ctx, &version) failed: invalid device context
[1784039472.815266] [h200x8-01:185429:0]      cuda_iface.h:85   UCX  ERROR cuCtxGetApiVersion(ctx, &version) failed: invalid device context
[1784039472.815268] [h200x8-01:185429:0]      cuda_iface.h:85   UCX  ERROR cuCtxGetApiVersion(ctx, &version) failed: invalid device context
[1784039472.815271] [h200x8-01:185429:0]      cuda_iface.h:85   UCX  ERROR cuCtxGetApiVersion(ctx, &version) failed: invalid device context
on) failed: invalid device context
[1784039472.815346] [h200x8-01:185418:0]      cuda_iface.h:85   UCX  ERROR cuCtxGetApiVersion(ctx, &version) failed: invalid device context
[1784039472.815348] [h200x8-01:185418:0]      cuda_iface.h:85   UCX  ERROR cuCtxGetApiVersion(ctx, &version) failed: invalid device context
[1784039472.815349] [h200x8-01:185418:0]      cuda_iface.h:85   UCX  ERROR cuCtxGetApiVersion(ctx, &version) failed: invalid device context
[1784039472.815351] [h200x8-01:185418:0]      cuda_iface.h:85   UCX  ERROR cuCtxGetApiVersion(ctx, &version) failed: invalid device context
[1784039472.815352] [h200x8-01:185418:0]      cuda_iface.h:85   UCX  ERROR cuCtxGetApiVersion(ctx, &version) failed: invalid device context
[1784039472.815355] [h200x8-01:185418:0]      cuda_iface.h:85   UCX  ERROR cuCtxGetApiVersion(ctx, &version) failed: invalid device context
[1784039472.815356] [h200x8-01:185418:0]      cuda_iface.h:85   UCX  ERROR cuCtxGetApiVersion(ctx, &version) failed: invalid device context
[1784039472.815358] [h200x8-01:185418:0]      cuda_iface.h:85   UCX  ERROR cuCtxGetApiVersion(ctx, &version) failed: invalid device context
[1784039472.815360] [h200x8-01:185418:0]      cuda_iface.h:85   UCX  ERROR cuCtxGetApiVersion(ctx, &version) failed: invalid device context
[1784039472.815362] [h200x8-01:185418:0]      cuda_iface.h:85   UCX  ERROR cuCtxGetApiVersion(ctx, &version) failed: invalid device context
[1784039472.815363] [h200x8-01:185418:0]      cuda_iface.h:85   UCX  ERROR cuCtxGetApiVersion(ctx, &version) failed: invalid device context
[1784039472.815366] [h200x8-01:185418:0]      cuda_iface.h:85   UCX  ERROR cuCtxGetApiVersion(ctx, &version) failed: invalid device context
[1784039472.815367] [h200x8-01:185418:0]      cuda_iface.h:85   UCX  ERROR cuCtxGetApiVersion(ctx, &version) failed: invalid device context
[1784039472.815368] [h200x8-01:185418:0]      cuda_iface.h:85   UCX  ERROR cuCtxGetApiVersion(ctx, &version) failed: invalid device context
[1784039472.815371] [h200x8-01:185418:0]      cuda_iface.h:85   UCX  ERROR cuCtxGetApiVersion(ctx, &version) failed: invalid device context
[1784039472.815373] [h200x8-01:185418:0]      cuda_iface.h:85   UCX  ERROR cuCtxGetApiVersion(ctx, &version) failed: invalid device context
[1784039472.815376] [h200x8-01:185418:0]      cuda_iface.h:85   UCX  ERROR cuCtxGetApiVersion(ctx, &version) failed: invalid device context
[1784039472.815377] [h200x8-01:185418:0]      cuda_iface.h:85   UCX  ERROR cuCtxGetApiVersion(ctx, &version) failed: invalid device context
[1784039472.815379] [h200x8-01:185418:0]      cuda_iface.h:85   UCX  ERROR cuCtxGetApiVersion(ctx, &version) failed: invalid device context
[1784039472.815381] [h200x8-01:185418:0]      cuda_iface.h:85   UCX  ERROR cuCtxGetApiVersion(ctx, &version) failed: invalid device context
[1784039472.815383] [h200x8-01:185418:0]      cuda_iface.h:85   UCX  ERROR cuCtxGetApiVersion(ctx, &version) failed: invalid device context
[1784039472.815385] [h200x8-01:185418:0]      cuda_iface.h:85   UCX  ERROR cuCtxGetApiVersion(ctx, &version) failed: invalid device context
[1784039472.815387] [h200x8-01:185418:0]      cuda_iface.h:85   UCX  ERROR cuCtxGetApiVersion(ctx, &version) failed: invalid device context
[1784039472.815390] [h200x8-01:185418:0]      cuda_iface.h:85   UCX  ERROR cuCtxGetApiVersion(ctx, &version) failed: invalid device context
[1784039472.815392] [h200x8-01:185418:0]      cuda_iface.h:85   UCX  ERROR cuCtxGetApiVersion(ctx, &version) failed: invalid device context
[1784039472.815394] [h200x8-01:185418:0]      cuda_iface.h:85   UCX  ERROR cuCtxGetApiVersion(ctx, &version) failed: invalid device context
[1784039472.815395] [h200x8-01:185418:0]      cuda_iface.h:85   UCX  ERROR cuCtxGetApiVersion(ctx, &version) failed: invalid device context
[1784039472.815398] [h200x8-01:185418:0]      cuda_iface.h:85   UCX  ERROR cuCtxGetApiVersion(ctx, &version) failed: invalid device context
[1784039472.815402] [h200x8-01:185418:0]      cuda_iface.h:85   UCX  ERROR cuCtxGetApiVersion(ctx, &version) failed: invalid device context
) failed: invalid device context
[1784039472.815602] [h200x8-01:185426:0]      cuda_iface.h:85   UCX  ERROR cuCtxGetApiVersion(ctx, &version) failed: invalid device context
[1784039472.815604] [h200x8-01:185426:0]      cuda_iface.h:85   UCX  ERROR cuCtxGetApiVersion(ctx, &version) failed: invalid device context
[1784039472.815606] [h200x8-01:185426:0]      cuda_iface.h:85   UCX  ERROR cuCtxGetApiVersion(ctx, &version) failed: invalid device context
[1784039472.815608] [h200x8-01:185426:0]      cuda_iface.h:85   UCX  ERROR cuCtxGetApiVersion(ctx, &version) failed: invalid device context
[1784039472.815611] [h200x8-01:185426:0]      cuda_iface.h:85   UCX  ERROR cuCtxGetApiVersion(ctx, &version) failed: invalid device context
[1784039472.815613] [h200x8-01:185426:0]      cuda_iface.h:85   UCX  ERROR cuCtxGetApiVersion(ctx, &version) failed: invalid device context
[1784039472.815615] [h200x8-01:185426:0]      cuda_iface.h:85   UCX  ERROR cuCtxGetApiVersion(ctx, &version) failed: invalid device context
[1784039472.815616] [h200x8-01:185426:0]      cuda_iface.h:85   UCX  ERROR cuCtxGetApiVersion(ctx, &version) failed: invalid device context
[1784039472.815618] [h200x8-01:185426:0]      cuda_iface.h:85   UCX  ERROR cuCtxGetApiVersion(ctx, &version) failed: invalid device context
[1784039472.815621] [h200x8-01:185426:0]      cuda_iface.h:85   UCX  ERROR cuCtxGetApiVersion(ctx, &version) failed: invalid device context
[1784039472.815623] [h200x8-01:185426:0]      cuda_iface.h:85   UCX  ERROR cuCtxGetApiVersion(ctx, &version) failed: invalid device context
[1784039472.815625] [h200x8-01:185426:0]      cuda_iface.h:85   UCX  ERROR cuCtxGetApiVersion(ctx, &version) failed: invalid device context
[1784039472.815627] [h200x8-01:185426:0]      cuda_iface.h:85   UCX  ERROR cuCtxGetApiVersion(ctx, &version) failed: invalid device context
[1784039472.815628] [h200x8-01:185426:0]      cuda_iface.h:85   UCX  ERROR cuCtxGetApiVersion(ctx, &version) failed: invalid device context
[1784039472.815630] [h200x8-01:185426:0]      cuda_iface.h:85   UCX  ERROR cuCtxGetApiVersion(ctx, &version) failed: invalid device context
[1784039472.815632] [h200x8-01:185426:0]      cuda_iface.h:85   UCX  ERROR cuCtxGetApiVersion(ctx, &version) failed: invalid device context
[1784039472.815635] [h200x8-01:185426:0]      cuda_iface.h:85   UCX  ERROR cuCtxGetApiVersion(ctx, &version) failed: invalid device context
[1784039472.815637] [h200x8-01:185426:0]      cuda_iface.h:85   UCX  ERROR cuCtxGetApiVersion(ctx, &version) failed: invalid device context
[1784039472.815639] [h200x8-01:185426:0]      cuda_iface.h:85   UCX  ERROR cuCtxGetApiVersion(ctx, &version) failed: invalid device context
[1784039472.815641] [h200x8-01:185426:0]      cuda_iface.h:85   UCX  ERROR cuCtxGetApiVersion(ctx, &version) failed: invalid device context
[1784039472.815643] [h200x8-01:185426:0]      cuda_iface.h:85   UCX  ERROR cuCtxGetApiVersion(ctx, &version) failed: invalid device context
[1784039472.815645] [h200x8-01:185426:0]      cuda_iface.h:85   UCX  ERROR cuCtxGetApiVersion(ctx, &version) failed: invalid device context
[1784039472.815647] [h200x8-01:185426:0]      cuda_iface.h:85   UCX  ERROR cuCtxGetApiVersion(ctx, &version) failed: invalid device context
[1784039472.815649] [h200x8-01:185426:0]      cuda_iface.h:85   UCX  ERROR cuCtxGetApiVersion(ctx, &version) failed: invalid device context
[1784039472.815652] [h200x8-01:185426:0]      cuda_iface.h:85   UCX  ERROR cuCtxGetApiVersion(ctx, &version) failed: invalid device context
[1784039472.815654] [h200x8-01:185426:0]      cuda_iface.h:85   UCX  ERROR cuCtxGetApiVersion(ctx, &version) failed: invalid device context
[1784039472.815657] [h200x8-01:185426:0]      cuda_iface.h:85   UCX  ERROR cuCtxGetApiVersion(ctx, &version) failed: invalid device context
[1784039472.815658] [h200x8-01:185426:0]      cuda_iface.h:85   UCX  ERROR cuCtxGetApiVersion(ctx, &version) failed: invalid device context
[1784039472.815662] [h200x8-01:185426:0]      cuda_iface.h:85   UCX  ERROR cuCtxGetApiVersion(ctx, &version) failed: invalid device context
[1on) failed: invalid device context
[1784039472.815530] [h200x8-01:185419:0]      cuda_iface.h:85   UCX  ERROR cuCtxGetApiVersion(ctx, &version) failed: invalid device context
[1784039472.815533] [h200x8-01:185419:0]      cuda_iface.h:85   UCX  ERROR cuCtxGetApiVersion(ctx, &version) failed: invalid device context
[1784039472.815535] [h200x8-01:185419:0]      cuda_iface.h:85   UCX  ERROR cuCtxGetApiVersion(ctx, &version) failed: invalid device context
[1784039472.815539] [h200x8-01:185419:0]      cuda_iface.h:85   UCX  ERROR cuCtxGetApiVersion(ctx, &version) failed: invalid device context
[1784039472.815549] [h200x8-01:185419:0]      cuda_iface.h:85   UCX  ERROR cuCtxGetApiVersion(ctx, &version) failed: invalid device context
[1784039472.815550] [h200x8-01:185419:0]      cuda_iface.h:85   UCX  ERROR cuCtxGetApiVersion(ctx, &version) failed: invalid device context
[1784039472.815552] [h200x8-01:185419:0]      cuda_iface.h:85   UCX  ERROR cuCtxGetApiVersion(ctx, &version) failed: invalid device context
[1784039472.815554] [h200x8-01:185419:0]      cuda_iface.h:85   UCX  ERROR cuCtxGetApiVersion(ctx, &version) failed: invalid device context
[1784039472.815561] [h200x8-01:185419:0]      cuda_iface.h:85   UCX  ERROR cuCtxGetApiVersion(ctx, &version) failed: invalid device context
[1784039472.815563] [h200x8-01:185419:0]      cuda_iface.h:85   UCX  ERROR cuCtxGetApiVersion(ctx, &version) failed: invalid device context
[1784039472.815565] [h200x8-01:185419:0]      cuda_iface.h:85   UCX  ERROR cuCtxGetApiVersion(ctx, &version) failed: invalid device context
[1784039472.815567] [h200x8-01:185419:0]      cuda_iface.h:85   UCX  ERROR cuCtxGetApiVersion(ctx, &version) failed: invalid device context
[1784039472.815571] [h200x8-01:185419:0]      cuda_iface.h:85   UCX  ERROR cuCtxGetApiVersion(ctx, &version) failed: invalid device context
[1784039472.815575] [h200x8-01:185419:0]      cuda_iface.h:85   UCX  ERROR cuCtxGetApiVersion(ctx, &version) failed: invalid device context
[1784039472.815578] [h200x8-01:185419:0]      cuda_iface.h:85   UCX  ERROR cuCtxGetApiVersion(ctx, &version) failed: invalid device context
[1784039472.815581] [h200x8-01:185419:0]      cuda_iface.h:85   UCX  ERROR cuCtxGetApiVersion(ctx, &version) failed: invalid device context
[1784039472.815584] [h200x8-01:185419:0]      cuda_iface.h:85   UCX  ERROR cuCtxGetApiVersion(ctx, &version) failed: invalid device context
[1784039472.815587] [h200x8-01:185419:0]      cuda_iface.h:85   UCX  ERROR cuCtxGetApiVersion(ctx, &version) failed: invalid device context
[1784039472.815590] [h200x8-01:185419:0]      cuda_iface.h:85   UCX  ERROR cuCtxGetApiVersion(ctx, &version) failed: invalid device context
[1784039472.815593] [h200x8-01:185419:0]      cuda_iface.h:85   UCX  ERROR cuCtxGetApiVersion(ctx, &version) failed: invalid device context
[1784039472.815596] [h200x8-01:185419:0]      cuda_iface.h:85   UCX  ERROR cuCtxGetApiVersion(ctx, &version) failed: invalid device context
[1784039472.815597] [h200x8-01:185419:0]      cuda_iface.h:85   UCX  ERROR cuCtxGetApiVersion(ctx, &version) failed: invalid device context
[1784039472.815599] [h200x8-01:185419:0]      cuda_iface.h:85   UCX  ERROR cuCtxGetApiVersion(ctx, &version) failed: invalid device context
[1784039472.815600] [h200x8-01:185419:0]      cuda_iface.h:85   UCX  ERROR cuCtxGetApiVersion(ctx, &version) failed: invalid device context
[1784039472.815603] [h200x8-01:185419:0]      cuda_iface.h:85   UCX  ERROR cuCtxGetApiVersion(ctx, &version) failed: invalid device context
[1784039472.815604] [h200x8-01:185419:0]      cuda_iface.h:85   UCX  ERROR cuCtxGetApiVersion(ctx, &version) failed: invalid device context
[1784039472.815606] [h200x8-01:185419:0]      cuda_iface.h:85   UCX  ERROR cuCtxGetApiVersion(ctx, &version) failed: invalid device context
[1784039472.815609] [h200x8-01:185419:0]      cuda_iface.h:85   UCX  ERROR cuCtxGetApiVersion(ctx, &version) failed: invalid device context
[1784039472.815611] [h200x8-01:185419:0]      cuda_iface.h:85   UCX  ERROR cuCtxGetApiVersion(ctx, &version) failed: invalid device context
on) failed: invalid device context
[1784039472.815448] [h200x8-01:185420:0]      cuda_iface.h:85   UCX  ERROR cuCtxGetApiVersion(ctx, &version) failed: invalid device context
[1784039472.815451] [h200x8-01:185420:0]      cuda_iface.h:85   UCX  ERROR cuCtxGetApiVersion(ctx, &version) failed: invalid device context
[1784039472.815453] [h200x8-01:185420:0]      cuda_iface.h:85   UCX  ERROR cuCtxGetApiVersion(ctx, &version) failed: invalid device context
[1784039472.815456] [h200x8-01:185420:0]      cuda_iface.h:85   UCX  ERROR cuCtxGetApiVersion(ctx, &version) failed: invalid device context
[1784039472.815458] [h200x8-01:185420:0]      cuda_iface.h:85   UCX  ERROR cuCtxGetApiVersion(ctx, &version) failed: invalid device context
[1784039472.815460] [h200x8-01:185420:0]      cuda_iface.h:85   UCX  ERROR cuCtxGetApiVersion(ctx, &version) failed: invalid device context
[1784039472.815462] [h200x8-01:185420:0]      cuda_iface.h:85   UCX  ERROR cuCtxGetApiVersion(ctx, &version) failed: invalid device context
[1784039472.815465] [h200x8-01:185420:0]      cuda_iface.h:85   UCX  ERROR cuCtxGetApiVersion(ctx, &version) failed: invalid device context
[1784039472.815468] [h200x8-01:185420:0]      cuda_iface.h:85   UCX  ERROR cuCtxGetApiVersion(ctx, &version) failed: invalid device context
[1784039472.815470] [h200x8-01:185420:0]      cuda_iface.h:85   UCX  ERROR cuCtxGetApiVersion(ctx, &version) failed: invalid device context
[1784039472.815472] [h200x8-01:185420:0]      cuda_iface.h:85   UCX  ERROR cuCtxGetApiVersion(ctx, &version) failed: invalid device context
[1784039472.815475] [h200x8-01:185420:0]      cuda_iface.h:85   UCX  ERROR cuCtxGetApiVersion(ctx, &version) failed: invalid device context
[1784039472.815477] [h200x8-01:185420:0]      cuda_iface.h:85   UCX  ERROR cuCtxGetApiVersion(ctx, &version) failed: invalid device context
[1784039472.815479] [h200x8-01:185420:0]      cuda_iface.h:85   UCX  ERROR cuCtxGetApiVersion(ctx, &version) failed: invalid device context
[1784039472.815481] [h200x8-01:185420:0]      cuda_iface.h:85   UCX  ERROR cuCtxGetApiVersion(ctx, &version) failed: invalid device context
[1784039472.815484] [h200x8-01:185420:0]      cuda_iface.h:85   UCX  ERROR cuCtxGetApiVersion(ctx, &version) failed: invalid device context
[1784039472.815486] [h200x8-01:185420:0]      cuda_iface.h:85   UCX  ERROR cuCtxGetApiVersion(ctx, &version) failed: invalid device context
[1784039472.815489] [h200x8-01:185420:0]      cuda_iface.h:85   UCX  ERROR cuCtxGetApiVersion(ctx, &version) failed: invalid device context
[1784039472.815492] [h200x8-01:185420:0]      cuda_iface.h:85   UCX  ERROR cuCtxGetApiVersion(ctx, &version) failed: invalid device context
[1784039472.815495] [h200x8-01:185420:0]      cuda_iface.h:85   UCX  ERROR cuCtxGetApiVersion(ctx, &version) failed: invalid device context
[1784039472.815497] [h200x8-01:185420:0]      cuda_iface.h:85   UCX  ERROR cuCtxGetApiVersion(ctx, &version) failed: invalid device context
[1784039472.815500] [h200x8-01:185420:0]      cuda_iface.h:85   UCX  ERROR cuCtxGetApiVersion(ctx, &version) failed: invalid device context
[1784039472.815501] [h200x8-01:185420:0]      cuda_iface.h:85   UCX  ERROR cuCtxGetApiVersion(ctx, &version) failed: invalid device context
[1784039472.815504] [h200x8-01:185420:0]      cuda_iface.h:85   UCX  ERROR cuCtxGetApiVersion(ctx, &version) failed: invalid device context
[1784039472.815507] [h200x8-01:185420:0]      cuda_iface.h:85   UCX  ERROR cuCtxGetApiVersion(ctx, &version) failed: invalid device context
[1784039472.815509] [h200x8-01:185420:0]      cuda_iface.h:85   UCX  ERROR cuCtxGetApiVersion(ctx, &version) failed: invalid device context
[1784039472.815512] [h200x8-01:185420:0]      cuda_iface.h:85   UCX  ERROR cuCtxGetApiVersion(ctx, &version) failed: invalid device context
[1784039472.815515] [h200x8-01:185420:0]      cuda_iface.h:85   UCX  ERROR cuCtxGetApiVersion(ctx, &version) failed: invalid device context
[1784039472.815516] [h200x8-01:185420:0]      cuda_iface.h:85   UCX  ERROR cuCtxGetApiVersion(ctx, &version) failed: invalid device context
on) failed: invalid device context
[1784039472.815524] [h200x8-01:185425:0]      cuda_iface.h:85   UCX  ERROR cuCtxGetApiVersion(ctx, &version) failed: invalid device context
[1784039472.815528] [h200x8-01:185425:0]      cuda_iface.h:85   UCX  ERROR cuCtxGetApiVersion(ctx, &version) failed: invalid device context
[1784039472.815530] [h200x8-01:185425:0]      cuda_iface.h:85   UCX  ERROR cuCtxGetApiVersion(ctx, &version) failed: invalid device context
[1784039472.815533] [h200x8-01:185425:0]      cuda_iface.h:85   UCX  ERROR cuCtxGetApiVersion(ctx, &version) failed: invalid device context
[1784039472.815536] [h200x8-01:185425:0]      cuda_iface.h:85   UCX  ERROR cuCtxGetApiVersion(ctx, &version) failed: invalid device context
[1784039472.815544] [h200x8-01:185425:0]      cuda_iface.h:85   UCX  ERROR cuCtxGetApiVersion(ctx, &version) failed: invalid device context
[1784039472.815547] [h200x8-01:185425:0]      cuda_iface.h:85   UCX  ERROR cuCtxGetApiVersion(ctx, &version) failed: invalid device context
[1784039472.815548] [h200x8-01:185425:0]      cuda_iface.h:85   UCX  ERROR cuCtxGetApiVersion(ctx, &version) failed: invalid device context
[1784039472.815550] [h200x8-01:185425:0]      cuda_iface.h:85   UCX  ERROR cuCtxGetApiVersion(ctx, &version) failed: invalid device context
[1784039472.815552] [h200x8-01:185425:0]      cuda_iface.h:85   UCX  ERROR cuCtxGetApiVersion(ctx, &version) failed: invalid device context
[1784039472.815555] [h200x8-01:185425:0]      cuda_iface.h:85   UCX  ERROR cuCtxGetApiVersion(ctx, &version) failed: invalid device context
[1784039472.815556] [h200x8-01:185425:0]      cuda_iface.h:85   UCX  ERROR cuCtxGetApiVersion(ctx, &version) failed: invalid device context
[1784039472.815562] [h200x8-01:185425:0]      cuda_iface.h:85   UCX  ERROR cuCtxGetApiVersion(ctx, &version) failed: invalid device context
[1784039472.815564] [h200x8-01:185425:0]      cuda_iface.h:85   UCX  ERROR cuCtxGetApiVersion(ctx, &version) failed: invalid device context
[1784039472.815566] [h200x8-01:185425:0]      cuda_iface.h:85   UCX  ERROR cuCtxGetApiVersion(ctx, &version) failed: invalid device context
[1784039472.815568] [h200x8-01:185425:0]      cuda_iface.h:85   UCX  ERROR cuCtxGetApiVersion(ctx, &version) failed: invalid device context
[1784039472.815569] [h200x8-01:185425:0]      cuda_iface.h:85   UCX  ERROR cuCtxGetApiVersion(ctx, &version) failed: invalid device context
[1784039472.815573] [h200x8-01:185425:0]      cuda_iface.h:85   UCX  ERROR cuCtxGetApiVersion(ctx, &version) failed: invalid device context
[1784039472.815576] [h200x8-01:185425:0]      cuda_iface.h:85   UCX  ERROR cuCtxGetApiVersion(ctx, &version) failed: invalid device context
[1784039472.815578] [h200x8-01:185425:0]      cuda_iface.h:85   UCX  ERROR cuCtxGetApiVersion(ctx, &version) failed: invalid device context
[1784039472.815582] [h200x8-01:185425:0]      cuda_iface.h:85   UCX  ERROR cuCtxGetApiVersion(ctx, &version) failed: invalid device context
[1784039472.815585] [h200x8-01:185425:0]      cuda_iface.h:85   UCX  ERROR cuCtxGetApiVersion(ctx, &version) failed: invalid device context
[1784039472.815588] [h200x8-01:185425:0]      cuda_iface.h:85   UCX  ERROR cuCtxGetApiVersion(ctx, &version) failed: invalid device context
[1784039472.815518] [h200x8-01:185420:0]      cuda_iface.h:85   UCX  ERROR cuCtxGetApiVersion(ctx, &version) failed: invalid device context
[1784039472.815521] [h200x8-01:185420:0]      cuda_iface.h:85   UCX  ERROR cuCtxGetApiVersion(ctx, &version) failed: invalid device context
[1784039472.815525] [h200x8-01:185420:0]      cuda_iface.h:85   UCX  ERROR cuCtxGetApiVersion(ctx, &version) failed: invalid device context
[1784039472.815527] [h200x8-01:185420:0]      cuda_iface.h:85   UCX  ERROR cuCtxGetApiVersion(ctx, &version) failed: invalid device context
[1784039472.815530] [h200x8-01:185420:0]      cuda_iface.h:85   UCX  ERROR cuCtxGetApiVersion(ctx, &version) failed: invalid device context
[1784039472.815636] [h200x8-01:185420:0]      cuda_iface.h:85   UCX  ERROR cuCtxGetApiVersion(ctx, &version) failed: invalid device context
[1784039472.815641] [h200x8-01:185420:0]      cuda_iface.h:85   UCX  ERROR cuCtxGetApiVersion(ctx, &version) failed: invalid device context
[1784039472.815648] [h200x8-01:185420:0]      cuda_iface.h:85   UCX  ERROR cuCtxGetApiVersion(ctx, &version) failed: invalid device context
[1784039472.815653] [h200x8-01:185420:0]      cuda_iface.h:85   UCX  ERROR cuCtxGetApiVersion(ctx, &version) failed: invalid device context
[1784039472.815657] [h200x8-01:185420:0]      cuda_iface.h:85   UCX  ERROR cuCtxGetApiVersion(ctx, &version) failed: invalid device context
[1784039472.815661] [h200x8-01:185420:0]      cuda_iface.h:85   UCX  ERROR cuCtxGetApiVersion(ctx, &version) failed: invalid device context
[1784039472.815665] [h200x8-01:185420:0]      cuda_iface.h:85   UCX  ERROR cuCtxGetApiVersion(ctx, &version) failed: invalid device context
1784039472.815621] [h200x8-01:185421:0]      cuda_iface.h:85   UCX  ERROR cuCtxGetApiVersion(ctx, &version) failed: invalid device context
[1784039472.815624] [h200x8-01:185421:0]      cuda_iface.h:85   UCX  ERROR cuCtxGetApiVersion(ctx, &version) failed: invalid device context
[1784039472.815626] [h200x8-01:185421:0]      cuda_iface.h:85   UCX  ERROR cuCtxGetApiVersion(ctx, &version) failed: invalid device context
[1784039472.815628] [h200x8-01:185421:0]      cuda_iface.h:85   UCX  ERROR cuCtxGetApiVersion(ctx, &version) failed: invalid device context
[1784039472.815629] [h200x8-01:185421:0]      cuda_iface.h:85   UCX  ERROR cuCtxGetApiVersion(ctx, &version) failed: invalid device context
[1784039472.815631] [h200x8-01:185421:0]      cuda_iface.h:85   UCX  ERROR cuCtxGetApiVersion(ctx, &version) failed: invalid device context
[1784039472.815633] [h200x8-01:185421:0]      cuda_iface.h:85   UCX  ERROR cuCtxGetApiVersion(ctx, &version) failed: invalid device context
[1784039472.815635] [h200x8-01:185421:0]      cuda_iface.h:85   UCX  ERROR cuCtxGetApiVersion(ctx, &version) failed: invalid device context
[1784039472.815637] [h200x8-01:185421:0]      cuda_iface.h:85   UCX  ERROR cuCtxGetApiVersion(ctx, &version) failed: invalid device context
[1784039472.815643] [h200x8-01:185421:0]      cuda_iface.h:85   UCX  ERROR cuCtxGetApiVersion(ctx, &version) failed: invalid device context
[1784039472.815644] [h200x8-01:185421:0]      cuda_iface.h:85   UCX  ERROR cuCtxGetApiVersion(ctx, &version) failed: invalid device context
[1784039472.815651] [h200x8-01:185421:0]      cuda_iface.h:85   UCX  ERROR cuCtxGetApiVersion(ctx, &version) failed: invalid device context
[1784039472.815405] [h200x8-01:185418:0]      cuda_iface.h:85   UCX  ERROR cuCtxGetApiVersion(ctx, &version) failed: invalid device context
[1784039472.815407] [h200x8-01:185418:0]      cuda_iface.h:85   UCX  ERROR cuCtxGetApiVersion(ctx, &version) failed: invalid device context
[1784039472.815412] [h200x8-01:185418:0]      cuda_iface.h:85   UCX  ERROR cuCtxGetApiVersion(ctx, &version) failed: invalid device context
[1784039472.815415] [h200x8-01:185418:0]      cuda_iface.h:85   UCX  ERROR cuCtxGetApiVersion(ctx, &version) failed: invalid device context
[1784039472.815418] [h200x8-01:185418:0]      cuda_iface.h:85   UCX  ERROR cuCtxGetApiVersion(ctx, &version) failed: invalid device context
[1784039472.815421] [h200x8-01:185418:0]      cuda_iface.h:85   UCX  ERROR cuCtxGetApiVersion(ctx, &version) failed: invalid device context
[1784039472.815425] [h200x8-01:185418:0]      cuda_iface.h:85   UCX  ERROR cuCtxGetApiVersion(ctx, &version) failed: invalid device context
[1784039472.815561] [h200x8-01:185418:0]      cuda_iface.h:85   UCX  ERROR cuCtxGetApiVersion(ctx, &version) failed: invalid device context
[1784039472.815564] [h200x8-01:185418:0]      cuda_iface.h:85   UCX  ERROR cuCtxGetApiVersion(ctx, &version) failed: invalid device context
[1784039472.815570] [h200x8-01:185418:0]      cuda_iface.h:85   UCX  ERROR cuCtxGetApiVersion(ctx, &version) failed: invalid device context
[1784039472.815574] [h200x8-01:185418:0]      cuda_iface.h:85   UCX  ERROR cuCtxGetApiVersion(ctx, &version) failed: invalid device context
[1784039472.815578] [h200x8-01:185418:0]      cuda_iface.h:85   UCX  ERROR cuCtxGetApiVersion(ctx, &version) failed: invalid device context
784039472.815664] [h200x8-01:185426:0]      cuda_iface.h:85   UCX  ERROR cuCtxGetApiVersion(ctx, &version) failed: invalid device context
[1784039472.815667] [h200x8-01:185426:0]      cuda_iface.h:85   UCX  ERROR cuCtxGetApiVersion(ctx, &version) failed: invalid device context
[1784039472.815669] [h200x8-01:185426:0]      cuda_iface.h:85   UCX  ERROR cuCtxGetApiVersion(ctx, &version) failed: invalid device context
[1784039472.815671] [h200x8-01:185426:0]      cuda_iface.h:85   UCX  ERROR cuCtxGetApiVersion(ctx, &version) failed: invalid device context
[1784039472.815673] [h200x8-01:185426:0]      cuda_iface.h:85   UCX  ERROR cuCtxGetApiVersion(ctx, &version) failed: invalid device context
[1784039472.815675] [h200x8-01:185426:0]      cuda_iface.h:85   UCX  ERROR cuCtxGetApiVersion(ctx, &version) failed: invalid device context
[1784039472.815677] [h200x8-01:185426:0]      cuda_iface.h:85   UCX  ERROR cuCtxGetApiVersion(ctx, &version) failed: invalid device context
[1784039472.815679] [h200x8-01:185426:0]      cuda_iface.h:85   UCX  ERROR cuCtxGetApiVersion(ctx, &version) failed: invalid device context
[1784039472.815682] [h200x8-01:185426:0]      cuda_iface.h:85   UCX  ERROR cuCtxGetApiVersion(ctx, &version) failed: invalid device context
[1784039472.815684] [h200x8-01:185426:0]      cuda_iface.h:85   UCX  ERROR cuCtxGetApiVersion(ctx, &version) failed: invalid device context
[1784039472.815688] [h200x8-01:185426:0]      cuda_iface.h:85   UCX  ERROR cuCtxGetApiVersion(ctx, &version) failed: invalid device context
[1784039472.815691] [h200x8-01:185426:0]      cuda_iface.h:85   UCX  ERROR cuCtxGetApiVersion(ctx, &version) failed: invalid device context
[1784039472.815614] [h200x8-01:185419:0]      cuda_iface.h:85   UCX  ERROR cuCtxGetApiVersion(ctx, &version) failed: invalid device context
[1784039472.815618] [h200x8-01:185419:0]      cuda_iface.h:85   UCX  ERROR cuCtxGetApiVersion(ctx, &version) failed: invalid device context
[1784039472.815620] [h200x8-01:185419:0]      cuda_iface.h:85   UCX  ERROR cuCtxGetApiVersion(ctx, &version) failed: invalid device context
[1784039472.815622] [h200x8-01:185419:0]      cuda_iface.h:85   UCX  ERROR cuCtxGetApiVersion(ctx, &version) failed: invalid device context
[1784039472.815624] [h200x8-01:185419:0]      cuda_iface.h:85   UCX  ERROR cuCtxGetApiVersion(ctx, &version) failed: invalid device context
[1784039472.815626] [h200x8-01:185419:0]      cuda_iface.h:85   UCX  ERROR cuCtxGetApiVersion(ctx, &version) failed: invalid device context
[1784039472.815627] [h200x8-01:185419:0]      cuda_iface.h:85   UCX  ERROR cuCtxGetApiVersion(ctx, &version) failed: invalid device context
[1784039472.815629] [h200x8-01:185419:0]      cuda_iface.h:85   UCX  ERROR cuCtxGetApiVersion(ctx, &version) failed: invalid device context
[1784039472.815630] [h200x8-01:185419:0]      cuda_iface.h:85   UCX  ERROR cuCtxGetApiVersion(ctx, &version) failed: invalid device context
[1784039472.815631] [h200x8-01:185419:0]      cuda_iface.h:85   UCX  ERROR cuCtxGetApiVersion(ctx, &version) failed: invalid device context
[1784039472.815633] [h200x8-01:185419:0]      cuda_iface.h:85   UCX  ERROR cuCtxGetApiVersion(ctx, &version) failed: invalid device context
[1784039472.815634] [h200x8-01:185419:0]      cuda_iface.h:85   UCX  ERROR cuCtxGetApiVersion(ctx, &version) failed: invalid device context
