Host h200x8-01 using GPU 4: NVIDIA H200 NVL
Host h200x8-01 using GPU 3: NVIDIA H200 NVL
Host h200x8-01 using GPU 1: NVIDIA H200 NVL
Host h200x8-01 using GPU 2: NVIDIA H200 NVL
Host h200x8-01 using GPU 7: NVIDIA H200 NVL
Host h200x8-01 using GPU 0: NVIDIA H200 NVL
Host h200x8-01 using GPU 5: NVIDIA H200 NVL
Host h200x8-01 using GPU 6: NVIDIA H200 NVL
Running until t=0.010000, Problem size=80x80x80
   Used Memory         =  950.2500 Mb
Run completed:  
   Problem size        =  80 
   MPI tasks           =  8 
   Iteration count     =  200 
   Final Origin Energy = 1.229699e+08 
   Testing Plane 0 of Energy Array on rank 0:
        MaxAbsDiff   = 1.583248e-08
        TotalAbsDiff = 1.103019e-07
        MaxRelDiff   = 5.558623e-11


Elapsed time         =       3.99 (s)
Grind time (us/z/c)  = 0.038954886 (per dom)  (0.0048693607 overall)
FOM                  =  205365.77 (z/s)

[1784039912.217711] [h200x8-01:187851:0]      cuda_iface.h:85   UCX  ERROR cuCtxGetApiVersion(ctx, &version) failed: invalid device context
[1784039912.217726] [h200x8-01:187851:0]      cuda_iface.h:85   UCX  ERROR cuCtxGetApiVersion(ctx, &version) failed: invalid device context
[1784039912.217728] [h200x8-01:187851:0]      cuda_iface.h:85   UCX  ERROR cuCtxGetApiVersion(ctx, &version) failed: invalid device context
[1784039912.217730] [h200x8-01:187851:0]      cuda_iface.h:85   UCX  ERROR cuCtxGetApiVersion(ctx, &version) failed: invalid device context
[1784039912.217731] [h200x8-01:187851:0]      cuda_iface.h:85   UCX  ERROR cuCtxGetApiVersion(ctx, &version) failed: invalid device context
[1784039912.217733] [h200x8-01:187851:0]      cuda_iface.h:85   UCX  ERROR cuCtxGetApiVersion(ctx, &version) failed: invalid device context
[1784039912.217734] [h200x8-01:187851:0]      cuda_iface.h:85   UCX  ERROR cuCtxGetApiVersion(ctx, &version) failed: invalid device context
[1784039912.217735] [h200x8-01:187851:0]      cuda_iface.h:85   UCX  ERROR cuCtxGetApiVersion(ctx, &version) failed: invalid device context
[1784039912.217737] [h200x8-01:187851:0]      cuda_iface.h:85   UCX  ERROR cuCtxGetApiVersion(ctx, &version) failed: invalid device context
[1784039912.217739] [h200x8-01:187851:0]      cuda_iface.h:85   UCX  ERROR cuCtxGetApiVersion(ctx, &version) failed: invalid device context
[1784039912.217740] [h200x8-01:187851:0]      cuda_iface.h:85   UCX  ERROR cuCtxGetApiVersion(ctx, &version) failed: invalid device context
[1784039912.217741] [h200x8-01:187851:0]      cuda_iface.h:85   UCX  ERROR cuCtxGetApiVersion(ctx, &version) failed: invalid device context
[1784039912.217743] [h200x8-01:187851:0]      cuda_iface.h:85   UCX  ERROR cuCtxGetApiVersion(ctx, &version) failed: invalid device context
[1784039912.217744] [h200x8-01:187851:0]      cuda_iface.h:85   UCX  ERROR cuCtxGetApiVersion(ctx, &version) failed: invalid device context
[1784039912.217745] [h200x8-01:187851:0]      cuda_iface.h:85   UCX  ERROR cuCtxGetApiVersion(ctx, &version) failed: invalid device context
[1784039912.217748] [h200x8-01:187851:0]      cuda_iface.h:85   UCX  ERROR cuCtxGetApiVersion(ctx, &version) failed: invalid device context
[1784039912.217750] [h200x8-01:187851:0]      cuda_iface.h:85   UCX  ERROR cuCtxGetApiVersion(ctx, &version) failed: invalid device context
[1784039912.217752] [h200x8-01:187851:0]      cuda_iface.h:85   UCX  ERROR cuCtxGetApiVersion(ctx, &version) failed: invalid device context
[1784039912.217754] [h200x8-01:187851:0]      cuda_iface.h:85   UCX  ERROR cuCtxGetApiVersion(ctx, &version) failed: invalid device context
[1784039912.217757] [h200x8-01:187851:0]      cuda_iface.h:85   UCX  ERROR cuCtxGetApiVersion(ctx, &version) failed: invalid device context
[1784039912.217758] [h200x8-01:187851:0]      cuda_iface.h:85   UCX  ERROR cuCtxGetApiVersion(ctx, &version) failed: invalid device context
[1784039912.217761] [h200x8-01:187851:0]      cuda_iface.h:85   UCX  ERROR cuCtxGetApiVersion(ctx, &version) failed: invalid device context
[1784039912.217762] [h200x8-01:187851:0]      cuda_iface.h:85   UCX  ERROR cuCtxGetApiVersion(ctx, &version) failed: invalid device context
[1784039912.217763] [h200x8-01:187851:0]      cuda_iface.h:85   UCX  ERROR cuCtxGetApiVersion(ctx, &version) failed: invalid device context
[1784039912.217766] [h200x8-01:187851:0]      cuda_iface.h:85   UCX  ERROR cuCtxGetApiVersion(ctx, &version) failed: invalid device context
[1784039912.217768] [h200x8-01:187851:0]      cuda_iface.h:85   UCX  ERROR cuCtxGetApiVersion(ctx, &version) failed: invalid device context
[1784039912.217770] [h200x8-01:187851:0]      cuda_iface.h:85   UCX  ERROR cuCtxGetApiVersion(ctx, &version) failed: invalid device context
[1784039912.217772] [h200x8-01:187851:0]      cuda_iface.h:85   UCX  ERROR cuCtxGetApiVersion(ctx, &version) failed: invalid device context
[1784039912.217775] [h200x8-01:187851:0]      cuda_iface.h:85   UCX  ERROR cuCtxGetApiVersion(ctx, &version) failed: invalid device context
[1784039912.217776] [h200x8-01:18785[1784039912.217604] [h200x8-01:187844:0]      cuda_iface.h:85   UCX  ERROR cuCtxGetApiVersion(ctx, &version) failed: invalid device context
[1784039912.217620] [h200x8-01:187844:0]      cuda_iface.h:85   UCX  ERROR cuCtxGetApiVersion(ctx, &version) failed: invalid device context
[1784039912.217622] [h200x8-01:187844:0]      cuda_iface.h:85   UCX  ERROR cuCtxGetApiVersion(ctx, &version) failed: invalid device context
[1784039912.217624] [h200x8-01:187844:0]      cuda_iface.h:85   UCX  ERROR cuCtxGetApiVersion(ctx, &version) failed: invalid device context
[1784039912.217626] [h200x8-01:187844:0]      cuda_iface.h:85   UCX  ERROR cuCtxGetApiVersion(ctx, &version) failed: invalid device context
[1784039912.217627] [h200x8-01:187844:0]      cuda_iface.h:85   UCX  ERROR cuCtxGetApiVersion(ctx, &version) failed: invalid device context
[1784039912.217628] [h200x8-01:187844:0]      cuda_iface.h:85   UCX  ERROR cuCtxGetApiVersion(ctx, &version) failed: invalid device context
[1784039912.217630] [h200x8-01:187844:0]      cuda_iface.h:85   UCX  ERROR cuCtxGetApiVersion(ctx, &version) failed: invalid device context
[1784039912.217631] [h200x8-01:187844:0]      cuda_iface.h:85   UCX  ERROR cuCtxGetApiVersion(ctx, &version) failed: invalid device context
[1784039912.217633] [h200x8-01:187844:0]      cuda_iface.h:85   UCX  ERROR cuCtxGetApiVersion(ctx, &version) failed: invalid device context
[1784039912.217634] [h200x8-01:187844:0]      cuda_iface.h:85   UCX  ERROR cuCtxGetApiVersion(ctx, &version) failed: invalid device context
[1784039912.217635] [h200x8-01:187844:0]      cuda_iface.h:85   UCX  ERROR cuCtxGetApiVersion(ctx, &version) failed: invalid device context
[1784039912.217637] [h200x8-01:187844:0]      cuda_iface.h:85   UCX  ERROR cuCtxGetApiVersion(ctx, &version) failed: invalid device context
[1784039912.217638] [h200x8-01:187844:0]      cuda_iface.h:85   UCX  ERROR cuCtxGetApiVersion(ctx, &version) failed: invalid device context
[1784039912.217640] [h200x8-01:187844:0]      cuda_iface.h:85   UCX  ERROR cuCtxGetApiVersion(ctx, &version) failed: invalid device context
[1784039912.217641] [h200x8-01:187844:0]      cuda_iface.h:85   UCX  ERROR cuCtxGetApiVersion(ctx, &version) failed: invalid device context
[1784039912.217643] [h200x8-01:187844:0]      cuda_iface.h:85   UCX  ERROR cuCtxGetApiVersion(ctx, &version) failed: invalid device context
[1784039912.217644] [h200x8-01:187844:0]      cuda_iface.h:85   UCX  ERROR cuCtxGetApiVersion(ctx, &version) failed: invalid device context
[1784039912.217646] [h200x8-01:187844:0]      cuda_iface.h:85   UCX  ERROR cuCtxGetApiVersion(ctx, &version) failed: invalid device context
[1784039912.217648] [h200x8-01:187844:0]      cuda_iface.h:85   UCX  ERROR cuCtxGetApiVersion(ctx, &version) failed: invalid device context
[1784039912.217649] [h200x8-01:187844:0]      cuda_iface.h:85   UCX  ERROR cuCtxGetApiVersion(ctx, &version) failed: invalid device context
[1784039912.217650] [h200x8-01:187844:0]      cuda_iface.h:85   UCX  ERROR cuCtxGetApiVersion(ctx, &version) failed: invalid device context
[1784039912.217652] [h200x8-01:187844:0]      cuda_iface.h:85   UCX  ERROR cuCtxGetApiVersion(ctx, &version) failed: invalid device context
[1784039912.217653] [h200x8-01:187844:0]      cuda_iface.h:85   UCX  ERROR cuCtxGetApiVersion(ctx, &version) failed: invalid device context
[1784039912.217654] [h200x8-01:187844:0]      cuda_iface.h:85   UCX  ERROR cuCtxGetApiVersion(ctx, &version) failed: invalid device context
[1784039912.217656] [h200x8-01:187844:0]      cuda_iface.h:85   UCX  ERROR cuCtxGetApiVersion(ctx, &version) failed: invalid device context
[1784039912.217657] [h200x8-01:187844:0]      cuda_iface.h:85   UCX  ERROR cuCtxGetApiVersion(ctx, &version) failed: invalid device context
[1784039912.217659] [h200x8-01:187844:0]      cuda_iface.h:85   UCX  ERROR cuCtxGetApiVersion(ctx, &version) failed: invalid device context
[1784039912.217660] [h200x8-01:187844:0]      cuda_iface.h:85   UCX  ERROR cuCtxGetApiVersion(ctx, &version) failed: invalid device context
[1784039912.217661] [h200x8-01:1878[1784039912.217779] [h200x8-01:187841:0]      cuda_iface.h:85   UCX  ERROR cuCtxGetApiVersion(ctx, &version) failed: invalid device context
[1784039912.217792] [h200x8-01:187841:0]      cuda_iface.h:85   UCX  ERROR cuCtxGetApiVersion(ctx, &version) failed: invalid device context
[1784039912.217794] [h200x8-01:187841:0]      cuda_iface.h:85   UCX  ERROR cuCtxGetApiVersion(ctx, &version) failed: invalid device context
[1784039912.217797] [h200x8-01:187841:0]      cuda_iface.h:85   UCX  ERROR cuCtxGetApiVersion(ctx, &version) failed: invalid device context
[1784039912.217799] [h200x8-01:187841:0]      cuda_iface.h:85   UCX  ERROR cuCtxGetApiVersion(ctx, &version) failed: invalid device context
[1784039912.217801] [h200x8-01:187841:0]      cuda_iface.h:85   UCX  ERROR cuCtxGetApiVersion(ctx, &version) failed: invalid device context
[1784039912.217803] [h200x8-01:187841:0]      cuda_iface.h:85   UCX  ERROR cuCtxGetApiVersion(ctx, &version) failed: invalid device context
[1784039912.217805] [h200x8-01:187841:0]      cuda_iface.h:85   UCX  ERROR cuCtxGetApiVersion(ctx, &version) failed: invalid device context
[1784039912.217806] [h200x8-01:187841:0]      cuda_iface.h:85   UCX  ERROR cuCtxGetApiVersion(ctx, &version) failed: invalid device context
[1784039912.217809] [h200x8-01:187841:0]      cuda_iface.h:85   UCX  ERROR cuCtxGetApiVersion(ctx, &version) failed: invalid device context
[1784039912.217811] [h200x8-01:187841:0]      cuda_iface.h:85   UCX  ERROR cuCtxGetApiVersion(ctx, &version) failed: invalid device context
[1784039912.217813] [h200x8-01:187841:0]      cuda_iface.h:85   UCX  ERROR cuCtxGetApiVersion(ctx, &version) failed: invalid device context
[1784039912.217815] [h200x8-01:187841:0]      cuda_iface.h:85   UCX  ERROR cuCtxGetApiVersion(ctx, &version) failed: invalid device context
[1784039912.217818] [h200x8-01:187841:0]      cuda_iface.h:85   UCX  ERROR cuCtxGetApiVersion(ctx, &version) failed: invalid device context
[1784039912.217820] [h200x8-01:187841:0]      cuda_iface.h:85   UCX  ERROR cuCtxGetApiVersion(ctx, &version) failed: invalid device context
[1784039912.217822] [h200x8-01:187841:0]      cuda_iface.h:85   UCX  ERROR cuCtxGetApiVersion(ctx, &version) failed: invalid device context
[1784039912.217824] [h200x8-01:187841:0]      cuda_iface.h:85   UCX  ERROR cuCtxGetApiVersion(ctx, &version) failed: invalid device context
[1784039912.217828] [h200x8-01:187841:0]      cuda_iface.h:85   UCX  ERROR cuCtxGetApiVersion(ctx, &version) failed: invalid device context
[1784039912.217829] [h200x8-01:187841:0]      cuda_iface.h:85   UCX  ERROR cuCtxGetApiVersion(ctx, &version) failed: invalid device context
[1784039912.217831] [h200x8-01:187841:0]      cuda_iface.h:85   UCX  ERROR cuCtxGetApiVersion(ctx, &version) failed: invalid device context
[1784039912.217832] [h200x8-01:187841:0]      cuda_iface.h:85   UCX  ERROR cuCtxGetApiVersion(ctx, &version) failed: invalid device context
[1784039912.217835] [h200x8-01:187841:0]      cuda_iface.h:85   UCX  ERROR cuCtxGetApiVersion(ctx, &version) failed: invalid device context
[1784039912.217838] [h200x8-01:187841:0]      cuda_iface.h:85   UCX  ERROR cuCtxGetApiVersion(ctx, &version) failed: invalid device context
[1784039912.217840] [h200x8-01:187841:0]      cuda_iface.h:85   UCX  ERROR cuCtxGetApiVersion(ctx, &version) failed: invalid device context
[1784039912.217843] [h200x8-01:187841:0]      cuda_iface.h:85   UCX  ERROR cuCtxGetApiVersion(ctx, &version) failed: invalid device context
[1784039912.217844] [h200x8-01:187841:0]      cuda_iface.h:85   UCX  ERROR cuCtxGetApiVersion(ctx, &version) failed: invalid device context
[1784039912.217845] [h200x8-01:187841:0]      cuda_iface.h:85   UCX  ERROR cuCtxGetApiVersion(ctx, &version) failed: invalid device context
[1784039912.217847] [h200x8-01:187841:0]      cuda_iface.h:85   UCX  ERROR cuCtxGetApiVersion(ctx, &version) failed: invalid device context
[1784039912.217849] [h200x8-01:187841:0]      cuda_iface.h:85   UCX  ERROR cuCtxGetApiVersion(ctx, &version) failed: invalid device context
[1784039912.217851] [h200x8-01:18784[1784039912.217554] [h200x8-01:187839:0]      cuda_iface.h:85   UCX  ERROR cuCtxGetApiVersion(ctx, &version) failed: invalid device context
[1784039912.217569] [h200x8-01:187839:0]      cuda_iface.h:85   UCX  ERROR cuCtxGetApiVersion(ctx, &version) failed: invalid device context
[1784039912.217571] [h200x8-01:187839:0]      cuda_iface.h:85   UCX  ERROR cuCtxGetApiVersion(ctx, &version) failed: invalid device context
[1784039912.217572] [h200x8-01:187839:0]      cuda_iface.h:85   UCX  ERROR cuCtxGetApiVersion(ctx, &version) failed: invalid device context
[1784039912.217574] [h200x8-01:187839:0]      cuda_iface.h:85   UCX  ERROR cuCtxGetApiVersion(ctx, &version) failed: invalid device context
[1784039912.217575] [h200x8-01:187839:0]      cuda_iface.h:85   UCX  ERROR cuCtxGetApiVersion(ctx, &version) failed: invalid device context
[1784039912.217577] [h200x8-01:187839:0]      cuda_iface.h:85   UCX  ERROR cuCtxGetApiVersion(ctx, &version) failed: invalid device context
[1784039912.217578] [h200x8-01:187839:0]      cuda_iface.h:85   UCX  ERROR cuCtxGetApiVersion(ctx, &version) failed: invalid device context
[1784039912.217579] [h200x8-01:187839:0]      cuda_iface.h:85   UCX  ERROR cuCtxGetApiVersion(ctx, &version) failed: invalid device context
[1784039912.217581] [h200x8-01:187839:0]      cuda_iface.h:85   UCX  ERROR cuCtxGetApiVersion(ctx, &version) failed: invalid device context
[1784039912.217582] [h200x8-01:187839:0]      cuda_iface.h:85   UCX  ERROR cuCtxGetApiVersion(ctx, &version) failed: invalid device context
[1784039912.217584] [h200x8-01:187839:0]      cuda_iface.h:85   UCX  ERROR cuCtxGetApiVersion(ctx, &version) failed: invalid device context
[1784039912.217585] [h200x8-01:187839:0]      cuda_iface.h:85   UCX  ERROR cuCtxGetApiVersion(ctx, &version) failed: invalid device context
[1784039912.217587] [h200x8-01:187839:0]      cuda_iface.h:85   UCX  ERROR cuCtxGetApiVersion(ctx, &version) failed: invalid device context
[1784039912.217588] [h200x8-01:187839:0]      cuda_iface.h:85   UCX  ERROR cuCtxGetApiVersion(ctx, &version) failed: invalid device context
[1784039912.217590] [h200x8-01:187839:0]      cuda_iface.h:85   UCX  ERROR cuCtxGetApiVersion(ctx, &version) failed: invalid device context
[1784039912.217591] [h200x8-01:187839:0]      cuda_iface.h:85   UCX  ERROR cuCtxGetApiVersion(ctx, &version) failed: invalid device context
[1784039912.217593] [h200x8-01:187839:0]      cuda_iface.h:85   UCX  ERROR cuCtxGetApiVersion(ctx, &version) failed: invalid device context
[1784039912.217594] [h200x8-01:187839:0]      cuda_iface.h:85   UCX  ERROR cuCtxGetApiVersion(ctx, &version) failed: invalid device context
[1784039912.217595] [h200x8-01:187839:0]      cuda_iface.h:85   UCX  ERROR cuCtxGetApiVersion(ctx, &version) failed: invalid device context
[1784039912.217597] [h200x8-01:187839:0]      cuda_iface.h:85   UCX  ERROR cuCtxGetApiVersion(ctx, &version) failed: invalid device context
[1784039912.217598] [h200x8-01:187839:0]      cuda_iface.h:85   UCX  ERROR cuCtxGetApiVersion(ctx, &version) failed: invalid device context
[1784039912.217599] [h200x8-01:187839:0]      cuda_iface.h:85   UCX  ERROR cuCtxGetApiVersion(ctx, &version) failed: invalid device context
[1784039912.217601] [h200x8-01:187839:0]      cuda_iface.h:85   UCX  ERROR cuCtxGetApiVersion(ctx, &version) failed: invalid device context
[1784039912.217602] [h200x8-01:187839:0]      cuda_iface.h:85   UCX  ERROR cuCtxGetApiVersion(ctx, &version) failed: invalid device context
[1784039912.217603] [h200x8-01:187839:0]      cuda_iface.h:85   UCX  ERROR cuCtxGetApiVersion(ctx, &version) failed: invalid device context
[1784039912.217605] [h200x8-01:187839:0]      cuda_iface.h:85   UCX  ERROR cuCtxGetApiVersion(ctx, &version) failed: invalid device context
[1784039912.217607] [h200x8-01:187839:0]      cuda_iface.h:85   UCX  ERROR cuCtxGetApiVersion(ctx, &version) failed: invalid device context
[1784039912.217608] [h200x8-01:187839:0]      cuda_iface.h:85   UCX  ERROR cuCtxGetApiVersion(ctx, &version) failed: invalid device context
[1784039912.217609] [h200x8-01:18781:0]      cuda_iface.h:85   UCX  ERROR cuCtxGetApiVersion(ctx, &version) failed: invalid device context
[1784039912.217854] [h200x8-01:187841:0]      cuda_iface.h:85   UCX  ERROR cuCtxGetApiVersion(ctx, &version) failed: invalid device context
[1784039912.217856] [h200x8-01:187841:0]      cuda_iface.h:85   UCX  ERROR cuCtxGetApiVersion(ctx, &version) failed: invalid device context
[1784039912.217859] [h200x8-01:187841:0]      cuda_iface.h:85   UCX  ERROR cuCtxGetApiVersion(ctx, &version) failed: invalid device context
[1784039912.217861] [h200x8-01:187841:0]      cuda_iface.h:85   UCX  ERROR cuCtxGetApiVersion(ctx, &version) failed: invalid device context
[1784039912.217863] [h200x8-01:187841:0]      cuda_iface.h:85   UCX  ERROR cuCtxGetApiVersion(ctx, &version) failed: invalid device context
[1784039912.217866] [h200x8-01:187841:0]      cuda_iface.h:85   UCX  ERROR cuCtxGetApiVersion(ctx, &version) failed: invalid device context
[1784039912.217868] [h200x8-01:187841:0]      cuda_iface.h:85   UCX  ERROR cuCtxGetApiVersion(ctx, &version) failed: invalid device context
[1784039912.217870] [h200x8-01:187841:0]      cuda_iface.h:85   UCX  ERROR cuCtxGetApiVersion(ctx, &version) failed: invalid device context
[1784039912.217872] [h200x8-01:187841:0]      cuda_iface.h:85   UCX  ERROR cuCtxGetApiVersion(ctx, &version) failed: invalid device context
[1784039912.217874] [h200x8-01:187841:0]      cuda_iface.h:85   UCX  ERROR cuCtxGetApiVersion(ctx, &version) failed: invalid device context
[1784039912.217876] [h200x8-01:187841:0]      cuda_iface.h:85   UCX  ERROR cuCtxGetApiVersion(ctx, &version) failed: invalid device context
[1784039912.217879] [h200x8-01:187841:0]      cuda_iface.h:85   UCX  ERROR cuCtxGetApiVersion(ctx, &version) failed: invalid device context
[1784039912.217881] [h200x8-01:187841:0]      cuda_iface.h:85   UCX  ERROR cuCtxGetApiVersion(ctx, &version) failed: invalid device context
[1784039912.217882] [h200x8-01:187841:0]      cuda_iface.h:85   UCX  ERROR cuCtxGetApiVersion(ctx, &version) failed: invalid device context
[1784039912.217884] [h200x8-01:187841:0]      cuda_iface.h:85   UCX  ERROR cuCtxGetApiVersion(ctx, &version) failed: invalid device context
[1784039912.217886] [h200x8-01:187841:0]      cuda_iface.h:85   UCX  ERROR cuCtxGetApiVersion(ctx, &version) failed: invalid device context
[1784039912.217888] [h200x8-01:187841:0]      cuda_iface.h:85   UCX  ERROR cuCtxGetApiVersion(ctx, &version) failed: invalid device context
[1784039912.217891] [h200x8-01:187841:0]      cuda_iface.h:85   UCX  ERROR cuCtxGetApiVersion(ctx, &version) failed: invalid device context
[1784039912.217893] [h200x8-01:187841:0]      cuda_iface.h:85   UCX  ERROR cuCtxGetApiVersion(ctx, &version) failed: invalid device context
[1784039912.217895] [h200x8-01:187841:0]      cuda_iface.h:85   UCX  ERROR cuCtxGetApiVersion(ctx, &version) failed: invalid device context
[1784039912.217897] [h200x8-01:187841:0]      cuda_iface.h:85   UCX  ERROR cuCtxGetApiVersion(ctx, &version) failed: invalid device context
[1784039912.217899] [h200x8-01:187841:0]      cuda_iface.h:85   UCX  ERROR cuCtxGetApiVersion(ctx, &version) failed: invalid device context
[1784039912.217902] [h200x8-01:187841:0]      cuda_iface.h:85   UCX  ERROR cuCtxGetApiVersion(ctx, &version) failed: invalid device context
[1784039912.217904] [h200x8-01:187841:0]      cuda_iface.h:85   UCX  ERROR cuCtxGetApiVersion(ctx, &version) failed: invalid device context
[1784039912.217906] [h200x8-01:187841:0]      cuda_iface.h:85   UCX  ERROR cuCtxGetApiVersion(ctx, &version) failed: invalid device context
[1784039912.217908] [h200x8-01:187841:0]      cuda_iface.h:85   UCX  ERROR cuCtxGetApiVersion(ctx, &version) failed: invalid device context
[1784039912.217910] [h200x8-01:187841:0]      cuda_iface.h:85   UCX  ERROR cuCtxGetApiVersion(ctx, &version) failed: invalid device context
[1784039912.217912] [h200x8-01:187841:0]      cuda_iface.h:85   UCX  ERROR cuCtxGetApiVersion(ctx, &version) failed: invalid device context
[1784039912.217914] [h200x8-01:187841:0]      cuda_iface.h:85   UCX  ERR1:0]      cuda_iface.h:85   UCX  ERROR cuCtxGetApiVersion(ctx, &version) failed: invalid device context
[1784039912.217777] [h200x8-01:187851:0]      cuda_iface.h:85   UCX  ERROR cuCtxGetApiVersion(ctx, &version) failed: invalid device context
[1784039912.217780] [h200x8-01:187851:0]      cuda_iface.h:85   UCX  ERROR cuCtxGetApiVersion(ctx, &version) failed: invalid device context
[1784039912.217782] [h200x8-01:187851:0]      cuda_iface.h:85   UCX  ERROR cuCtxGetApiVersion(ctx, &version) failed: invalid device context
[1784039912.217785] [h200x8-01:187851:0]      cuda_iface.h:85   UCX  ERROR cuCtxGetApiVersion(ctx, &version) failed: invalid device context
[1784039912.217787] [h200x8-01:187851:0]      cuda_iface.h:85   UCX  ERROR cuCtxGetApiVersion(ctx, &version) failed: invalid device context
[1784039912.217789] [h200x8-01:187851:0]      cuda_iface.h:85   UCX  ERROR cuCtxGetApiVersion(ctx, &version) failed: invalid device context
[1784039912.217791] [h200x8-01:187851:0]      cuda_iface.h:85   UCX  ERROR cuCtxGetApiVersion(ctx, &version) failed: invalid device context
[1784039912.217794] [h200x8-01:187851:0]      cuda_iface.h:85   UCX  ERROR cuCtxGetApiVersion(ctx, &version) failed: invalid device context
[1784039912.217796] [h200x8-01:187851:0]      cuda_iface.h:85   UCX  ERROR cuCtxGetApiVersion(ctx, &version) failed: invalid device context
[1784039912.217798] [h200x8-01:187851:0]      cuda_iface.h:85   UCX  ERROR cuCtxGetApiVersion(ctx, &version) failed: invalid device context
[1784039912.217800] [h200x8-01:187851:0]      cuda_iface.h:85   UCX  ERROR cuCtxGetApiVersion(ctx, &version) failed: invalid device context
[1784039912.217803] [h200x8-01:187851:0]      cuda_iface.h:85   UCX  ERROR cuCtxGetApiVersion(ctx, &version) failed: invalid device context
[1784039912.217805] [h200x8-01:187851:0]      cuda_iface.h:85   UCX  ERROR cuCtxGetApiVersion(ctx, &version) failed: invalid device context
[1784039912.217807] [h200x8-01:187851:0]      cuda_iface.h:85   UCX  ERROR cuCtxGetApiVersion(ctx, &version) failed: invalid device context
[1784039912.217810] [h200x8-01:187851:0]      cuda_iface.h:85   UCX  ERROR cuCtxGetApiVersion(ctx, &version) failed: invalid device context
[1784039912.217811] [h200x8-01:187851:0]      cuda_iface.h:85   UCX  ERROR cuCtxGetApiVersion(ctx, &version) failed: invalid device context
[1784039912.217813] [h200x8-01:187851:0]      cuda_iface.h:85   UCX  ERROR cuCtxGetApiVersion(ctx, &version) failed: invalid device context
[1784039912.217815] [h200x8-01:187851:0]      cuda_iface.h:85   UCX  ERROR cuCtxGetApiVersion(ctx, &version) failed: invalid device context
[1784039912.217817] [h200x8-01:187851:0]      cuda_iface.h:85   UCX  ERROR cuCtxGetApiVersion(ctx, &version) failed: invalid device context
[1784039912.217820] [h200x8-01:187851:0]      cuda_iface.h:85   UCX  ERROR cuCtxGetApiVersion(ctx, &version) failed: invalid device context
[1784039912.217822] [h200x8-01:187851:0]      cuda_iface.h:85   UCX  ERROR cuCtxGetApiVersion(ctx, &version) failed: invalid device context
[1784039912.217824] [h200x8-01:187851:0]      cuda_iface.h:85   UCX  ERROR cuCtxGetApiVersion(ctx, &version) failed: invalid device context
[1784039912.217826] [h200x8-01:187851:0]      cuda_iface.h:85   UCX  ERROR cuCtxGetApiVersion(ctx, &version) failed: invalid device context
[1784039912.217829] [h200x8-01:187851:0]      cuda_iface.h:85   UCX  ERROR cuCtxGetApiVersion(ctx, &version) failed: invalid device context
[1784039912.217831] [h200x8-01:187851:0]      cuda_iface.h:85   UCX  ERROR cuCtxGetApiVersion(ctx, &version) failed: invalid device context
[1784039912.217835] [h200x8-01:187851:0]      cuda_iface.h:85   UCX  ERROR cuCtxGetApiVersion(ctx, &version) failed: invalid device context
[1784039912.217840] [h200x8-01:187851:0]      cuda_iface.h:85   UCX  ERROR cuCtxGetApiVersion(ctx, &version) failed: invalid device context
[1784039912.217842] [h200x8-01:187851:0]      cuda_iface.h:85   UCX  ERROR cuCtxGetApiVersion(ctx, &version) failed: invalid device context
[1784039912.217844] [h200x8-01:187851:0]      cuda_iface.h:85   UCX  ER[1784039912.217888] [h200x8-01:187840:0]      cuda_iface.h:85   UCX  ERROR cuCtxGetApiVersion(ctx, &version) failed: invalid device context
[1784039912.217900] [h200x8-01:187840:0]      cuda_iface.h:85   UCX  ERROR cuCtxGetApiVersion(ctx, &version) failed: invalid device context
[1784039912.217902] [h200x8-01:187840:0]      cuda_iface.h:85   UCX  ERROR cuCtxGetApiVersion(ctx, &version) failed: invalid device context
[1784039912.217905] [h200x8-01:187840:0]      cuda_iface.h:85   UCX  ERROR cuCtxGetApiVersion(ctx, &version) failed: invalid device context
[1784039912.217908] [h200x8-01:187840:0]      cuda_iface.h:85   UCX  ERROR cuCtxGetApiVersion(ctx, &version) failed: invalid device context
[1784039912.217910] [h200x8-01:187840:0]      cuda_iface.h:85   UCX  ERROR cuCtxGetApiVersion(ctx, &version) failed: invalid device context
[1784039912.217911] [h200x8-01:187840:0]      cuda_iface.h:85   UCX  ERROR cuCtxGetApiVersion(ctx, &version) failed: invalid device context
[1784039912.217914] [h200x8-01:187840:0]      cuda_iface.h:85   UCX  ERROR cuCtxGetApiVersion(ctx, &version) failed: invalid device context
[1784039912.217916] [h200x8-01:187840:0]      cuda_iface.h:85   UCX  ERROR cuCtxGetApiVersion(ctx, &version) failed: invalid device context
[1784039912.217919] [h200x8-01:187840:0]      cuda_iface.h:85   UCX  ERROR cuCtxGetApiVersion(ctx, &version) failed: invalid device context
[1784039912.217920] [h200x8-01:187840:0]      cuda_iface.h:85   UCX  ERROR cuCtxGetApiVersion(ctx, &version) failed: invalid device context
[1784039912.217924] [h200x8-01:187840:0]      cuda_iface.h:85   UCX  ERROR cuCtxGetApiVersion(ctx, &version) failed: invalid device context
[1784039912.217926] [h200x8-01:187840:0]      cuda_iface.h:85   UCX  ERROR cuCtxGetApiVersion(ctx, &version) failed: invalid device context
[1784039912.217928] [h200x8-01:187840:0]      cuda_iface.h:85   UCX  ERROR cuCtxGetApiVersion(ctx, &version) failed: invalid device context
[1784039912.217931] [h200x8-01:187840:0]      cuda_iface.h:85   UCX  ERROR cuCtxGetApiVersion(ctx, &version) failed: invalid device context
[1784039912.217935] [h200x8-01:187840:0]      cuda_iface.h:85   UCX  ERROR cuCtxGetApiVersion(ctx, &version) failed: invalid device context
[1784039912.217936] [h200x8-01:187840:0]      cuda_iface.h:85   UCX  ERROR cuCtxGetApiVersion(ctx, &version) failed: invalid device context
[1784039912.217938] [h200x8-01:187840:0]      cuda_iface.h:85   UCX  ERROR cuCtxGetApiVersion(ctx, &version) failed: invalid device context
[1784039912.217939] [h200x8-01:187840:0]      cuda_iface.h:85   UCX  ERROR cuCtxGetApiVersion(ctx, &version) failed: invalid device context
[1784039912.217941] [h200x8-01:187840:0]      cuda_iface.h:85   UCX  ERROR cuCtxGetApiVersion(ctx, &version) failed: invalid device context
[1784039912.217943] [h200x8-01:187840:0]      cuda_iface.h:85   UCX  ERROR cuCtxGetApiVersion(ctx, &version) failed: invalid device context
[1784039912.217945] [h200x8-01:187840:0]      cuda_iface.h:85   UCX  ERROR cuCtxGetApiVersion(ctx, &version) failed: invalid device context
[1784039912.217946] [h200x8-01:187840:0]      cuda_iface.h:85   UCX  ERROR cuCtxGetApiVersion(ctx, &version) failed: invalid device context
[1784039912.217948] [h200x8-01:187840:0]      cuda_iface.h:85   UCX  ERROR cuCtxGetApiVersion(ctx, &version) failed: invalid device context
[1784039912.217951] [h200x8-01:187840:0]      cuda_iface.h:85   UCX  ERROR cuCtxGetApiVersion(ctx, &version) failed: invalid device context
[1784039912.217952] [h200x8-01:187840:0]      cuda_iface.h:85   UCX  ERROR cuCtxGetApiVersion(ctx, &version) failed: invalid device context
[1784039912.217954] [h200x8-01:187840:0]      cuda_iface.h:85   UCX  ERROR cuCtxGetApiVersion(ctx, &version) failed: invalid device context
[1784039912.217955] [h200x8-01:187840:0]      cuda_iface.h:85   UCX  ERROR cuCtxGetApiVersion(ctx, &version) failed: invalid device context
[1784039912.217957] [h200x8-01:187840:0]      cuda_iface.h:85   UCX  ERROR cuCtxGetApiVersion(ctx, &version) failed: invalid device context
[1784039912.217959] [h200x8-01:1878[1784039912.217867] [h200x8-01:187845:0]      cuda_iface.h:85   UCX  ERROR cuCtxGetApiVersion(ctx, &version) failed: invalid device context
[1784039912.217879] [h200x8-01:187845:0]      cuda_iface.h:85   UCX  ERROR cuCtxGetApiVersion(ctx, &version) failed: invalid device context
[1784039912.217881] [h200x8-01:187845:0]      cuda_iface.h:85   UCX  ERROR cuCtxGetApiVersion(ctx, &version) failed: invalid device context
[1784039912.217883] [h200x8-01:187845:0]      cuda_iface.h:85   UCX  ERROR cuCtxGetApiVersion(ctx, &version) failed: invalid device context
[1784039912.217884] [h200x8-01:187845:0]      cuda_iface.h:85   UCX  ERROR cuCtxGetApiVersion(ctx, &version) failed: invalid device context
[1784039912.217886] [h200x8-01:187845:0]      cuda_iface.h:85   UCX  ERROR cuCtxGetApiVersion(ctx, &version) failed: invalid device context
[1784039912.217887] [h200x8-01:187845:0]      cuda_iface.h:85   UCX  ERROR cuCtxGetApiVersion(ctx, &version) failed: invalid device context
[1784039912.217889] [h200x8-01:187845:0]      cuda_iface.h:85   UCX  ERROR cuCtxGetApiVersion(ctx, &version) failed: invalid device context
[1784039912.217890] [h200x8-01:187845:0]      cuda_iface.h:85   UCX  ERROR cuCtxGetApiVersion(ctx, &version) failed: invalid device context
[1784039912.217891] [h200x8-01:187845:0]      cuda_iface.h:85   UCX  ERROR cuCtxGetApiVersion(ctx, &version) failed: invalid device context
[1784039912.217893] [h200x8-01:187845:0]      cuda_iface.h:85   UCX  ERROR cuCtxGetApiVersion(ctx, &version) failed: invalid device context
[1784039912.217894] [h200x8-01:187845:0]      cuda_iface.h:85   UCX  ERROR cuCtxGetApiVersion(ctx, &version) failed: invalid device context
[1784039912.217895] [h200x8-01:187845:0]      cuda_iface.h:85   UCX  ERROR cuCtxGetApiVersion(ctx, &version) failed: invalid device context
[1784039912.217897] [h200x8-01:187845:0]      cuda_iface.h:85   UCX  ERROR cuCtxGetApiVersion(ctx, &version) failed: invalid device context
[1784039912.217898] [h200x8-01:187845:0]      cuda_iface.h:85   UCX  ERROR cuCtxGetApiVersion(ctx, &version) failed: invalid device context
[1784039912.217900] [h200x8-01:187845:0]      cuda_iface.h:85   UCX  ERROR cuCtxGetApiVersion(ctx, &version) failed: invalid device context
[1784039912.217902] [h200x8-01:187845:0]      cuda_iface.h:85   UCX  ERROR cuCtxGetApiVersion(ctx, &version) failed: invalid device context
[1784039912.217904] [h200x8-01:187845:0]      cuda_iface.h:85   UCX  ERROR cuCtxGetApiVersion(ctx, &version) failed: invalid device context
[1784039912.217906] [h200x8-01:187845:0]      cuda_iface.h:85   UCX  ERROR cuCtxGetApiVersion(ctx, &version) failed: invalid device context
[1784039912.217908] [h200x8-01:187845:0]      cuda_iface.h:85   UCX  ERROR cuCtxGetApiVersion(ctx, &version) failed: invalid device context
[1784039912.217911] [h200x8-01:187845:0]      cuda_iface.h:85   UCX  ERROR cuCtxGetApiVersion(ctx, &version) failed: invalid device context
[1784039912.217913] [h200x8-01:187845:0]      cuda_iface.h:85   UCX  ERROR cuCtxGetApiVersion(ctx, &version) failed: invalid device context
[1784039912.217916] [h200x8-01:187845:0]      cuda_iface.h:85   UCX  ERROR cuCtxGetApiVersion(ctx, &version) failed: invalid device context
[1784039912.217919] [h200x8-01:187845:0]      cuda_iface.h:85   UCX  ERROR cuCtxGetApiVersion(ctx, &version) failed: invalid device context
[1784039912.217920] [h200x8-01:187845:0]      cuda_iface.h:85   UCX  ERROR cuCtxGetApiVersion(ctx, &version) failed: invalid device context
[1784039912.217923] [h200x8-01:187845:0]      cuda_iface.h:85   UCX  ERROR cuCtxGetApiVersion(ctx, &version) failed: invalid device context
[1784039912.217925] [h200x8-01:187845:0]      cuda_iface.h:85   UCX  ERROR cuCtxGetApiVersion(ctx, &version) failed: invalid device context
[1784039912.217927] [h200x8-01:187845:0]      cuda_iface.h:85   UCX  ERROR cuCtxGetApiVersion(ctx, &version) failed: invalid device context
[1784039912.217929] [h200x8-01:187845:0]      cuda_iface.h:85   UCX  ERROR cuCtxGetApiVersion(ctx, &version) failed: invalid device context
[1784039912.217932] [h200x8-01:1878[1784039912.217924] [h200x8-01:187849:0]      cuda_iface.h:85   UCX  ERROR cuCtxGetApiVersion(ctx, &version) failed: invalid device context
[1784039912.217937] [h200x8-01:187849:0]      cuda_iface.h:85   UCX  ERROR cuCtxGetApiVersion(ctx, &version) failed: invalid device context
[1784039912.217939] [h200x8-01:187849:0]      cuda_iface.h:85   UCX  ERROR cuCtxGetApiVersion(ctx, &version) failed: invalid device context
[1784039912.217941] [h200x8-01:187849:0]      cuda_iface.h:85   UCX  ERROR cuCtxGetApiVersion(ctx, &version) failed: invalid device context
[1784039912.217943] [h200x8-01:187849:0]      cuda_iface.h:85   UCX  ERROR cuCtxGetApiVersion(ctx, &version) failed: invalid device context
[1784039912.217945] [h200x8-01:187849:0]      cuda_iface.h:85   UCX  ERROR cuCtxGetApiVersion(ctx, &version) failed: invalid device context
[1784039912.217946] [h200x8-01:187849:0]      cuda_iface.h:85   UCX  ERROR cuCtxGetApiVersion(ctx, &version) failed: invalid device context
[1784039912.217950] [h200x8-01:187849:0]      cuda_iface.h:85   UCX  ERROR cuCtxGetApiVersion(ctx, &version) failed: invalid device context
[1784039912.217952] [h200x8-01:187849:0]      cuda_iface.h:85   UCX  ERROR cuCtxGetApiVersion(ctx, &version) failed: invalid device context
[1784039912.217953] [h200x8-01:187849:0]      cuda_iface.h:85   UCX  ERROR cuCtxGetApiVersion(ctx, &version) failed: invalid device context
[1784039912.217955] [h200x8-01:187849:0]      cuda_iface.h:85   UCX  ERROR cuCtxGetApiVersion(ctx, &version) failed: invalid device context
[1784039912.217957] [h200x8-01:187849:0]      cuda_iface.h:85   UCX  ERROR cuCtxGetApiVersion(ctx, &version) failed: invalid device context
[1784039912.217959] [h200x8-01:187849:0]      cuda_iface.h:85   UCX  ERROR cuCtxGetApiVersion(ctx, &version) failed: invalid device context
[1784039912.217960] [h200x8-01:187849:0]      cuda_iface.h:85   UCX  ERROR cuCtxGetApiVersion(ctx, &version) failed: invalid device context
[1784039912.217964] [h200x8-01:187849:0]      cuda_iface.h:85   UCX  ERROR cuCtxGetApiVersion(ctx, &version) failed: invalid device context
[1784039912.217965] [h200x8-01:187849:0]      cuda_iface.h:85   UCX  ERROR cuCtxGetApiVersion(ctx, &version) failed: invalid device context
[1784039912.217967] [h200x8-01:187849:0]      cuda_iface.h:85   UCX  ERROR cuCtxGetApiVersion(ctx, &version) failed: invalid device context
[1784039912.217968] [h200x8-01:187849:0]      cuda_iface.h:85   UCX  ERROR cuCtxGetApiVersion(ctx, &version) failed: invalid device context
[1784039912.217970] [h200x8-01:187849:0]      cuda_iface.h:85   UCX  ERROR cuCtxGetApiVersion(ctx, &version) failed: invalid device context
[1784039912.217972] [h200x8-01:187849:0]      cuda_iface.h:85   UCX  ERROR cuCtxGetApiVersion(ctx, &version) failed: invalid device context
[1784039912.217973] [h200x8-01:187849:0]      cuda_iface.h:85   UCX  ERROR cuCtxGetApiVersion(ctx, &version) failed: invalid device context
[1784039912.217974] [h200x8-01:187849:0]      cuda_iface.h:85   UCX  ERROR cuCtxGetApiVersion(ctx, &version) failed: invalid device context
[1784039912.217976] [h200x8-01:187849:0]      cuda_iface.h:85   UCX  ERROR cuCtxGetApiVersion(ctx, &version) failed: invalid device context
[1784039912.217977] [h200x8-01:187849:0]      cuda_iface.h:85   UCX  ERROR cuCtxGetApiVersion(ctx, &version) failed: invalid device context
[1784039912.217979] [h200x8-01:187849:0]      cuda_iface.h:85   UCX  ERROR cuCtxGetApiVersion(ctx, &version) failed: invalid device context
[1784039912.217980] [h200x8-01:187849:0]      cuda_iface.h:85   UCX  ERROR cuCtxGetApiVersion(ctx, &version) failed: invalid device context
[1784039912.217981] [h200x8-01:187849:0]      cuda_iface.h:85   UCX  ERROR cuCtxGetApiVersion(ctx, &version) failed: invalid device context
[1784039912.217983] [h200x8-01:187849:0]      cuda_iface.h:85   UCX  ERROR cuCtxGetApiVersion(ctx, &version) failed: invalid device context
[1784039912.217985] [h200x8-01:187849:0]      cuda_iface.h:85   UCX  ERROR cuCtxGetApiVersion(ctx, &version) failed: invalid device context
[1784039912.217987] [h200x8-01:18784[1784039912.217924] [h200x8-01:187846:0]      cuda_iface.h:85   UCX  ERROR cuCtxGetApiVersion(ctx, &version) failed: invalid device context
[1784039912.217940] [h200x8-01:187846:0]      cuda_iface.h:85   UCX  ERROR cuCtxGetApiVersion(ctx, &version) failed: invalid device context
[1784039912.217942] [h200x8-01:187846:0]      cuda_iface.h:85   UCX  ERROR cuCtxGetApiVersion(ctx, &version) failed: invalid device context
[1784039912.217944] [h200x8-01:187846:0]      cuda_iface.h:85   UCX  ERROR cuCtxGetApiVersion(ctx, &version) failed: invalid device context
[1784039912.217946] [h200x8-01:187846:0]      cuda_iface.h:85   UCX  ERROR cuCtxGetApiVersion(ctx, &version) failed: invalid device context
[1784039912.217948] [h200x8-01:187846:0]      cuda_iface.h:85   UCX  ERROR cuCtxGetApiVersion(ctx, &version) failed: invalid device context
[1784039912.217950] [h200x8-01:187846:0]      cuda_iface.h:85   UCX  ERROR cuCtxGetApiVersion(ctx, &version) failed: invalid device context
[1784039912.217952] [h200x8-01:187846:0]      cuda_iface.h:85   UCX  ERROR cuCtxGetApiVersion(ctx, &version) failed: invalid device context
[1784039912.217954] [h200x8-01:187846:0]      cuda_iface.h:85   UCX  ERROR cuCtxGetApiVersion(ctx, &version) failed: invalid device context
[1784039912.217956] [h200x8-01:187846:0]      cuda_iface.h:85   UCX  ERROR cuCtxGetApiVersion(ctx, &version) failed: invalid device context
[1784039912.217958] [h200x8-01:187846:0]      cuda_iface.h:85   UCX  ERROR cuCtxGetApiVersion(ctx, &version) failed: invalid device context
[1784039912.217959] [h200x8-01:187846:0]      cuda_iface.h:85   UCX  ERROR cuCtxGetApiVersion(ctx, &version) failed: invalid device context
[1784039912.217962] [h200x8-01:187846:0]      cuda_iface.h:85   UCX  ERROR cuCtxGetApiVersion(ctx, &version) failed: invalid device context
[1784039912.217964] [h200x8-01:187846:0]      cuda_iface.h:85   UCX  ERROR cuCtxGetApiVersion(ctx, &version) failed: invalid device context
[1784039912.217965] [h200x8-01:187846:0]      cuda_iface.h:85   UCX  ERROR cuCtxGetApiVersion(ctx, &version) failed: invalid device context
[1784039912.217967] [h200x8-01:187846:0]      cuda_iface.h:85   UCX  ERROR cuCtxGetApiVersion(ctx, &version) failed: invalid device context
[1784039912.217969] [h200x8-01:187846:0]      cuda_iface.h:85   UCX  ERROR cuCtxGetApiVersion(ctx, &version) failed: invalid device context
[1784039912.217970] [h200x8-01:187846:0]      cuda_iface.h:85   UCX  ERROR cuCtxGetApiVersion(ctx, &version) failed: invalid device context
[1784039912.217972] [h200x8-01:187846:0]      cuda_iface.h:85   UCX  ERROR cuCtxGetApiVersion(ctx, &version) failed: invalid device context
[1784039912.217973] [h200x8-01:187846:0]      cuda_iface.h:85   UCX  ERROR cuCtxGetApiVersion(ctx, &version) failed: invalid device context
[1784039912.217975] [h200x8-01:187846:0]      cuda_iface.h:85   UCX  ERROR cuCtxGetApiVersion(ctx, &version) failed: invalid device context
[1784039912.217976] [h200x8-01:187846:0]      cuda_iface.h:85   UCX  ERROR cuCtxGetApiVersion(ctx, &version) failed: invalid device context
[1784039912.217977] [h200x8-01:187846:0]      cuda_iface.h:85   UCX  ERROR cuCtxGetApiVersion(ctx, &version) failed: invalid device context
[1784039912.217979] [h200x8-01:187846:0]      cuda_iface.h:85   UCX  ERROR cuCtxGetApiVersion(ctx, &version) failed: invalid device context
[1784039912.217981] [h200x8-01:187846:0]      cuda_iface.h:85   UCX  ERROR cuCtxGetApiVersion(ctx, &version) failed: invalid device context
[1784039912.217983] [h200x8-01:187846:0]      cuda_iface.h:85   UCX  ERROR cuCtxGetApiVersion(ctx, &version) failed: invalid device context
[1784039912.217984] [h200x8-01:187846:0]      cuda_iface.h:85   UCX  ERROR cuCtxGetApiVersion(ctx, &version) failed: invalid device context
[1784039912.217986] [h200x8-01:187846:0]      cuda_iface.h:85   UCX  ERROR cuCtxGetApiVersion(ctx, &version) failed: invalid device context
[1784039912.217987] [h200x8-01:187846:0]      cuda_iface.h:85   UCX  ERROR cuCtxGetApiVersion(ctx, &version) failed: invalid device context
[1784039912.217989] [h200x8-01:1878444:0]      cuda_iface.h:85   UCX  ERROR cuCtxGetApiVersion(ctx, &version) failed: invalid device context
[1784039912.217663] [h200x8-01:187844:0]      cuda_iface.h:85   UCX  ERROR cuCtxGetApiVersion(ctx, &version) failed: invalid device context
[1784039912.217664] [h200x8-01:187844:0]      cuda_iface.h:85   UCX  ERROR cuCtxGetApiVersion(ctx, &version) failed: invalid device context
[1784039912.217666] [h200x8-01:187844:0]      cuda_iface.h:85   UCX  ERROR cuCtxGetApiVersion(ctx, &version) failed: invalid device context
[1784039912.217667] [h200x8-01:187844:0]      cuda_iface.h:85   UCX  ERROR cuCtxGetApiVersion(ctx, &version) failed: invalid device context
[1784039912.217669] [h200x8-01:187844:0]      cuda_iface.h:85   UCX  ERROR cuCtxGetApiVersion(ctx, &version) failed: invalid device context
[1784039912.217670] [h200x8-01:187844:0]      cuda_iface.h:85   UCX  ERROR cuCtxGetApiVersion(ctx, &version) failed: invalid device context
[1784039912.217672] [h200x8-01:187844:0]      cuda_iface.h:85   UCX  ERROR cuCtxGetApiVersion(ctx, &version) failed: invalid device context
[1784039912.217673] [h200x8-01:187844:0]      cuda_iface.h:85   UCX  ERROR cuCtxGetApiVersion(ctx, &version) failed: invalid device context
[1784039912.217675] [h200x8-01:187844:0]      cuda_iface.h:85   UCX  ERROR cuCtxGetApiVersion(ctx, &version) failed: invalid device context
[1784039912.217676] [h200x8-01:187844:0]      cuda_iface.h:85   UCX  ERROR cuCtxGetApiVersion(ctx, &version) failed: invalid device context
[1784039912.217677] [h200x8-01:187844:0]      cuda_iface.h:85   UCX  ERROR cuCtxGetApiVersion(ctx, &version) failed: invalid device context
[1784039912.217679] [h200x8-01:187844:0]      cuda_iface.h:85   UCX  ERROR cuCtxGetApiVersion(ctx, &version) failed: invalid device context
[1784039912.217680] [h200x8-01:187844:0]      cuda_iface.h:85   UCX  ERROR cuCtxGetApiVersion(ctx, &version) failed: invalid device context
[1784039912.217682] [h200x8-01:187844:0]      cuda_iface.h:85   UCX  ERROR cuCtxGetApiVersion(ctx, &version) failed: invalid device context
[1784039912.217683] [h200x8-01:187844:0]      cuda_iface.h:85   UCX  ERROR cuCtxGetApiVersion(ctx, &version) failed: invalid device context
[1784039912.217684] [h200x8-01:187844:0]      cuda_iface.h:85   UCX  ERROR cuCtxGetApiVersion(ctx, &version) failed: invalid device context
[1784039912.217686] [h200x8-01:187844:0]      cuda_iface.h:85   UCX  ERROR cuCtxGetApiVersion(ctx, &version) failed: invalid device context
[1784039912.217687] [h200x8-01:187844:0]      cuda_iface.h:85   UCX  ERROR cuCtxGetApiVersion(ctx, &version) failed: invalid device context
[1784039912.217689] [h200x8-01:187844:0]      cuda_iface.h:85   UCX  ERROR cuCtxGetApiVersion(ctx, &version) failed: invalid device context
[1784039912.217690] [h200x8-01:187844:0]      cuda_iface.h:85   UCX  ERROR cuCtxGetApiVersion(ctx, &version) failed: invalid device context
[1784039912.217691] [h200x8-01:187844:0]      cuda_iface.h:85   UCX  ERROR cuCtxGetApiVersion(ctx, &version) failed: invalid device context
[1784039912.217693] [h200x8-01:187844:0]      cuda_iface.h:85   UCX  ERROR cuCtxGetApiVersion(ctx, &version) failed: invalid device context
[1784039912.217694] [h200x8-01:187844:0]      cuda_iface.h:85   UCX  ERROR cuCtxGetApiVersion(ctx, &version) failed: invalid device context
[1784039912.217696] [h200x8-01:187844:0]      cuda_iface.h:85   UCX  ERROR cuCtxGetApiVersion(ctx, &version) failed: invalid device context
[1784039912.217697] [h200x8-01:187844:0]      cuda_iface.h:85   UCX  ERROR cuCtxGetApiVersion(ctx, &version) failed: invalid device context
[1784039912.217699] [h200x8-01:187844:0]      cuda_iface.h:85   UCX  ERROR cuCtxGetApiVersion(ctx, &version) failed: invalid device context
[1784039912.217700] [h200x8-01:187844:0]      cuda_iface.h:85   UCX  ERROR cuCtxGetApiVersion(ctx, &version) failed: invalid device context
[1784039912.217701] [h200x8-01:187844:0]      cuda_iface.h:85   UCX  ERROR cuCtxGetApiVersion(ctx, &version) failed: invalid device context
[1784039912.217703] [h200x8-01:187844:0]      cuda_iface.h:85   UCX  E39:0]      cuda_iface.h:85   UCX  ERROR cuCtxGetApiVersion(ctx, &version) failed: invalid device context
[1784039912.217611] [h200x8-01:187839:0]      cuda_iface.h:85   UCX  ERROR cuCtxGetApiVersion(ctx, &version) failed: invalid device context
[1784039912.217612] [h200x8-01:187839:0]      cuda_iface.h:85   UCX  ERROR cuCtxGetApiVersion(ctx, &version) failed: invalid device context
[1784039912.217613] [h200x8-01:187839:0]      cuda_iface.h:85   UCX  ERROR cuCtxGetApiVersion(ctx, &version) failed: invalid device context
[1784039912.217615] [h200x8-01:187839:0]      cuda_iface.h:85   UCX  ERROR cuCtxGetApiVersion(ctx, &version) failed: invalid device context
[1784039912.217616] [h200x8-01:187839:0]      cuda_iface.h:85   UCX  ERROR cuCtxGetApiVersion(ctx, &version) failed: invalid device context
[1784039912.217618] [h200x8-01:187839:0]      cuda_iface.h:85   UCX  ERROR cuCtxGetApiVersion(ctx, &version) failed: invalid device context
[1784039912.217619] [h200x8-01:187839:0]      cuda_iface.h:85   UCX  ERROR cuCtxGetApiVersion(ctx, &version) failed: invalid device context
[1784039912.217620] [h200x8-01:187839:0]      cuda_iface.h:85   UCX  ERROR cuCtxGetApiVersion(ctx, &version) failed: invalid device context
[1784039912.217621] [h200x8-01:187839:0]      cuda_iface.h:85   UCX  ERROR cuCtxGetApiVersion(ctx, &version) failed: invalid device context
[1784039912.217623] [h200x8-01:187839:0]      cuda_iface.h:85   UCX  ERROR cuCtxGetApiVersion(ctx, &version) failed: invalid device context
[1784039912.217624] [h200x8-01:187839:0]      cuda_iface.h:85   UCX  ERROR cuCtxGetApiVersion(ctx, &version) failed: invalid device context
[1784039912.217626] [h200x8-01:187839:0]      cuda_iface.h:85   UCX  ERROR cuCtxGetApiVersion(ctx, &version) failed: invalid device context
[1784039912.217628] [h200x8-01:187839:0]      cuda_iface.h:85   UCX  ERROR cuCtxGetApiVersion(ctx, &version) failed: invalid device context
[1784039912.217629] [h200x8-01:187839:0]      cuda_iface.h:85   UCX  ERROR cuCtxGetApiVersion(ctx, &version) failed: invalid device context
[1784039912.217630] [h200x8-01:187839:0]      cuda_iface.h:85   UCX  ERROR cuCtxGetApiVersion(ctx, &version) failed: invalid device context
[1784039912.217632] [h200x8-01:187839:0]      cuda_iface.h:85   UCX  ERROR cuCtxGetApiVersion(ctx, &version) failed: invalid device context
[1784039912.217633] [h200x8-01:187839:0]      cuda_iface.h:85   UCX  ERROR cuCtxGetApiVersion(ctx, &version) failed: invalid device context
[1784039912.217634] [h200x8-01:187839:0]      cuda_iface.h:85   UCX  ERROR cuCtxGetApiVersion(ctx, &version) failed: invalid device context
[1784039912.217636] [h200x8-01:187839:0]      cuda_iface.h:85   UCX  ERROR cuCtxGetApiVersion(ctx, &version) failed: invalid device context
[1784039912.217637] [h200x8-01:187839:0]      cuda_iface.h:85   UCX  ERROR cuCtxGetApiVersion(ctx, &version) failed: invalid device context
[1784039912.217639] [h200x8-01:187839:0]      cuda_iface.h:85   UCX  ERROR cuCtxGetApiVersion(ctx, &version) failed: invalid device context
[1784039912.217640] [h200x8-01:187839:0]      cuda_iface.h:85   UCX  ERROR cuCtxGetApiVersion(ctx, &version) failed: invalid device context
[1784039912.217641] [h200x8-01:187839:0]      cuda_iface.h:85   UCX  ERROR cuCtxGetApiVersion(ctx, &version) failed: invalid device context
[1784039912.217643] [h200x8-01:187839:0]      cuda_iface.h:85   UCX  ERROR cuCtxGetApiVersion(ctx, &version) failed: invalid device context
[1784039912.217644] [h200x8-01:187839:0]      cuda_iface.h:85   UCX  ERROR cuCtxGetApiVersion(ctx, &version) failed: invalid device context
[1784039912.217646] [h200x8-01:187839:0]      cuda_iface.h:85   UCX  ERROR cuCtxGetApiVersion(ctx, &version) failed: invalid device context
[1784039912.217647] [h200x8-01:187839:0]      cuda_iface.h:85   UCX  ERROR cuCtxGetApiVersion(ctx, &version) failed: invalid device context
[1784039912.217648] [h200x8-01:187839:0]      cuda_iface.h:85   UCX  ERROR cuCtxGetApiVersion(ctx, &version) failed: invalid device context
[1784039912.217650] [h200x8-01:187839:0]      cuda_iface.h:85   UCX  ERROR cuCtxGetApiVersion(ctx, &version) failed: invalid device context
[1784039912.217704] [h200x8-01:187844:0]      cuda_iface.h:85   UCX  ERROR cuCtxGetApiVersion(ctx, &version) failed: invalid device context
[1784039912.217706] [h200x8-01:187844:0]      cuda_iface.h:85   UCX  ERROR cuCtxGetApiVersion(ctx, &version) failed: invalid device context
[1784039912.217709] [h200x8-01:187844:0]      cuda_iface.h:85   UCX  ERROR cuCtxGetApiVersion(ctx, &version) failed: invalid device context
[1784039912.217710] [h200x8-01:187844:0]      cuda_iface.h:85   UCX  ERROR cuCtxGetApiVersion(ctx, &version) failed: invalid device context
[1784039912.217712] [h200x8-01:187844:0]      cuda_iface.h:85   UCX  ERROR cuCtxGetApiVersion(ctx, &version) failed: invalid device context
[1784039912.217713] [h200x8-01:187844:0]      cuda_iface.h:85   UCX  ERROR cuCtxGetApiVersion(ctx, &version) failed: invalid device context
[1784039912.217716] [h200x8-01:187844:0]      cuda_iface.h:85   UCX  ERROR cuCtxGetApiVersion(ctx, &version) failed: invalid device context
[1784039912.217718] [h200x8-01:187844:0]      cuda_iface.h:85   UCX  ERROR cuCtxGetApiVersion(ctx, &version) failed: invalid device context
[1784039912.217721] [h200x8-01:187844:0]      cuda_iface.h:85   UCX  ERROR cuCtxGetApiVersion(ctx, &version) failed: invalid device context
[1784039912.217723] [h200x8-01:187844:0]      cuda_iface.h:85   UCX  ERROR cuCtxGetApiVersion(ctx, &version) failed: invalid device context
[1784039912.217724] [h200x8-01:187844:0]      cuda_iface.h:85   UCX  ERROR cuCtxGetApiVersion(ctx, &version) failed: invalid device context
[1784039912.217727] [h200x8-01:187844:0]      cuda_iface.h:85   UCX  ERROR cuCtxGetApiVersion(ctx, &version) failed: invalid device context
[1784039912.217729] [h200x8-01:187844:0]      cuda_iface.h:85   UCX  ERROR cuCtxGetApiVersion(ctx, &version) failed: invalid device context
[1784039912.217730] [h200x8-01:187844:0]      cuda_iface.h:85   UCX  ERROR cuCtxGetApiVersion(ctx, &version) failed: invalid device context
[1784039912.217731] [h200x8-01:187844:0]      cuda_iface.h:85   UCX  ERROR cuCtxGetApiVersion(ctx, &version) failed: invalid device context
[1784039912.217733] [h200x8-01:187844:0]      cuda_iface.h:85   UCX  ERROR cuCtxGetApiVersion(ctx, &version) failed: invalid device context
[1784039912.217734] [h200x8-01:187844:0]      cuda_iface.h:85   UCX  ERROR cuCtxGetApiVersion(ctx, &version) failed: invalid device context
[1784039912.217736] [h200x8-01:187844:0]      cuda_iface.h:85   UCX  ERROR cuCtxGetApiVersion(ctx, &version) failed: invalid device context
[1784039912.217739] [h200x8-01:187844:0]      cuda_iface.h:85   UCX  ERROR cuCtxGetApiVersion(ctx, &version) failed: invalid device context
[1784039912.217740] [h200x8-01:187844:0]      cuda_iface.h:85   UCX  ERROR cuCtxGetApiVersion(ctx, &version) failed: invalid device context
[1784039912.217742] [h200x8-01:187844:0]      cuda_iface.h:85   UCX  ERROR cuCtxGetApiVersion(ctx, &version) failed: invalid device context
[1784039912.217744] [h200x8-01:187844:0]      cuda_iface.h:85   UCX  ERROR cuCtxGetApiVersion(ctx, &version) failed: invalid device context
[1784039912.217746] [h200x8-01:187844:0]      cuda_iface.h:85   UCX  ERROR cuCtxGetApiVersion(ctx, &version) failed: invalid device context
[1784039912.217748] [h200x8-01:187844:0]      cuda_iface.h:85   UCX  ERROR cuCtxGetApiVersion(ctx, &version) failed: invalid device context
[1784039912.217751] [h200x8-01:187844:0]      cuda_iface.h:85   UCX  ERROR cuCtxGetApiVersion(ctx, &version) failed: invalid device context
[1784039912.217753] [h200x8-01:187844:0]      cuda_iface.h:85   UCX  ERROR cuCtxGetApiVersion(ctx, &version) failed: invalid device context
[1784039912.217754] [h200x8-01:187844:0]      cuda_iface.h:85   UCX  ERROR cuCtxGetApiVersion(ctx, &version) failed: invalid device context
[1784039912.217756] [h200x8-01:187844:0]      cuda_iface.h:85   UCX  ERROR cuCtxGetApiVersion(ctx, &version) failed: invalid device context
[1784039912.217758] [h200x8-01:187844:0]      cuda_iface.h:85   UCX  ERROR cuCtxGetApiVersion(ctx, &versiOR cuCtxGetApiVersion(ctx, &version) failed: invalid device context
[1784039912.217916] [h200x8-01:187841:0]      cuda_iface.h:85   UCX  ERROR cuCtxGetApiVersion(ctx, &version) failed: invalid device context
[1784039912.217917] [h200x8-01:187841:0]      cuda_iface.h:85   UCX  ERROR cuCtxGetApiVersion(ctx, &version) failed: invalid device context
[1784039912.217919] [h200x8-01:187841:0]      cuda_iface.h:85   UCX  ERROR cuCtxGetApiVersion(ctx, &version) failed: invalid device context
[1784039912.217920] [h200x8-01:187841:0]      cuda_iface.h:85   UCX  ERROR cuCtxGetApiVersion(ctx, &version) failed: invalid device context
[1784039912.217922] [h200x8-01:187841:0]      cuda_iface.h:85   UCX  ERROR cuCtxGetApiVersion(ctx, &version) failed: invalid device context
[1784039912.217924] [h200x8-01:187841:0]      cuda_iface.h:85   UCX  ERROR cuCtxGetApiVersion(ctx, &version) failed: invalid device context
[1784039912.217926] [h200x8-01:187841:0]      cuda_iface.h:85   UCX  ERROR cuCtxGetApiVersion(ctx, &version) failed: invalid device context
[1784039912.217929] [h200x8-01:187841:0]      cuda_iface.h:85   UCX  ERROR cuCtxGetApiVersion(ctx, &version) failed: invalid device context
[1784039912.217931] [h200x8-01:187841:0]      cuda_iface.h:85   UCX  ERROR cuCtxGetApiVersion(ctx, &version) failed: invalid device context
[1784039912.217934] [h200x8-01:187841:0]      cuda_iface.h:85   UCX  ERROR cuCtxGetApiVersion(ctx, &version) failed: invalid device context
[1784039912.217938] [h200x8-01:187841:0]      cuda_iface.h:85   UCX  ERROR cuCtxGetApiVersion(ctx, &version) failed: invalid device context
[1784039912.217939] [h200x8-01:187841:0]      cuda_iface.h:85   UCX  ERROR cuCtxGetApiVersion(ctx, &version) failed: invalid device context
[1784039912.217941] [h200x8-01:187841:0]      cuda_iface.h:85   UCX  ERROR cuCtxGetApiVersion(ctx, &version) failed: invalid device context
[1784039912.217942] [h200x8-01:187841:0]      cuda_iface.h:85   UCX  ERROR cuCtxGetApiVersion(ctx, &version) failed: invalid device context
[1784039912.217943] [h200x8-01:187841:0]      cuda_iface.h:85   UCX  ERROR cuCtxGetApiVersion(ctx, &version) failed: invalid device context
[1784039912.217945] [h200x8-01:187841:0]      cuda_iface.h:85   UCX  ERROR cuCtxGetApiVersion(ctx, &version) failed: invalid device context
[1784039912.217948] [h200x8-01:187841:0]      cuda_iface.h:85   UCX  ERROR cuCtxGetApiVersion(ctx, &version) failed: invalid device context
[1784039912.217952] [h200x8-01:187841:0]      cuda_iface.h:85   UCX  ERROR cuCtxGetApiVersion(ctx, &version) failed: invalid device context
[1784039912.217953] [h200x8-01:187841:0]      cuda_iface.h:85   UCX  ERROR cuCtxGetApiVersion(ctx, &version) failed: invalid device context
[1784039912.217955] [h200x8-01:187841:0]      cuda_iface.h:85   UCX  ERROR cuCtxGetApiVersion(ctx, &version) failed: invalid device context
[1784039912.217957] [h200x8-01:187841:0]      cuda_iface.h:85   UCX  ERROR cuCtxGetApiVersion(ctx, &version) failed: invalid device context
[1784039912.217959] [h200x8-01:187841:0]      cuda_iface.h:85   UCX  ERROR cuCtxGetApiVersion(ctx, &version) failed: invalid device context
[1784039912.217961] [h200x8-01:187841:0]      cuda_iface.h:85   UCX  ERROR cuCtxGetApiVersion(ctx, &version) failed: invalid device context
[1784039912.217964] [h200x8-01:187841:0]      cuda_iface.h:85   UCX  ERROR cuCtxGetApiVersion(ctx, &version) failed: invalid device context
[1784039912.217965] [h200x8-01:187841:0]      cuda_iface.h:85   UCX  ERROR cuCtxGetApiVersion(ctx, &version) failed: invalid device context
[1784039912.217967] [h200x8-01:187841:0]      cuda_iface.h:85   UCX  ERROR cuCtxGetApiVersion(ctx, &version) failed: invalid device context
[1784039912.217969] [h200x8-01:187841:0]      cuda_iface.h:85   UCX  ERROR cuCtxGetApiVersion(ctx, &version) failed: invalid device context
[1784039912.217973] [h200x8-01:187841:0]      cuda_iface.h:85   UCX  ERROR cuCtxGetApiVersion(ctx, &version) failed: invalid device context
[1784039912.217976] [h200x8-01:187841:0]      cuda_iface.h:85   UCX  ERROR cuCtxGetApiVersion(ctx, &versionROR cuCtxGetApiVersion(ctx, &version) failed: invalid device context
[1784039912.217847] [h200x8-01:187851:0]      cuda_iface.h:85   UCX  ERROR cuCtxGetApiVersion(ctx, &version) failed: invalid device context
[1784039912.217849] [h200x8-01:187851:0]      cuda_iface.h:85   UCX  ERROR cuCtxGetApiVersion(ctx, &version) failed: invalid device context
[1784039912.217850] [h200x8-01:187851:0]      cuda_iface.h:85   UCX  ERROR cuCtxGetApiVersion(ctx, &version) failed: invalid device context
[1784039912.217853] [h200x8-01:187851:0]      cuda_iface.h:85   UCX  ERROR cuCtxGetApiVersion(ctx, &version) failed: invalid device context
[1784039912.217855] [h200x8-01:187851:0]      cuda_iface.h:85   UCX  ERROR cuCtxGetApiVersion(ctx, &version) failed: invalid device context
[1784039912.217857] [h200x8-01:187851:0]      cuda_iface.h:85   UCX  ERROR cuCtxGetApiVersion(ctx, &version) failed: invalid device context
[1784039912.217860] [h200x8-01:187851:0]      cuda_iface.h:85   UCX  ERROR cuCtxGetApiVersion(ctx, &version) failed: invalid device context
[1784039912.217861] [h200x8-01:187851:0]      cuda_iface.h:85   UCX  ERROR cuCtxGetApiVersion(ctx, &version) failed: invalid device context
[1784039912.217863] [h200x8-01:187851:0]      cuda_iface.h:85   UCX  ERROR cuCtxGetApiVersion(ctx, &version) failed: invalid device context
[1784039912.217865] [h200x8-01:187851:0]      cuda_iface.h:85   UCX  ERROR cuCtxGetApiVersion(ctx, &version) failed: invalid device context
[1784039912.217866] [h200x8-01:187851:0]      cuda_iface.h:85   UCX  ERROR cuCtxGetApiVersion(ctx, &version) failed: invalid device context
[1784039912.217868] [h200x8-01:187851:0]      cuda_iface.h:85   UCX  ERROR cuCtxGetApiVersion(ctx, &version) failed: invalid device context
[1784039912.217870] [h200x8-01:187851:0]      cuda_iface.h:85   UCX  ERROR cuCtxGetApiVersion(ctx, &version) failed: invalid device context
[1784039912.217872] [h200x8-01:187851:0]      cuda_iface.h:85   UCX  ERROR cuCtxGetApiVersion(ctx, &version) failed: invalid device context
[1784039912.217874] [h200x8-01:187851:0]      cuda_iface.h:85   UCX  ERROR cuCtxGetApiVersion(ctx, &version) failed: invalid device context
[1784039912.217876] [h200x8-01:187851:0]      cuda_iface.h:85   UCX  ERROR cuCtxGetApiVersion(ctx, &version) failed: invalid device context
[1784039912.217878] [h200x8-01:187851:0]      cuda_iface.h:85   UCX  ERROR cuCtxGetApiVersion(ctx, &version) failed: invalid device context
[1784039912.217880] [h200x8-01:187851:0]      cuda_iface.h:85   UCX  ERROR cuCtxGetApiVersion(ctx, &version) failed: invalid device context
[1784039912.217882] [h200x8-01:187851:0]      cuda_iface.h:85   UCX  ERROR cuCtxGetApiVersion(ctx, &version) failed: invalid device context
[1784039912.217884] [h200x8-01:187851:0]      cuda_iface.h:85   UCX  ERROR cuCtxGetApiVersion(ctx, &version) failed: invalid device context
[1784039912.217885] [h200x8-01:187851:0]      cuda_iface.h:85   UCX  ERROR cuCtxGetApiVersion(ctx, &version) failed: invalid device context
[1784039912.217887] [h200x8-01:187851:0]      cuda_iface.h:85   UCX  ERROR cuCtxGetApiVersion(ctx, &version) failed: invalid device context
[1784039912.217889] [h200x8-01:187851:0]      cuda_iface.h:85   UCX  ERROR cuCtxGetApiVersion(ctx, &version) failed: invalid device context
[1784039912.217890] [h200x8-01:187851:0]      cuda_iface.h:85   UCX  ERROR cuCtxGetApiVersion(ctx, &version) failed: invalid device context
[1784039912.217891] [h200x8-01:187851:0]      cuda_iface.h:85   UCX  ERROR cuCtxGetApiVersion(ctx, &version) failed: invalid device context
[1784039912.217893] [h200x8-01:187851:0]      cuda_iface.h:85   UCX  ERROR cuCtxGetApiVersion(ctx, &version) failed: invalid device context
[1784039912.217895] [h200x8-01:187851:0]      cuda_iface.h:85   UCX  ERROR cuCtxGetApiVersion(ctx, &version) failed: invalid device context
[1784039912.217896] [h200x8-01:187851:0]      cuda_iface.h:85   UCX  ERROR cuCtxGetApiVersion(ctx, &version) failed: invalid device context
[1784039912.217899] [h200x8-01:187851:0]      cuda_iface.h:85   UCX  ERROR cuCtxGetApiVersion(ctx, &versio40:0]      cuda_iface.h:85   UCX  ERROR cuCtxGetApiVersion(ctx, &version) failed: invalid device context
[1784039912.217961] [h200x8-01:187840:0]      cuda_iface.h:85   UCX  ERROR cuCtxGetApiVersion(ctx, &version) failed: invalid device context
[1784039912.217962] [h200x8-01:187840:0]      cuda_iface.h:85   UCX  ERROR cuCtxGetApiVersion(ctx, &version) failed: invalid device context
[1784039912.217965] [h200x8-01:187840:0]      cuda_iface.h:85   UCX  ERROR cuCtxGetApiVersion(ctx, &version) failed: invalid device context
[1784039912.217966] [h200x8-01:187840:0]      cuda_iface.h:85   UCX  ERROR cuCtxGetApiVersion(ctx, &version) failed: invalid device context
[1784039912.217967] [h200x8-01:187840:0]      cuda_iface.h:85   UCX  ERROR cuCtxGetApiVersion(ctx, &version) failed: invalid device context
[1784039912.217969] [h200x8-01:187840:0]      cuda_iface.h:85   UCX  ERROR cuCtxGetApiVersion(ctx, &version) failed: invalid device context
[1784039912.217971] [h200x8-01:187840:0]      cuda_iface.h:85   UCX  ERROR cuCtxGetApiVersion(ctx, &version) failed: invalid device context
[1784039912.217972] [h200x8-01:187840:0]      cuda_iface.h:85   UCX  ERROR cuCtxGetApiVersion(ctx, &version) failed: invalid device context
[1784039912.217974] [h200x8-01:187840:0]      cuda_iface.h:85   UCX  ERROR cuCtxGetApiVersion(ctx, &version) failed: invalid device context
[1784039912.217975] [h200x8-01:187840:0]      cuda_iface.h:85   UCX  ERROR cuCtxGetApiVersion(ctx, &version) failed: invalid device context
[1784039912.217977] [h200x8-01:187840:0]      cuda_iface.h:85   UCX  ERROR cuCtxGetApiVersion(ctx, &version) failed: invalid device context
[1784039912.217978] [h200x8-01:187840:0]      cuda_iface.h:85   UCX  ERROR cuCtxGetApiVersion(ctx, &version) failed: invalid device context
[1784039912.217979] [h200x8-01:187840:0]      cuda_iface.h:85   UCX  ERROR cuCtxGetApiVersion(ctx, &version) failed: invalid device context
[1784039912.217981] [h200x8-01:187840:0]      cuda_iface.h:85   UCX  ERROR cuCtxGetApiVersion(ctx, &version) failed: invalid device context
[1784039912.217982] [h200x8-01:187840:0]      cuda_iface.h:85   UCX  ERROR cuCtxGetApiVersion(ctx, &version) failed: invalid device context
[1784039912.217984] [h200x8-01:187840:0]      cuda_iface.h:85   UCX  ERROR cuCtxGetApiVersion(ctx, &version) failed: invalid device context
[1784039912.217987] [h200x8-01:187840:0]      cuda_iface.h:85   UCX  ERROR cuCtxGetApiVersion(ctx, &version) failed: invalid device context
[1784039912.217989] [h200x8-01:187840:0]      cuda_iface.h:85   UCX  ERROR cuCtxGetApiVersion(ctx, &version) failed: invalid device context
[1784039912.217990] [h200x8-01:187840:0]      cuda_iface.h:85   UCX  ERROR cuCtxGetApiVersion(ctx, &version) failed: invalid device context
[1784039912.217992] [h200x8-01:187840:0]      cuda_iface.h:85   UCX  ERROR cuCtxGetApiVersion(ctx, &version) failed: invalid device context
[1784039912.217993] [h200x8-01:187840:0]      cuda_iface.h:85   UCX  ERROR cuCtxGetApiVersion(ctx, &version) failed: invalid device context
[1784039912.217994] [h200x8-01:187840:0]      cuda_iface.h:85   UCX  ERROR cuCtxGetApiVersion(ctx, &version) failed: invalid device context
[1784039912.217996] [h200x8-01:187840:0]      cuda_iface.h:85   UCX  ERROR cuCtxGetApiVersion(ctx, &version) failed: invalid device context
[1784039912.217997] [h200x8-01:187840:0]      cuda_iface.h:85   UCX  ERROR cuCtxGetApiVersion(ctx, &version) failed: invalid device context
[1784039912.217999] [h200x8-01:187840:0]      cuda_iface.h:85   UCX  ERROR cuCtxGetApiVersion(ctx, &version) failed: invalid device context
[1784039912.218000] [h200x8-01:187840:0]      cuda_iface.h:85   UCX  ERROR cuCtxGetApiVersion(ctx, &version) failed: invalid device context
[1784039912.218001] [h200x8-01:187840:0]      cuda_iface.h:85   UCX  ERROR cuCtxGetApiVersion(ctx, &version) failed: invalid device context
[1784039912.218003] [h200x8-01:187840:0]      cuda_iface.h:85   UCX  ERROR cuCtxGetApiVersion(ctx, &version) failed: invalid device context
[1784039912.218005] [h200x8-01:187840:0]      cuda_iface.h:85   UCX  ER45:0]      cuda_iface.h:85   UCX  ERROR cuCtxGetApiVersion(ctx, &version) failed: invalid device context
[1784039912.217934] [h200x8-01:187845:0]      cuda_iface.h:85   UCX  ERROR cuCtxGetApiVersion(ctx, &version) failed: invalid device context
[1784039912.217935] [h200x8-01:187845:0]      cuda_iface.h:85   UCX  ERROR cuCtxGetApiVersion(ctx, &version) failed: invalid device context
[1784039912.217936] [h200x8-01:187845:0]      cuda_iface.h:85   UCX  ERROR cuCtxGetApiVersion(ctx, &version) failed: invalid device context
[1784039912.217939] [h200x8-01:187845:0]      cuda_iface.h:85   UCX  ERROR cuCtxGetApiVersion(ctx, &version) failed: invalid device context
[1784039912.217940] [h200x8-01:187845:0]      cuda_iface.h:85   UCX  ERROR cuCtxGetApiVersion(ctx, &version) failed: invalid device context
[1784039912.217942] [h200x8-01:187845:0]      cuda_iface.h:85   UCX  ERROR cuCtxGetApiVersion(ctx, &version) failed: invalid device context
[1784039912.217943] [h200x8-01:187845:0]      cuda_iface.h:85   UCX  ERROR cuCtxGetApiVersion(ctx, &version) failed: invalid device context
[1784039912.217945] [h200x8-01:187845:0]      cuda_iface.h:85   UCX  ERROR cuCtxGetApiVersion(ctx, &version) failed: invalid device context
[1784039912.217946] [h200x8-01:187845:0]      cuda_iface.h:85   UCX  ERROR cuCtxGetApiVersion(ctx, &version) failed: invalid device context
[1784039912.217949] [h200x8-01:187845:0]      cuda_iface.h:85   UCX  ERROR cuCtxGetApiVersion(ctx, &version) failed: invalid device context
[1784039912.217950] [h200x8-01:187845:0]      cuda_iface.h:85   UCX  ERROR cuCtxGetApiVersion(ctx, &version) failed: invalid device context
[1784039912.217952] [h200x8-01:187845:0]      cuda_iface.h:85   UCX  ERROR cuCtxGetApiVersion(ctx, &version) failed: invalid device context
[1784039912.217953] [h200x8-01:187845:0]      cuda_iface.h:85   UCX  ERROR cuCtxGetApiVersion(ctx, &version) failed: invalid device context
[1784039912.217956] [h200x8-01:187845:0]      cuda_iface.h:85   UCX  ERROR cuCtxGetApiVersion(ctx, &version) failed: invalid device context
[1784039912.217957] [h200x8-01:187845:0]      cuda_iface.h:85   UCX  ERROR cuCtxGetApiVersion(ctx, &version) failed: invalid device context
[1784039912.217959] [h200x8-01:187845:0]      cuda_iface.h:85   UCX  ERROR cuCtxGetApiVersion(ctx, &version) failed: invalid device context
[1784039912.217960] [h200x8-01:187845:0]      cuda_iface.h:85   UCX  ERROR cuCtxGetApiVersion(ctx, &version) failed: invalid device context
[1784039912.217963] [h200x8-01:187845:0]      cuda_iface.h:85   UCX  ERROR cuCtxGetApiVersion(ctx, &version) failed: invalid device context
[1784039912.217965] [h200x8-01:187845:0]      cuda_iface.h:85   UCX  ERROR cuCtxGetApiVersion(ctx, &version) failed: invalid device context
[1784039912.217966] [h200x8-01:187845:0]      cuda_iface.h:85   UCX  ERROR cuCtxGetApiVersion(ctx, &version) failed: invalid device context
[1784039912.217969] [h200x8-01:187845:0]      cuda_iface.h:85   UCX  ERROR cuCtxGetApiVersion(ctx, &version) failed: invalid device context
[1784039912.217971] [h200x8-01:187845:0]      cuda_iface.h:85   UCX  ERROR cuCtxGetApiVersion(ctx, &version) failed: invalid device context
[1784039912.217972] [h200x8-01:187845:0]      cuda_iface.h:85   UCX  ERROR cuCtxGetApiVersion(ctx, &version) failed: invalid device context
[1784039912.217974] [h200x8-01:187845:0]      cuda_iface.h:85   UCX  ERROR cuCtxGetApiVersion(ctx, &version) failed: invalid device context
[1784039912.217975] [h200x8-01:187845:0]      cuda_iface.h:85   UCX  ERROR cuCtxGetApiVersion(ctx, &version) failed: invalid device context
[1784039912.217976] [h200x8-01:187845:0]      cuda_iface.h:85   UCX  ERROR cuCtxGetApiVersion(ctx, &version) failed: invalid device context
[1784039912.217978] [h200x8-01:187845:0]      cuda_iface.h:85   UCX  ERROR cuCtxGetApiVersion(ctx, &version) failed: invalid device context
[1784039912.217979] [h200x8-01:187845:0]      cuda_iface.h:85   UCX  ERROR cuCtxGetApiVersion(ctx, &version) failed: invalid device context
[1784039912.217980] [h200x8-01:187845:0]      cuda_iface.h:85   UCX  E9:0]      cuda_iface.h:85   UCX  ERROR cuCtxGetApiVersion(ctx, &version) failed: invalid device context
[1784039912.217988] [h200x8-01:187849:0]      cuda_iface.h:85   UCX  ERROR cuCtxGetApiVersion(ctx, &version) failed: invalid device context
[1784039912.217990] [h200x8-01:187849:0]      cuda_iface.h:85   UCX  ERROR cuCtxGetApiVersion(ctx, &version) failed: invalid device context
[1784039912.217991] [h200x8-01:187849:0]      cuda_iface.h:85   UCX  ERROR cuCtxGetApiVersion(ctx, &version) failed: invalid device context
[1784039912.217992] [h200x8-01:187849:0]      cuda_iface.h:85   UCX  ERROR cuCtxGetApiVersion(ctx, &version) failed: invalid device context
[1784039912.217994] [h200x8-01:187849:0]      cuda_iface.h:85   UCX  ERROR cuCtxGetApiVersion(ctx, &version) failed: invalid device context
[1784039912.217995] [h200x8-01:187849:0]      cuda_iface.h:85   UCX  ERROR cuCtxGetApiVersion(ctx, &version) failed: invalid device context
[1784039912.217997] [h200x8-01:187849:0]      cuda_iface.h:85   UCX  ERROR cuCtxGetApiVersion(ctx, &version) failed: invalid device context
[1784039912.217999] [h200x8-01:187849:0]      cuda_iface.h:85   UCX  ERROR cuCtxGetApiVersion(ctx, &version) failed: invalid device context
[1784039912.218000] [h200x8-01:187849:0]      cuda_iface.h:85   UCX  ERROR cuCtxGetApiVersion(ctx, &version) failed: invalid device context
[1784039912.218001] [h200x8-01:187849:0]      cuda_iface.h:85   UCX  ERROR cuCtxGetApiVersion(ctx, &version) failed: invalid device context
[1784039912.218004] [h200x8-01:187849:0]      cuda_iface.h:85   UCX  ERROR cuCtxGetApiVersion(ctx, &version) failed: invalid device context
[1784039912.218005] [h200x8-01:187849:0]      cuda_iface.h:85   UCX  ERROR cuCtxGetApiVersion(ctx, &version) failed: invalid device context
[1784039912.218007] [h200x8-01:187849:0]      cuda_iface.h:85   UCX  ERROR cuCtxGetApiVersion(ctx, &version) failed: invalid device context
[1784039912.218011] [h200x8-01:187849:0]      cuda_iface.h:85   UCX  ERROR cuCtxGetApiVersion(ctx, &version) failed: invalid device context
[1784039912.218012] [h200x8-01:187849:0]      cuda_iface.h:85   UCX  ERROR cuCtxGetApiVersion(ctx, &version) failed: invalid device context
[1784039912.218014] [h200x8-01:187849:0]      cuda_iface.h:85   UCX  ERROR cuCtxGetApiVersion(ctx, &version) failed: invalid device context
[1784039912.218016] [h200x8-01:187849:0]      cuda_iface.h:85   UCX  ERROR cuCtxGetApiVersion(ctx, &version) failed: invalid device context
[1784039912.218017] [h200x8-01:187849:0]      cuda_iface.h:85   UCX  ERROR cuCtxGetApiVersion(ctx, &version) failed: invalid device context
[1784039912.218019] [h200x8-01:187849:0]      cuda_iface.h:85   UCX  ERROR cuCtxGetApiVersion(ctx, &version) failed: invalid device context
[1784039912.218021] [h200x8-01:187849:0]      cuda_iface.h:85   UCX  ERROR cuCtxGetApiVersion(ctx, &version) failed: invalid device context
[1784039912.218023] [h200x8-01:187849:0]      cuda_iface.h:85   UCX  ERROR cuCtxGetApiVersion(ctx, &version) failed: invalid device context
[1784039912.218025] [h200x8-01:187849:0]      cuda_iface.h:85   UCX  ERROR cuCtxGetApiVersion(ctx, &version) failed: invalid device context
[1784039912.218030] [h200x8-01:187849:0]      cuda_iface.h:85   UCX  ERROR cuCtxGetApiVersion(ctx, &version) failed: invalid device context
[1784039912.218031] [h200x8-01:187849:0]      cuda_iface.h:85   UCX  ERROR cuCtxGetApiVersion(ctx, &version) failed: invalid device context
[1784039912.218033] [h200x8-01:187849:0]      cuda_iface.h:85   UCX  ERROR cuCtxGetApiVersion(ctx, &version) failed: invalid device context
[1784039912.218035] [h200x8-01:187849:0]      cuda_iface.h:85   UCX  ERROR cuCtxGetApiVersion(ctx, &version) failed: invalid device context
[1784039912.218038] [h200x8-01:187849:0]      cuda_iface.h:85   UCX  ERROR cuCtxGetApiVersion(ctx, &version) failed: invalid device context
[1784039912.218041] [h200x8-01:187849:0]      cuda_iface.h:85   UCX  ERROR cuCtxGetApiVersion(ctx, &version) failed: invalid device context
[1784039912.218043] [h200x8-01:187849:0]      cuda_iface.h:85   UCX  ERR6:0]      cuda_iface.h:85   UCX  ERROR cuCtxGetApiVersion(ctx, &version) failed: invalid device context
[1784039912.217990] [h200x8-01:187846:0]      cuda_iface.h:85   UCX  ERROR cuCtxGetApiVersion(ctx, &version) failed: invalid device context
[1784039912.217992] [h200x8-01:187846:0]      cuda_iface.h:85   UCX  ERROR cuCtxGetApiVersion(ctx, &version) failed: invalid device context
[1784039912.217993] [h200x8-01:187846:0]      cuda_iface.h:85   UCX  ERROR cuCtxGetApiVersion(ctx, &version) failed: invalid device context
[1784039912.217995] [h200x8-01:187846:0]      cuda_iface.h:85   UCX  ERROR cuCtxGetApiVersion(ctx, &version) failed: invalid device context
[1784039912.217997] [h200x8-01:187846:0]      cuda_iface.h:85   UCX  ERROR cuCtxGetApiVersion(ctx, &version) failed: invalid device context
[1784039912.217998] [h200x8-01:187846:0]      cuda_iface.h:85   UCX  ERROR cuCtxGetApiVersion(ctx, &version) failed: invalid device context
[1784039912.218000] [h200x8-01:187846:0]      cuda_iface.h:85   UCX  ERROR cuCtxGetApiVersion(ctx, &version) failed: invalid device context
[1784039912.218001] [h200x8-01:187846:0]      cuda_iface.h:85   UCX  ERROR cuCtxGetApiVersion(ctx, &version) failed: invalid device context
[1784039912.218003] [h200x8-01:187846:0]      cuda_iface.h:85   UCX  ERROR cuCtxGetApiVersion(ctx, &version) failed: invalid device context
[1784039912.218004] [h200x8-01:187846:0]      cuda_iface.h:85   UCX  ERROR cuCtxGetApiVersion(ctx, &version) failed: invalid device context
[1784039912.218006] [h200x8-01:187846:0]      cuda_iface.h:85   UCX  ERROR cuCtxGetApiVersion(ctx, &version) failed: invalid device context
[1784039912.218008] [h200x8-01:187846:0]      cuda_iface.h:85   UCX  ERROR cuCtxGetApiVersion(ctx, &version) failed: invalid device context
[1784039912.218010] [h200x8-01:187846:0]      cuda_iface.h:85   UCX  ERROR cuCtxGetApiVersion(ctx, &version) failed: invalid device context
[1784039912.218011] [h200x8-01:187846:0]      cuda_iface.h:85   UCX  ERROR cuCtxGetApiVersion(ctx, &version) failed: invalid device context
[1784039912.218013] [h200x8-01:187846:0]      cuda_iface.h:85   UCX  ERROR cuCtxGetApiVersion(ctx, &version) failed: invalid device context
[1784039912.218014] [h200x8-01:187846:0]      cuda_iface.h:85   UCX  ERROR cuCtxGetApiVersion(ctx, &version) failed: invalid device context
[1784039912.218016] [h200x8-01:187846:0]      cuda_iface.h:85   UCX  ERROR cuCtxGetApiVersion(ctx, &version) failed: invalid device context
[1784039912.218017] [h200x8-01:187846:0]      cuda_iface.h:85   UCX  ERROR cuCtxGetApiVersion(ctx, &version) failed: invalid device context
[1784039912.218018] [h200x8-01:187846:0]      cuda_iface.h:85   UCX  ERROR cuCtxGetApiVersion(ctx, &version) failed: invalid device context
[1784039912.218020] [h200x8-01:187846:0]      cuda_iface.h:85   UCX  ERROR cuCtxGetApiVersion(ctx, &version) failed: invalid device context
[1784039912.218021] [h200x8-01:187846:0]      cuda_iface.h:85   UCX  ERROR cuCtxGetApiVersion(ctx, &version) failed: invalid device context
[1784039912.218022] [h200x8-01:187846:0]      cuda_iface.h:85   UCX  ERROR cuCtxGetApiVersion(ctx, &version) failed: invalid device context
[1784039912.218024] [h200x8-01:187846:0]      cuda_iface.h:85   UCX  ERROR cuCtxGetApiVersion(ctx, &version) failed: invalid device context
[1784039912.218028] [h200x8-01:187846:0]      cuda_iface.h:85   UCX  ERROR cuCtxGetApiVersion(ctx, &version) failed: invalid device context
[1784039912.218030] [h200x8-01:187846:0]      cuda_iface.h:85   UCX  ERROR cuCtxGetApiVersion(ctx, &version) failed: invalid device context
[1784039912.218032] [h200x8-01:187846:0]      cuda_iface.h:85   UCX  ERROR cuCtxGetApiVersion(ctx, &version) failed: invalid device context
[1784039912.218034] [h200x8-01:187846:0]      cuda_iface.h:85   UCX  ERROR cuCtxGetApiVersion(ctx, &version) failed: invalid device context
[1784039912.218036] [h200x8-01:187846:0]      cuda_iface.h:85   UCX  ERROR cuCtxGetApiVersion(ctx, &version) failed: invalid device context
[1784039912.218038] [h200x8-01:187846:0]      cuda_iface.h:85   UCX  ERRRROR cuCtxGetApiVersion(ctx, &version) failed: invalid device context
[1784039912.217651] [h200x8-01:187839:0]      cuda_iface.h:85   UCX  ERROR cuCtxGetApiVersion(ctx, &version) failed: invalid device context
[1784039912.217653] [h200x8-01:187839:0]      cuda_iface.h:85   UCX  ERROR cuCtxGetApiVersion(ctx, &version) failed: invalid device context
[1784039912.217654] [h200x8-01:187839:0]      cuda_iface.h:85   UCX  ERROR cuCtxGetApiVersion(ctx, &version) failed: invalid device context
[1784039912.217655] [h200x8-01:187839:0]      cuda_iface.h:85   UCX  ERROR cuCtxGetApiVersion(ctx, &version) failed: invalid device context
[1784039912.217657] [h200x8-01:187839:0]      cuda_iface.h:85   UCX  ERROR cuCtxGetApiVersion(ctx, &version) failed: invalid device context
[1784039912.217658] [h200x8-01:187839:0]      cuda_iface.h:85   UCX  ERROR cuCtxGetApiVersion(ctx, &version) failed: invalid device context
[1784039912.217660] [h200x8-01:187839:0]      cuda_iface.h:85   UCX  ERROR cuCtxGetApiVersion(ctx, &version) failed: invalid device context
[1784039912.217661] [h200x8-01:187839:0]      cuda_iface.h:85   UCX  ERROR cuCtxGetApiVersion(ctx, &version) failed: invalid device context
[1784039912.217662] [h200x8-01:187839:0]      cuda_iface.h:85   UCX  ERROR cuCtxGetApiVersion(ctx, &version) failed: invalid device context
[1784039912.217663] [h200x8-01:187839:0]      cuda_iface.h:85   UCX  ERROR cuCtxGetApiVersion(ctx, &version) failed: invalid device context
[1784039912.217665] [h200x8-01:187839:0]      cuda_iface.h:85   UCX  ERROR cuCtxGetApiVersion(ctx, &version) failed: invalid device context
[1784039912.217666] [h200x8-01:187839:0]      cuda_iface.h:85   UCX  ERROR cuCtxGetApiVersion(ctx, &version) failed: invalid device context
[1784039912.217667] [h200x8-01:187839:0]      cuda_iface.h:85   UCX  ERROR cuCtxGetApiVersion(ctx, &version) failed: invalid device context
[1784039912.217669] [h200x8-01:187839:0]      cuda_iface.h:85   UCX  ERROR cuCtxGetApiVersion(ctx, &version) failed: invalid device context
[1784039912.217671] [h200x8-01:187839:0]      cuda_iface.h:85   UCX  ERROR cuCtxGetApiVersion(ctx, &version) failed: invalid device context
[1784039912.217672] [h200x8-01:187839:0]      cuda_iface.h:85   UCX  ERROR cuCtxGetApiVersion(ctx, &version) failed: invalid device context
[1784039912.217674] [h200x8-01:187839:0]      cuda_iface.h:85   UCX  ERROR cuCtxGetApiVersion(ctx, &version) failed: invalid device context
[1784039912.217675] [h200x8-01:187839:0]      cuda_iface.h:85   UCX  ERROR cuCtxGetApiVersion(ctx, &version) failed: invalid device context
[1784039912.217676] [h200x8-01:187839:0]      cuda_iface.h:85   UCX  ERROR cuCtxGetApiVersion(ctx, &version) failed: invalid device context
[1784039912.217678] [h200x8-01:187839:0]      cuda_iface.h:85   UCX  ERROR cuCtxGetApiVersion(ctx, &version) failed: invalid device context
[1784039912.217679] [h200x8-01:187839:0]      cuda_iface.h:85   UCX  ERROR cuCtxGetApiVersion(ctx, &version) failed: invalid device context
[1784039912.217681] [h200x8-01:187839:0]      cuda_iface.h:85   UCX  ERROR cuCtxGetApiVersion(ctx, &version) failed: invalid device context
[1784039912.217682] [h200x8-01:187839:0]      cuda_iface.h:85   UCX  ERROR cuCtxGetApiVersion(ctx, &version) failed: invalid device context
[1784039912.217683] [h200x8-01:187839:0]      cuda_iface.h:85   UCX  ERROR cuCtxGetApiVersion(ctx, &version) failed: invalid device context
[1784039912.217685] [h200x8-01:187839:0]      cuda_iface.h:85   UCX  ERROR cuCtxGetApiVersion(ctx, &version) failed: invalid device context
[1784039912.217686] [h200x8-01:187839:0]      cuda_iface.h:85   UCX  ERROR cuCtxGetApiVersion(ctx, &version) failed: invalid device context
[1784039912.217688] [h200x8-01:187839:0]      cuda_iface.h:85   UCX  ERROR cuCtxGetApiVersion(ctx, &version) failed: invalid device context
[1784039912.217689] [h200x8-01:187839:0]      cuda_iface.h:85   UCX  ERROR cuCtxGetApiVersion(ctx, &version) failed: invalid device context
[1784039912.217690] [h200x8-01:187839:0]      cuda_iface.h:85   UCX  ERROR cuCtxGetApiVersion(ctx, &versiOR cuCtxGetApiVersion(ctx, &version) failed: invalid device context
[1784039912.218040] [h200x8-01:187846:0]      cuda_iface.h:85   UCX  ERROR cuCtxGetApiVersion(ctx, &version) failed: invalid device context
[1784039912.218042] [h200x8-01:187846:0]      cuda_iface.h:85   UCX  ERROR cuCtxGetApiVersion(ctx, &version) failed: invalid device context
[1784039912.218044] [h200x8-01:187846:0]      cuda_iface.h:85   UCX  ERROR cuCtxGetApiVersion(ctx, &version) failed: invalid device context
[1784039912.218046] [h200x8-01:187846:0]      cuda_iface.h:85   UCX  ERROR cuCtxGetApiVersion(ctx, &version) failed: invalid device context
[1784039912.218047] [h200x8-01:187846:0]      cuda_iface.h:85   UCX  ERROR cuCtxGetApiVersion(ctx, &version) failed: invalid device context
[1784039912.218049] [h200x8-01:187846:0]      cuda_iface.h:85   UCX  ERROR cuCtxGetApiVersion(ctx, &version) failed: invalid device context
[1784039912.218051] [h200x8-01:187846:0]      cuda_iface.h:85   UCX  ERROR cuCtxGetApiVersion(ctx, &version) failed: invalid device context
[1784039912.218054] [h200x8-01:187846:0]      cuda_iface.h:85   UCX  ERROR cuCtxGetApiVersion(ctx, &version) failed: invalid device context
[1784039912.218056] [h200x8-01:187846:0]      cuda_iface.h:85   UCX  ERROR cuCtxGetApiVersion(ctx, &version) failed: invalid device context
[1784039912.218058] [h200x8-01:187846:0]      cuda_iface.h:85   UCX  ERROR cuCtxGetApiVersion(ctx, &version) failed: invalid device context
[1784039912.218059] [h200x8-01:187846:0]      cuda_iface.h:85   UCX  ERROR cuCtxGetApiVersion(ctx, &version) failed: invalid device context
[1784039912.218061] [h200x8-01:187846:0]      cuda_iface.h:85   UCX  ERROR cuCtxGetApiVersion(ctx, &version) failed: invalid device context
[1784039912.218065] [h200x8-01:187846:0]      cuda_iface.h:85   UCX  ERROR cuCtxGetApiVersion(ctx, &version) failed: invalid device context
[1784039912.218070] [h200x8-01:187846:0]      cuda_iface.h:85   UCX  ERROR cuCtxGetApiVersion(ctx, &version) failed: invalid device context
[1784039912.218075] [h200x8-01:187846:0]      cuda_iface.h:85   UCX  ERROR cuCtxGetApiVersion(ctx, &version) failed: invalid device context
[1784039912.218079] [h200x8-01:187846:0]      cuda_iface.h:85   UCX  ERROR cuCtxGetApiVersion(ctx, &version) failed: invalid device context
[1784039912.218083] [h200x8-01:187846:0]      cuda_iface.h:85   UCX  ERROR cuCtxGetApiVersion(ctx, &version) failed: invalid device context
[1784039912.218086] [h200x8-01:187846:0]      cuda_iface.h:85   UCX  ERROR cuCtxGetApiVersion(ctx, &version) failed: invalid device context
[1784039912.218090] [h200x8-01:187846:0]      cuda_iface.h:85   UCX  ERROR cuCtxGetApiVersion(ctx, &version) failed: invalid device context
[1784039912.218094] [h200x8-01:187846:0]      cuda_iface.h:85   UCX  ERROR cuCtxGetApiVersion(ctx, &version) failed: invalid device context
[1784039912.218096] [h200x8-01:187846:0]      cuda_iface.h:85   UCX  ERROR cuCtxGetApiVersion(ctx, &version) failed: invalid device context
[1784039912.218102] [h200x8-01:187846:0]      cuda_iface.h:85   UCX  ERROR cuCtxGetApiVersion(ctx, &version) failed: invalid device context
[1784039912.218106] [h200x8-01:187846:0]      cuda_iface.h:85   UCX  ERROR cuCtxGetApiVersion(ctx, &version) failed: invalid device context
[1784039912.218109] [h200x8-01:187846:0]      cuda_iface.h:85   UCX  ERROR cuCtxGetApiVersion(ctx, &version) failed: invalid device context
[1784039912.218113] [h200x8-01:187846:0]      cuda_iface.h:85   UCX  ERROR cuCtxGetApiVersion(ctx, &version) failed: invalid device context
[1784039912.218117] [h200x8-01:187846:0]      cuda_iface.h:85   UCX  ERROR cuCtxGetApiVersion(ctx, &version) failed: invalid device context
[1784039912.218120] [h200x8-01:187846:0]      cuda_iface.h:85   UCX  ERROR cuCtxGetApiVersion(ctx, &version) failed: invalid device context
[1784039912.218122] [h200x8-01:187846:0]      cuda_iface.h:85   UCX  ERROR cuCtxGetApiVersion(ctx, &version) failed: invalid device context
[1784039912.218123] [h200x8-01:187846:0]      cuda_iface.h:85   UCX  ERROR cuCtxGetApiVersion(ctx, &versionon) failed: invalid device context
[1784039912.217759] [h200x8-01:187844:0]      cuda_iface.h:85   UCX  ERROR cuCtxGetApiVersion(ctx, &version) failed: invalid device context
[1784039912.217761] [h200x8-01:187844:0]      cuda_iface.h:85   UCX  ERROR cuCtxGetApiVersion(ctx, &version) failed: invalid device context
[1784039912.217763] [h200x8-01:187844:0]      cuda_iface.h:85   UCX  ERROR cuCtxGetApiVersion(ctx, &version) failed: invalid device context
[1784039912.217764] [h200x8-01:187844:0]      cuda_iface.h:85   UCX  ERROR cuCtxGetApiVersion(ctx, &version) failed: invalid device context
[1784039912.217767] [h200x8-01:187844:0]      cuda_iface.h:85   UCX  ERROR cuCtxGetApiVersion(ctx, &version) failed: invalid device context
[1784039912.217769] [h200x8-01:187844:0]      cuda_iface.h:85   UCX  ERROR cuCtxGetApiVersion(ctx, &version) failed: invalid device context
[1784039912.217771] [h200x8-01:187844:0]      cuda_iface.h:85   UCX  ERROR cuCtxGetApiVersion(ctx, &version) failed: invalid device context
[1784039912.217773] [h200x8-01:187844:0]      cuda_iface.h:85   UCX  ERROR cuCtxGetApiVersion(ctx, &version) failed: invalid device context
[1784039912.217776] [h200x8-01:187844:0]      cuda_iface.h:85   UCX  ERROR cuCtxGetApiVersion(ctx, &version) failed: invalid device context
[1784039912.217778] [h200x8-01:187844:0]      cuda_iface.h:85   UCX  ERROR cuCtxGetApiVersion(ctx, &version) failed: invalid device context
[1784039912.217781] [h200x8-01:187844:0]      cuda_iface.h:85   UCX  ERROR cuCtxGetApiVersion(ctx, &version) failed: invalid device context
[1784039912.217783] [h200x8-01:187844:0]      cuda_iface.h:85   UCX  ERROR cuCtxGetApiVersion(ctx, &version) failed: invalid device context
[1784039912.217786] [h200x8-01:187844:0]      cuda_iface.h:85   UCX  ERROR cuCtxGetApiVersion(ctx, &version) failed: invalid device context
[1784039912.217789] [h200x8-01:187844:0]      cuda_iface.h:85   UCX  ERROR cuCtxGetApiVersion(ctx, &version) failed: invalid device context
[1784039912.217790] [h200x8-01:187844:0]      cuda_iface.h:85   UCX  ERROR cuCtxGetApiVersion(ctx, &version) failed: invalid device context
[1784039912.217793] [h200x8-01:187844:0]      cuda_iface.h:85   UCX  ERROR cuCtxGetApiVersion(ctx, &version) failed: invalid device context
[1784039912.217795] [h200x8-01:187844:0]      cuda_iface.h:85   UCX  ERROR cuCtxGetApiVersion(ctx, &version) failed: invalid device context
[1784039912.217797] [h200x8-01:187844:0]      cuda_iface.h:85   UCX  ERROR cuCtxGetApiVersion(ctx, &version) failed: invalid device context
[1784039912.217799] [h200x8-01:187844:0]      cuda_iface.h:85   UCX  ERROR cuCtxGetApiVersion(ctx, &version) failed: invalid device context
[1784039912.217801] [h200x8-01:187844:0]      cuda_iface.h:85   UCX  ERROR cuCtxGetApiVersion(ctx, &version) failed: invalid device context
[1784039912.217803] [h200x8-01:187844:0]      cuda_iface.h:85   UCX  ERROR cuCtxGetApiVersion(ctx, &version) failed: invalid device context
[1784039912.217806] [h200x8-01:187844:0]      cuda_iface.h:85   UCX  ERROR cuCtxGetApiVersion(ctx, &version) failed: invalid device context
[1784039912.217808] [h200x8-01:187844:0]      cuda_iface.h:85   UCX  ERROR cuCtxGetApiVersion(ctx, &version) failed: invalid device context
[1784039912.217810] [h200x8-01:187844:0]      cuda_iface.h:85   UCX  ERROR cuCtxGetApiVersion(ctx, &version) failed: invalid device context
[1784039912.217813] [h200x8-01:187844:0]      cuda_iface.h:85   UCX  ERROR cuCtxGetApiVersion(ctx, &version) failed: invalid device context
[1784039912.217815] [h200x8-01:187844:0]      cuda_iface.h:85   UCX  ERROR cuCtxGetApiVersion(ctx, &version) failed: invalid device context
[1784039912.217817] [h200x8-01:187844:0]      cuda_iface.h:85   UCX  ERROR cuCtxGetApiVersion(ctx, &version) failed: invalid device context
[1784039912.217819] [h200x8-01:187844:0]      cuda_iface.h:85   UCX  ERROR cuCtxGetApiVersion(ctx, &version) failed: invalid device context
[1784039912.217821] [h200x8-01:187844:0]      cuda_iface.h:85   UCX  ERROR cuCtxGetApiVersion(ctx, &version) failed: invalid device context
) failed: invalid device context
[1784039912.217978] [h200x8-01:187841:0]      cuda_iface.h:85   UCX  ERROR cuCtxGetApiVersion(ctx, &version) failed: invalid device context
[1784039912.217980] [h200x8-01:187841:0]      cuda_iface.h:85   UCX  ERROR cuCtxGetApiVersion(ctx, &version) failed: invalid device context
[1784039912.217981] [h200x8-01:187841:0]      cuda_iface.h:85   UCX  ERROR cuCtxGetApiVersion(ctx, &version) failed: invalid device context
[1784039912.217984] [h200x8-01:187841:0]      cuda_iface.h:85   UCX  ERROR cuCtxGetApiVersion(ctx, &version) failed: invalid device context
[1784039912.217986] [h200x8-01:187841:0]      cuda_iface.h:85   UCX  ERROR cuCtxGetApiVersion(ctx, &version) failed: invalid device context
[1784039912.217989] [h200x8-01:187841:0]      cuda_iface.h:85   UCX  ERROR cuCtxGetApiVersion(ctx, &version) failed: invalid device context
[1784039912.217991] [h200x8-01:187841:0]      cuda_iface.h:85   UCX  ERROR cuCtxGetApiVersion(ctx, &version) failed: invalid device context
[1784039912.217993] [h200x8-01:187841:0]      cuda_iface.h:85   UCX  ERROR cuCtxGetApiVersion(ctx, &version) failed: invalid device context
[1784039912.217996] [h200x8-01:187841:0]      cuda_iface.h:85   UCX  ERROR cuCtxGetApiVersion(ctx, &version) failed: invalid device context
[1784039912.217998] [h200x8-01:187841:0]      cuda_iface.h:85   UCX  ERROR cuCtxGetApiVersion(ctx, &version) failed: invalid device context
[1784039912.218000] [h200x8-01:187841:0]      cuda_iface.h:85   UCX  ERROR cuCtxGetApiVersion(ctx, &version) failed: invalid device context
[1784039912.218002] [h200x8-01:187841:0]      cuda_iface.h:85   UCX  ERROR cuCtxGetApiVersion(ctx, &version) failed: invalid device context
[1784039912.218004] [h200x8-01:187841:0]      cuda_iface.h:85   UCX  ERROR cuCtxGetApiVersion(ctx, &version) failed: invalid device context
[1784039912.218006] [h200x8-01:187841:0]      cuda_iface.h:85   UCX  ERROR cuCtxGetApiVersion(ctx, &version) failed: invalid device context
[1784039912.218008] [h200x8-01:187841:0]      cuda_iface.h:85   UCX  ERROR cuCtxGetApiVersion(ctx, &version) failed: invalid device context
[1784039912.218010] [h200x8-01:187841:0]      cuda_iface.h:85   UCX  ERROR cuCtxGetApiVersion(ctx, &version) failed: invalid device context
[1784039912.218011] [h200x8-01:187841:0]      cuda_iface.h:85   UCX  ERROR cuCtxGetApiVersion(ctx, &version) failed: invalid device context
[1784039912.218014] [h200x8-01:187841:0]      cuda_iface.h:85   UCX  ERROR cuCtxGetApiVersion(ctx, &version) failed: invalid device context
[1784039912.218016] [h200x8-01:187841:0]      cuda_iface.h:85   UCX  ERROR cuCtxGetApiVersion(ctx, &version) failed: invalid device context
[1784039912.218019] [h200x8-01:187841:0]      cuda_iface.h:85   UCX  ERROR cuCtxGetApiVersion(ctx, &version) failed: invalid device context
[1784039912.218020] [h200x8-01:187841:0]      cuda_iface.h:85   UCX  ERROR cuCtxGetApiVersion(ctx, &version) failed: invalid device context
[1784039912.218022] [h200x8-01:187841:0]      cuda_iface.h:85   UCX  ERROR cuCtxGetApiVersion(ctx, &version) failed: invalid device context
[1784039912.218023] [h200x8-01:187841:0]      cuda_iface.h:85   UCX  ERROR cuCtxGetApiVersion(ctx, &version) failed: invalid device context
[1784039912.218024] [h200x8-01:187841:0]      cuda_iface.h:85   UCX  ERROR cuCtxGetApiVersion(ctx, &version) failed: invalid device context
[1784039912.218027] [h200x8-01:187841:0]      cuda_iface.h:85   UCX  ERROR cuCtxGetApiVersion(ctx, &version) failed: invalid device context
[1784039912.218031] [h200x8-01:187841:0]      cuda_iface.h:85   UCX  ERROR cuCtxGetApiVersion(ctx, &version) failed: invalid device context
[1784039912.218034] [h200x8-01:187841:0]      cuda_iface.h:85   UCX  ERROR cuCtxGetApiVersion(ctx, &version) failed: invalid device context
[1784039912.218036] [h200x8-01:187841:0]      cuda_iface.h:85   UCX  ERROR cuCtxGetApiVersion(ctx, &version) failed: invalid device context
[1784039912.218039] [h200x8-01:187841:0]      cuda_iface.h:85   UCX  ERROR cuCtxGetApiVersion(ctx, &version) failed: invalid device context
[1n) failed: invalid device context
[1784039912.217902] [h200x8-01:187851:0]      cuda_iface.h:85   UCX  ERROR cuCtxGetApiVersion(ctx, &version) failed: invalid device context
[1784039912.217903] [h200x8-01:187851:0]      cuda_iface.h:85   UCX  ERROR cuCtxGetApiVersion(ctx, &version) failed: invalid device context
[1784039912.217904] [h200x8-01:187851:0]      cuda_iface.h:85   UCX  ERROR cuCtxGetApiVersion(ctx, &version) failed: invalid device context
[1784039912.217907] [h200x8-01:187851:0]      cuda_iface.h:85   UCX  ERROR cuCtxGetApiVersion(ctx, &version) failed: invalid device context
[1784039912.217909] [h200x8-01:187851:0]      cuda_iface.h:85   UCX  ERROR cuCtxGetApiVersion(ctx, &version) failed: invalid device context
[1784039912.217915] [h200x8-01:187851:0]      cuda_iface.h:85   UCX  ERROR cuCtxGetApiVersion(ctx, &version) failed: invalid device context
[1784039912.217918] [h200x8-01:187851:0]      cuda_iface.h:85   UCX  ERROR cuCtxGetApiVersion(ctx, &version) failed: invalid device context
[1784039912.217920] [h200x8-01:187851:0]      cuda_iface.h:85   UCX  ERROR cuCtxGetApiVersion(ctx, &version) failed: invalid device context
[1784039912.217922] [h200x8-01:187851:0]      cuda_iface.h:85   UCX  ERROR cuCtxGetApiVersion(ctx, &version) failed: invalid device context
[1784039912.217925] [h200x8-01:187851:0]      cuda_iface.h:85   UCX  ERROR cuCtxGetApiVersion(ctx, &version) failed: invalid device context
[1784039912.217928] [h200x8-01:187851:0]      cuda_iface.h:85   UCX  ERROR cuCtxGetApiVersion(ctx, &version) failed: invalid device context
[1784039912.217931] [h200x8-01:187851:0]      cuda_iface.h:85   UCX  ERROR cuCtxGetApiVersion(ctx, &version) failed: invalid device context
[1784039912.217935] [h200x8-01:187851:0]      cuda_iface.h:85   UCX  ERROR cuCtxGetApiVersion(ctx, &version) failed: invalid device context
[1784039912.217937] [h200x8-01:187851:0]      cuda_iface.h:85   UCX  ERROR cuCtxGetApiVersion(ctx, &version) failed: invalid device context
[1784039912.217938] [h200x8-01:187851:0]      cuda_iface.h:85   UCX  ERROR cuCtxGetApiVersion(ctx, &version) failed: invalid device context
[1784039912.217940] [h200x8-01:187851:0]      cuda_iface.h:85   UCX  ERROR cuCtxGetApiVersion(ctx, &version) failed: invalid device context
[1784039912.217941] [h200x8-01:187851:0]      cuda_iface.h:85   UCX  ERROR cuCtxGetApiVersion(ctx, &version) failed: invalid device context
[1784039912.217942] [h200x8-01:187851:0]      cuda_iface.h:85   UCX  ERROR cuCtxGetApiVersion(ctx, &version) failed: invalid device context
[1784039912.217945] [h200x8-01:187851:0]      cuda_iface.h:85   UCX  ERROR cuCtxGetApiVersion(ctx, &version) failed: invalid device context
[1784039912.217947] [h200x8-01:187851:0]      cuda_iface.h:85   UCX  ERROR cuCtxGetApiVersion(ctx, &version) failed: invalid device context
[1784039912.217949] [h200x8-01:187851:0]      cuda_iface.h:85   UCX  ERROR cuCtxGetApiVersion(ctx, &version) failed: invalid device context
[1784039912.217950] [h200x8-01:187851:0]      cuda_iface.h:85   UCX  ERROR cuCtxGetApiVersion(ctx, &version) failed: invalid device context
[1784039912.217953] [h200x8-01:187851:0]      cuda_iface.h:85   UCX  ERROR cuCtxGetApiVersion(ctx, &version) failed: invalid device context
[1784039912.217954] [h200x8-01:187851:0]      cuda_iface.h:85   UCX  ERROR cuCtxGetApiVersion(ctx, &version) failed: invalid device context
[1784039912.217956] [h200x8-01:187851:0]      cuda_iface.h:85   UCX  ERROR cuCtxGetApiVersion(ctx, &version) failed: invalid device context
[1784039912.217957] [h200x8-01:187851:0]      cuda_iface.h:85   UCX  ERROR cuCtxGetApiVersion(ctx, &version) failed: invalid device context
[1784039912.217959] [h200x8-01:187851:0]      cuda_iface.h:85   UCX  ERROR cuCtxGetApiVersion(ctx, &version) failed: invalid device context
[1784039912.217962] [h200x8-01:187851:0]      cuda_iface.h:85   UCX  ERROR cuCtxGetApiVersion(ctx, &version) failed: invalid device context
[1784039912.217963] [h200x8-01:187851:0]      cuda_iface.h:85   UCX  ERROR cuCtxGetApiVersion(ctx, &version) failed: invalid device context
[ROR cuCtxGetApiVersion(ctx, &version) failed: invalid device context
[1784039912.218006] [h200x8-01:187840:0]      cuda_iface.h:85   UCX  ERROR cuCtxGetApiVersion(ctx, &version) failed: invalid device context
[1784039912.218009] [h200x8-01:187840:0]      cuda_iface.h:85   UCX  ERROR cuCtxGetApiVersion(ctx, &version) failed: invalid device context
[1784039912.218010] [h200x8-01:187840:0]      cuda_iface.h:85   UCX  ERROR cuCtxGetApiVersion(ctx, &version) failed: invalid device context
[1784039912.218011] [h200x8-01:187840:0]      cuda_iface.h:85   UCX  ERROR cuCtxGetApiVersion(ctx, &version) failed: invalid device context
[1784039912.218013] [h200x8-01:187840:0]      cuda_iface.h:85   UCX  ERROR cuCtxGetApiVersion(ctx, &version) failed: invalid device context
[1784039912.218014] [h200x8-01:187840:0]      cuda_iface.h:85   UCX  ERROR cuCtxGetApiVersion(ctx, &version) failed: invalid device context
[1784039912.218016] [h200x8-01:187840:0]      cuda_iface.h:85   UCX  ERROR cuCtxGetApiVersion(ctx, &version) failed: invalid device context
[1784039912.218017] [h200x8-01:187840:0]      cuda_iface.h:85   UCX  ERROR cuCtxGetApiVersion(ctx, &version) failed: invalid device context
[1784039912.218018] [h200x8-01:187840:0]      cuda_iface.h:85   UCX  ERROR cuCtxGetApiVersion(ctx, &version) failed: invalid device context
[1784039912.218020] [h200x8-01:187840:0]      cuda_iface.h:85   UCX  ERROR cuCtxGetApiVersion(ctx, &version) failed: invalid device context
[1784039912.218021] [h200x8-01:187840:0]      cuda_iface.h:85   UCX  ERROR cuCtxGetApiVersion(ctx, &version) failed: invalid device context
[1784039912.218022] [h200x8-01:187840:0]      cuda_iface.h:85   UCX  ERROR cuCtxGetApiVersion(ctx, &version) failed: invalid device context
[1784039912.218024] [h200x8-01:187840:0]      cuda_iface.h:85   UCX  ERROR cuCtxGetApiVersion(ctx, &version) failed: invalid device context
[1784039912.218025] [h200x8-01:187840:0]      cuda_iface.h:85   UCX  ERROR cuCtxGetApiVersion(ctx, &version) failed: invalid device context
[1784039912.218029] [h200x8-01:187840:0]      cuda_iface.h:85   UCX  ERROR cuCtxGetApiVersion(ctx, &version) failed: invalid device context
[1784039912.218031] [h200x8-01:187840:0]      cuda_iface.h:85   UCX  ERROR cuCtxGetApiVersion(ctx, &version) failed: invalid device context
[1784039912.218033] [h200x8-01:187840:0]      cuda_iface.h:85   UCX  ERROR cuCtxGetApiVersion(ctx, &version) failed: invalid device context
[1784039912.218035] [h200x8-01:187840:0]      cuda_iface.h:85   UCX  ERROR cuCtxGetApiVersion(ctx, &version) failed: invalid device context
[1784039912.218037] [h200x8-01:187840:0]      cuda_iface.h:85   UCX  ERROR cuCtxGetApiVersion(ctx, &version) failed: invalid device context
[1784039912.218040] [h200x8-01:187840:0]      cuda_iface.h:85   UCX  ERROR cuCtxGetApiVersion(ctx, &version) failed: invalid device context
[1784039912.218042] [h200x8-01:187840:0]      cuda_iface.h:85   UCX  ERROR cuCtxGetApiVersion(ctx, &version) failed: invalid device context
[1784039912.218045] [h200x8-01:187840:0]      cuda_iface.h:85   UCX  ERROR cuCtxGetApiVersion(ctx, &version) failed: invalid device context
[1784039912.218047] [h200x8-01:187840:0]      cuda_iface.h:85   UCX  ERROR cuCtxGetApiVersion(ctx, &version) failed: invalid device context
[1784039912.218050] [h200x8-01:187840:0]      cuda_iface.h:85   UCX  ERROR cuCtxGetApiVersion(ctx, &version) failed: invalid device context
[1784039912.218052] [h200x8-01:187840:0]      cuda_iface.h:85   UCX  ERROR cuCtxGetApiVersion(ctx, &version) failed: invalid device context
[1784039912.218055] [h200x8-01:187840:0]      cuda_iface.h:85   UCX  ERROR cuCtxGetApiVersion(ctx, &version) failed: invalid device context
[1784039912.218057] [h200x8-01:187840:0]      cuda_iface.h:85   UCX  ERROR cuCtxGetApiVersion(ctx, &version) failed: invalid device context
[1784039912.218059] [h200x8-01:187840:0]      cuda_iface.h:85   UCX  ERROR cuCtxGetApiVersion(ctx, &version) failed: invalid device context
[1784039912.218063] [h200x8-01:187840:0]      cuda_iface.h:85   UCX  ERROR cuCtxGetApiVersion(ctx, &versioRROR cuCtxGetApiVersion(ctx, &version) failed: invalid device context
[1784039912.217983] [h200x8-01:187845:0]      cuda_iface.h:85   UCX  ERROR cuCtxGetApiVersion(ctx, &version) failed: invalid device context
[1784039912.217985] [h200x8-01:187845:0]      cuda_iface.h:85   UCX  ERROR cuCtxGetApiVersion(ctx, &version) failed: invalid device context
[1784039912.217986] [h200x8-01:187845:0]      cuda_iface.h:85   UCX  ERROR cuCtxGetApiVersion(ctx, &version) failed: invalid device context
[1784039912.217987] [h200x8-01:187845:0]      cuda_iface.h:85   UCX  ERROR cuCtxGetApiVersion(ctx, &version) failed: invalid device context
[1784039912.217988] [h200x8-01:187845:0]      cuda_iface.h:85   UCX  ERROR cuCtxGetApiVersion(ctx, &version) failed: invalid device context
[1784039912.217990] [h200x8-01:187845:0]      cuda_iface.h:85   UCX  ERROR cuCtxGetApiVersion(ctx, &version) failed: invalid device context
[1784039912.217992] [h200x8-01:187845:0]      cuda_iface.h:85   UCX  ERROR cuCtxGetApiVersion(ctx, &version) failed: invalid device context
[1784039912.217993] [h200x8-01:187845:0]      cuda_iface.h:85   UCX  ERROR cuCtxGetApiVersion(ctx, &version) failed: invalid device context
[1784039912.217995] [h200x8-01:187845:0]      cuda_iface.h:85   UCX  ERROR cuCtxGetApiVersion(ctx, &version) failed: invalid device context
[1784039912.217997] [h200x8-01:187845:0]      cuda_iface.h:85   UCX  ERROR cuCtxGetApiVersion(ctx, &version) failed: invalid device context
[1784039912.217999] [h200x8-01:187845:0]      cuda_iface.h:85   UCX  ERROR cuCtxGetApiVersion(ctx, &version) failed: invalid device context
[1784039912.218001] [h200x8-01:187845:0]      cuda_iface.h:85   UCX  ERROR cuCtxGetApiVersion(ctx, &version) failed: invalid device context
[1784039912.218003] [h200x8-01:187845:0]      cuda_iface.h:85   UCX  ERROR cuCtxGetApiVersion(ctx, &version) failed: invalid device context
[1784039912.218004] [h200x8-01:187845:0]      cuda_iface.h:85   UCX  ERROR cuCtxGetApiVersion(ctx, &version) failed: invalid device context
[1784039912.218007] [h200x8-01:187845:0]      cuda_iface.h:85   UCX  ERROR cuCtxGetApiVersion(ctx, &version) failed: invalid device context
[1784039912.218008] [h200x8-01:187845:0]      cuda_iface.h:85   UCX  ERROR cuCtxGetApiVersion(ctx, &version) failed: invalid device context
[1784039912.218009] [h200x8-01:187845:0]      cuda_iface.h:85   UCX  ERROR cuCtxGetApiVersion(ctx, &version) failed: invalid device context
[1784039912.218011] [h200x8-01:187845:0]      cuda_iface.h:85   UCX  ERROR cuCtxGetApiVersion(ctx, &version) failed: invalid device context
[1784039912.218012] [h200x8-01:187845:0]      cuda_iface.h:85   UCX  ERROR cuCtxGetApiVersion(ctx, &version) failed: invalid device context
[1784039912.218014] [h200x8-01:187845:0]      cuda_iface.h:85   UCX  ERROR cuCtxGetApiVersion(ctx, &version) failed: invalid device context
[1784039912.218015] [h200x8-01:187845:0]      cuda_iface.h:85   UCX  ERROR cuCtxGetApiVersion(ctx, &version) failed: invalid device context
[1784039912.218016] [h200x8-01:187845:0]      cuda_iface.h:85   UCX  ERROR cuCtxGetApiVersion(ctx, &version) failed: invalid device context
[1784039912.218018] [h200x8-01:187845:0]      cuda_iface.h:85   UCX  ERROR cuCtxGetApiVersion(ctx, &version) failed: invalid device context
[1784039912.218019] [h200x8-01:187845:0]      cuda_iface.h:85   UCX  ERROR cuCtxGetApiVersion(ctx, &version) failed: invalid device context
[1784039912.218021] [h200x8-01:187845:0]      cuda_iface.h:85   UCX  ERROR cuCtxGetApiVersion(ctx, &version) failed: invalid device context
[1784039912.218022] [h200x8-01:187845:0]      cuda_iface.h:85   UCX  ERROR cuCtxGetApiVersion(ctx, &version) failed: invalid device context
[1784039912.218024] [h200x8-01:187845:0]      cuda_iface.h:85   UCX  ERROR cuCtxGetApiVersion(ctx, &version) failed: invalid device context
[1784039912.218027] [h200x8-01:187845:0]      cuda_iface.h:85   UCX  ERROR cuCtxGetApiVersion(ctx, &version) failed: invalid device context
[1784039912.218029] [h200x8-01:187845:0]      cuda_iface.h:85   UCX  ERROR cuCtxGetApiVersion(ctx, &versiOR cuCtxGetApiVersion(ctx, &version) failed: invalid device context
[1784039912.218044] [h200x8-01:187849:0]      cuda_iface.h:85   UCX  ERROR cuCtxGetApiVersion(ctx, &version) failed: invalid device context
[1784039912.218046] [h200x8-01:187849:0]      cuda_iface.h:85   UCX  ERROR cuCtxGetApiVersion(ctx, &version) failed: invalid device context
[1784039912.218050] [h200x8-01:187849:0]      cuda_iface.h:85   UCX  ERROR cuCtxGetApiVersion(ctx, &version) failed: invalid device context
[1784039912.218053] [h200x8-01:187849:0]      cuda_iface.h:85   UCX  ERROR cuCtxGetApiVersion(ctx, &version) failed: invalid device context
[1784039912.218054] [h200x8-01:187849:0]      cuda_iface.h:85   UCX  ERROR cuCtxGetApiVersion(ctx, &version) failed: invalid device context
[1784039912.218057] [h200x8-01:187849:0]      cuda_iface.h:85   UCX  ERROR cuCtxGetApiVersion(ctx, &version) failed: invalid device context
[1784039912.218058] [h200x8-01:187849:0]      cuda_iface.h:85   UCX  ERROR cuCtxGetApiVersion(ctx, &version) failed: invalid device context
[1784039912.218063] [h200x8-01:187849:0]      cuda_iface.h:85   UCX  ERROR cuCtxGetApiVersion(ctx, &version) failed: invalid device context
[1784039912.218064] [h200x8-01:187849:0]      cuda_iface.h:85   UCX  ERROR cuCtxGetApiVersion(ctx, &version) failed: invalid device context
[1784039912.218068] [h200x8-01:187849:0]      cuda_iface.h:85   UCX  ERROR cuCtxGetApiVersion(ctx, &version) failed: invalid device context
[1784039912.218069] [h200x8-01:187849:0]      cuda_iface.h:85   UCX  ERROR cuCtxGetApiVersion(ctx, &version) failed: invalid device context
[1784039912.218073] [h200x8-01:187849:0]      cuda_iface.h:85   UCX  ERROR cuCtxGetApiVersion(ctx, &version) failed: invalid device context
[1784039912.218077] [h200x8-01:187849:0]      cuda_iface.h:85   UCX  ERROR cuCtxGetApiVersion(ctx, &version) failed: invalid device context
[1784039912.218081] [h200x8-01:187849:0]      cuda_iface.h:85   UCX  ERROR cuCtxGetApiVersion(ctx, &version) failed: invalid device context
[1784039912.218084] [h200x8-01:187849:0]      cuda_iface.h:85   UCX  ERROR cuCtxGetApiVersion(ctx, &version) failed: invalid device context
[1784039912.218088] [h200x8-01:187849:0]      cuda_iface.h:85   UCX  ERROR cuCtxGetApiVersion(ctx, &version) failed: invalid device context
[1784039912.218092] [h200x8-01:187849:0]      cuda_iface.h:85   UCX  ERROR cuCtxGetApiVersion(ctx, &version) failed: invalid device context
[1784039912.218099] [h200x8-01:187849:0]      cuda_iface.h:85   UCX  ERROR cuCtxGetApiVersion(ctx, &version) failed: invalid device context
[1784039912.218107] [h200x8-01:187849:0]      cuda_iface.h:85   UCX  ERROR cuCtxGetApiVersion(ctx, &version) failed: invalid device context
[1784039912.218111] [h200x8-01:187849:0]      cuda_iface.h:85   UCX  ERROR cuCtxGetApiVersion(ctx, &version) failed: invalid device context
[1784039912.218114] [h200x8-01:187849:0]      cuda_iface.h:85   UCX  ERROR cuCtxGetApiVersion(ctx, &version) failed: invalid device context
[1784039912.218118] [h200x8-01:187849:0]      cuda_iface.h:85   UCX  ERROR cuCtxGetApiVersion(ctx, &version) failed: invalid device context
[1784039912.218119] [h200x8-01:187849:0]      cuda_iface.h:85   UCX  ERROR cuCtxGetApiVersion(ctx, &version) failed: invalid device context
[1784039912.218124] [h200x8-01:187849:0]      cuda_iface.h:85   UCX  ERROR cuCtxGetApiVersion(ctx, &version) failed: invalid device context
[1784039912.218127] [h200x8-01:187849:0]      cuda_iface.h:85   UCX  ERROR cuCtxGetApiVersion(ctx, &version) failed: invalid device context
[1784039912.218129] [h200x8-01:187849:0]      cuda_iface.h:85   UCX  ERROR cuCtxGetApiVersion(ctx, &version) failed: invalid device context
[1784039912.218131] [h200x8-01:187849:0]      cuda_iface.h:85   UCX  ERROR cuCtxGetApiVersion(ctx, &version) failed: invalid device context
[1784039912.218134] [h200x8-01:187849:0]      cuda_iface.h:85   UCX  ERROR cuCtxGetApiVersion(ctx, &version) failed: invalid device context
[1784039912.218136] [h200x8-01:187849:0]      cuda_iface.h:85   UCX  ERROR cuCtxGetApiVersion(ctx, &versionon) failed: invalid device context
[1784039912.217692] [h200x8-01:187839:0]      cuda_iface.h:85   UCX  ERROR cuCtxGetApiVersion(ctx, &version) failed: invalid device context
[1784039912.217693] [h200x8-01:187839:0]      cuda_iface.h:85   UCX  ERROR cuCtxGetApiVersion(ctx, &version) failed: invalid device context
[1784039912.217695] [h200x8-01:187839:0]      cuda_iface.h:85   UCX  ERROR cuCtxGetApiVersion(ctx, &version) failed: invalid device context
[1784039912.217696] [h200x8-01:187839:0]      cuda_iface.h:85   UCX  ERROR cuCtxGetApiVersion(ctx, &version) failed: invalid device context
[1784039912.217698] [h200x8-01:187839:0]      cuda_iface.h:85   UCX  ERROR cuCtxGetApiVersion(ctx, &version) failed: invalid device context
[1784039912.217699] [h200x8-01:187839:0]      cuda_iface.h:85   UCX  ERROR cuCtxGetApiVersion(ctx, &version) failed: invalid device context
[1784039912.217957] [h200x8-01:187839:0]      cuda_iface.h:85   UCX  ERROR cuCtxGetApiVersion(ctx, &version) failed: invalid device context
[1784039912.217960] [h200x8-01:187839:0]      cuda_iface.h:85   UCX  ERROR cuCtxGetApiVersion(ctx, &version) failed: invalid device context
[1784039912.217964] [h200x8-01:187839:0]      cuda_iface.h:85   UCX  ERROR cuCtxGetApiVersion(ctx, &version) failed: invalid device context
[1784039912.217966] [h200x8-01:187839:0]      cuda_iface.h:85   UCX  ERROR cuCtxGetApiVersion(ctx, &version) failed: invalid device context
[1784039912.217976] [h200x8-01:187839:0]      cuda_iface.h:85   UCX  ERROR cuCtxGetApiVersion(ctx, &version) failed: invalid device context
[1784039912.217978] [h200x8-01:187839:0]      cuda_iface.h:85   UCX  ERROR cuCtxGetApiVersion(ctx, &version) failed: invalid device context
[1784039912.217979] [h200x8-01:187839:0]      cuda_iface.h:85   UCX  ERROR cuCtxGetApiVersion(ctx, &version) failed: invalid device context
[1784039912.217981] [h200x8-01:187839:0]      cuda_iface.h:85   UCX  ERROR cuCtxGetApiVersion(ctx, &version) failed: invalid device context
[1784039912.217983] [h200x8-01:187839:0]      cuda_iface.h:85   UCX  ERROR cuCtxGetApiVersion(ctx, &version) failed: invalid device context
[1784039912.217984] [h200x8-01:187839:0]      cuda_iface.h:85   UCX  ERROR cuCtxGetApiVersion(ctx, &version) failed: invalid device context
[1784039912.217985] [h200x8-01:187839:0]      cuda_iface.h:85   UCX  ERROR cuCtxGetApiVersion(ctx, &version) failed: invalid device context
[1784039912.217987] [h200x8-01:187839:0]      cuda_iface.h:85   UCX  ERROR cuCtxGetApiVersion(ctx, &version) failed: invalid device context
[1784039912.217988] [h200x8-01:187839:0]      cuda_iface.h:85   UCX  ERROR cuCtxGetApiVersion(ctx, &version) failed: invalid device context
[1784039912.217990] [h200x8-01:187839:0]      cuda_iface.h:85   UCX  ERROR cuCtxGetApiVersion(ctx, &version) failed: invalid device context
[1784039912.217992] [h200x8-01:187839:0]      cuda_iface.h:85   UCX  ERROR cuCtxGetApiVersion(ctx, &version) failed: invalid device context
[1784039912.217994] [h200x8-01:187839:0]      cuda_iface.h:85   UCX  ERROR cuCtxGetApiVersion(ctx, &version) failed: invalid device context
[1784039912.217996] [h200x8-01:187839:0]      cuda_iface.h:85   UCX  ERROR cuCtxGetApiVersion(ctx, &version) failed: invalid device context
[1784039912.217997] [h200x8-01:187839:0]      cuda_iface.h:85   UCX  ERROR cuCtxGetApiVersion(ctx, &version) failed: invalid device context
[1784039912.217999] [h200x8-01:187839:0]      cuda_iface.h:85   UCX  ERROR cuCtxGetApiVersion(ctx, &version) failed: invalid device context
[1784039912.218000] [h200x8-01:187839:0]      cuda_iface.h:85   UCX  ERROR cuCtxGetApiVersion(ctx, &version) failed: invalid device context
[1784039912.218002] [h200x8-01:187839:0]      cuda_iface.h:85   UCX  ERROR cuCtxGetApiVersion(ctx, &version) failed: invalid device context
[1784039912.218003] [h200x8-01:187839:0]      cuda_iface.h:85   UCX  ERROR cuCtxGetApiVersion(ctx, &version) failed: invalid device context
[1784039912.218005] [h200x8-01:187839:0]      cuda_iface.h:85   UCX  ERROR cuCtxGetApiVersion(ctx, &version) failed: invalid device context
) failed: invalid device context
[1784039912.218138] [h200x8-01:187849:0]      cuda_iface.h:85   UCX  ERROR cuCtxGetApiVersion(ctx, &version) failed: invalid device context
[1784039912.218140] [h200x8-01:187849:0]      cuda_iface.h:85   UCX  ERROR cuCtxGetApiVersion(ctx, &version) failed: invalid device context
[1784039912.218143] [h200x8-01:187849:0]      cuda_iface.h:85   UCX  ERROR cuCtxGetApiVersion(ctx, &version) failed: invalid device context
[1784039912.218145] [h200x8-01:187849:0]      cuda_iface.h:85   UCX  ERROR cuCtxGetApiVersion(ctx, &version) failed: invalid device context
[1784039912.218147] [h200x8-01:187849:0]      cuda_iface.h:85   UCX  ERROR cuCtxGetApiVersion(ctx, &version) failed: invalid device context
[1784039912.218149] [h200x8-01:187849:0]      cuda_iface.h:85   UCX  ERROR cuCtxGetApiVersion(ctx, &version) failed: invalid device context
[1784039912.218151] [h200x8-01:187849:0]      cuda_iface.h:85   UCX  ERROR cuCtxGetApiVersion(ctx, &version) failed: invalid device context
[1784039912.218152] [h200x8-01:187849:0]      cuda_iface.h:85   UCX  ERROR cuCtxGetApiVersion(ctx, &version) failed: invalid device context
[1784039912.218154] [h200x8-01:187849:0]      cuda_iface.h:85   UCX  ERROR cuCtxGetApiVersion(ctx, &version) failed: invalid device context
[1784039912.218156] [h200x8-01:187849:0]      cuda_iface.h:85   UCX  ERROR cuCtxGetApiVersion(ctx, &version) failed: invalid device context
[1784039912.218157] [h200x8-01:187849:0]      cuda_iface.h:85   UCX  ERROR cuCtxGetApiVersion(ctx, &version) failed: invalid device context
[1784039912.218160] [h200x8-01:187849:0]      cuda_iface.h:85   UCX  ERROR cuCtxGetApiVersion(ctx, &version) failed: invalid device context
[1784039912.218162] [h200x8-01:187849:0]      cuda_iface.h:85   UCX  ERROR cuCtxGetApiVersion(ctx, &version) failed: invalid device context
[1784039912.218165] [h200x8-01:187849:0]      cuda_iface.h:85   UCX  ERROR cuCtxGetApiVersion(ctx, &version) failed: invalid device context
[1784039912.218168] [h200x8-01:187849:0]      cuda_iface.h:85   UCX  ERROR cuCtxGetApiVersion(ctx, &version) failed: invalid device context
[1784039912.218171] [h200x8-01:187849:0]      cuda_iface.h:85   UCX  ERROR cuCtxGetApiVersion(ctx, &version) failed: invalid device context
[1784039912.218172] [h200x8-01:187849:0]      cuda_iface.h:85   UCX  ERROR cuCtxGetApiVersion(ctx, &version) failed: invalid device context
[1784039912.218174] [h200x8-01:187849:0]      cuda_iface.h:85   UCX  ERROR cuCtxGetApiVersion(ctx, &version) failed: invalid device context
[1784039912.218177] [h200x8-01:187849:0]      cuda_iface.h:85   UCX  ERROR cuCtxGetApiVersion(ctx, &version) failed: invalid device context
[1784039912.218179] [h200x8-01:187849:0]      cuda_iface.h:85   UCX  ERROR cuCtxGetApiVersion(ctx, &version) failed: invalid device context
[1784039912.218180] [h200x8-01:187849:0]      cuda_iface.h:85   UCX  ERROR cuCtxGetApiVersion(ctx, &version) failed: invalid device context
[1784039912.218183] [h200x8-01:187849:0]      cuda_iface.h:85   UCX  ERROR cuCtxGetApiVersion(ctx, &version) failed: invalid device context
[1784039912.218185] [h200x8-01:187849:0]      cuda_iface.h:85   UCX  ERROR cuCtxGetApiVersion(ctx, &version) failed: invalid device context
[1784039912.218187] [h200x8-01:187849:0]      cuda_iface.h:85   UCX  ERROR cuCtxGetApiVersion(ctx, &version) failed: invalid device context
[1784039912.218189] [h200x8-01:187849:0]      cuda_iface.h:85   UCX  ERROR cuCtxGetApiVersion(ctx, &version) failed: invalid device context
[1784039912.218192] [h200x8-01:187849:0]      cuda_iface.h:85   UCX  ERROR cuCtxGetApiVersion(ctx, &version) failed: invalid device context
[1784039912.218194] [h200x8-01:187849:0]      cuda_iface.h:85   UCX  ERROR cuCtxGetApiVersion(ctx, &version) failed: invalid device context
[1784039912.218196] [h200x8-01:187849:0]      cuda_iface.h:85   UCX  ERROR cuCtxGetApiVersion(ctx, &version) failed: invalid device context
[1784039912.218199] [h200x8-01:187849:0]      cuda_iface.h:85   UCX  ERROR cuCtxGetApiVersion(ctx, &version) failed: invalid device context
[1) failed: invalid device context
[1784039912.218127] [h200x8-01:187846:0]      cuda_iface.h:85   UCX  ERROR cuCtxGetApiVersion(ctx, &version) failed: invalid device context
[1784039912.218130] [h200x8-01:187846:0]      cuda_iface.h:85   UCX  ERROR cuCtxGetApiVersion(ctx, &version) failed: invalid device context
[1784039912.218132] [h200x8-01:187846:0]      cuda_iface.h:85   UCX  ERROR cuCtxGetApiVersion(ctx, &version) failed: invalid device context
[1784039912.218135] [h200x8-01:187846:0]      cuda_iface.h:85   UCX  ERROR cuCtxGetApiVersion(ctx, &version) failed: invalid device context
[1784039912.218136] [h200x8-01:187846:0]      cuda_iface.h:85   UCX  ERROR cuCtxGetApiVersion(ctx, &version) failed: invalid device context
[1784039912.218138] [h200x8-01:187846:0]      cuda_iface.h:85   UCX  ERROR cuCtxGetApiVersion(ctx, &version) failed: invalid device context
[1784039912.218140] [h200x8-01:187846:0]      cuda_iface.h:85   UCX  ERROR cuCtxGetApiVersion(ctx, &version) failed: invalid device context
[1784039912.218141] [h200x8-01:187846:0]      cuda_iface.h:85   UCX  ERROR cuCtxGetApiVersion(ctx, &version) failed: invalid device context
[1784039912.218143] [h200x8-01:187846:0]      cuda_iface.h:85   UCX  ERROR cuCtxGetApiVersion(ctx, &version) failed: invalid device context
[1784039912.218144] [h200x8-01:187846:0]      cuda_iface.h:85   UCX  ERROR cuCtxGetApiVersion(ctx, &version) failed: invalid device context
[1784039912.218148] [h200x8-01:187846:0]      cuda_iface.h:85   UCX  ERROR cuCtxGetApiVersion(ctx, &version) failed: invalid device context
[1784039912.218149] [h200x8-01:187846:0]      cuda_iface.h:85   UCX  ERROR cuCtxGetApiVersion(ctx, &version) failed: invalid device context
[1784039912.218152] [h200x8-01:187846:0]      cuda_iface.h:85   UCX  ERROR cuCtxGetApiVersion(ctx, &version) failed: invalid device context
[1784039912.218153] [h200x8-01:187846:0]      cuda_iface.h:85   UCX  ERROR cuCtxGetApiVersion(ctx, &version) failed: invalid device context
[1784039912.218155] [h200x8-01:187846:0]      cuda_iface.h:85   UCX  ERROR cuCtxGetApiVersion(ctx, &version) failed: invalid device context
[1784039912.218157] [h200x8-01:187846:0]      cuda_iface.h:85   UCX  ERROR cuCtxGetApiVersion(ctx, &version) failed: invalid device context
[1784039912.218159] [h200x8-01:187846:0]      cuda_iface.h:85   UCX  ERROR cuCtxGetApiVersion(ctx, &version) failed: invalid device context
[1784039912.218162] [h200x8-01:187846:0]      cuda_iface.h:85   UCX  ERROR cuCtxGetApiVersion(ctx, &version) failed: invalid device context
[1784039912.218165] [h200x8-01:187846:0]      cuda_iface.h:85   UCX  ERROR cuCtxGetApiVersion(ctx, &version) failed: invalid device context
[1784039912.218168] [h200x8-01:187846:0]      cuda_iface.h:85   UCX  ERROR cuCtxGetApiVersion(ctx, &version) failed: invalid device context
[1784039912.218170] [h200x8-01:187846:0]      cuda_iface.h:85   UCX  ERROR cuCtxGetApiVersion(ctx, &version) failed: invalid device context
[1784039912.218172] [h200x8-01:187846:0]      cuda_iface.h:85   UCX  ERROR cuCtxGetApiVersion(ctx, &version) failed: invalid device context
[1784039912.218173] [h200x8-01:187846:0]      cuda_iface.h:85   UCX  ERROR cuCtxGetApiVersion(ctx, &version) failed: invalid device context
[1784039912.218175] [h200x8-01:187846:0]      cuda_iface.h:85   UCX  ERROR cuCtxGetApiVersion(ctx, &version) failed: invalid device context
[1784039912.218176] [h200x8-01:187846:0]      cuda_iface.h:85   UCX  ERROR cuCtxGetApiVersion(ctx, &version) failed: invalid device context
[1784039912.218178] [h200x8-01:187846:0]      cuda_iface.h:85   UCX  ERROR cuCtxGetApiVersion(ctx, &version) failed: invalid device context
[1784039912.218179] [h200x8-01:187846:0]      cuda_iface.h:85   UCX  ERROR cuCtxGetApiVersion(ctx, &version) failed: invalid device context
[1784039912.218182] [h200x8-01:187846:0]      cuda_iface.h:85   UCX  ERROR cuCtxGetApiVersion(ctx, &version) failed: invalid device context
[1784039912.218183] [h200x8-01:187846:0]      cuda_iface.h:85   UCX  ERROR cuCtxGetApiVersion(ctx, &version) failed: invalid device context
[1[1784039912.217824] [h200x8-01:187844:0]      cuda_iface.h:85   UCX  ERROR cuCtxGetApiVersion(ctx, &version) failed: invalid device context
[1784039912.217828] [h200x8-01:187844:0]      cuda_iface.h:85   UCX  ERROR cuCtxGetApiVersion(ctx, &version) failed: invalid device context
[1784039912.217829] [h200x8-01:187844:0]      cuda_iface.h:85   UCX  ERROR cuCtxGetApiVersion(ctx, &version) failed: invalid device context
[1784039912.217831] [h200x8-01:187844:0]      cuda_iface.h:85   UCX  ERROR cuCtxGetApiVersion(ctx, &version) failed: invalid device context
[1784039912.217833] [h200x8-01:187844:0]      cuda_iface.h:85   UCX  ERROR cuCtxGetApiVersion(ctx, &version) failed: invalid device context
[1784039912.217928] [h200x8-01:187844:0]      cuda_iface.h:85   UCX  ERROR cuCtxGetApiVersion(ctx, &version) failed: invalid device context
[1784039912.217931] [h200x8-01:187844:0]      cuda_iface.h:85   UCX  ERROR cuCtxGetApiVersion(ctx, &version) failed: invalid device context
[1784039912.217933] [h200x8-01:187844:0]      cuda_iface.h:85   UCX  ERROR cuCtxGetApiVersion(ctx, &version) failed: invalid device context
[1784039912.217937] [h200x8-01:187844:0]      cuda_iface.h:85   UCX  ERROR cuCtxGetApiVersion(ctx, &version) failed: invalid device context
[1784039912.217939] [h200x8-01:187844:0]      cuda_iface.h:85   UCX  ERROR cuCtxGetApiVersion(ctx, &version) failed: invalid device context
[1784039912.217940] [h200x8-01:187844:0]      cuda_iface.h:85   UCX  ERROR cuCtxGetApiVersion(ctx, &version) failed: invalid device context
[1784039912.217942] [h200x8-01:187844:0]      cuda_iface.h:85   UCX  ERROR cuCtxGetApiVersion(ctx, &version) failed: invalid device context
784039912.218041] [h200x8-01:187841:0]      cuda_iface.h:85   UCX  ERROR cuCtxGetApiVersion(ctx, &version) failed: invalid device context
[1784039912.218043] [h200x8-01:187841:0]      cuda_iface.h:85   UCX  ERROR cuCtxGetApiVersion(ctx, &version) failed: invalid device context
[1784039912.218045] [h200x8-01:187841:0]      cuda_iface.h:85   UCX  ERROR cuCtxGetApiVersion(ctx, &version) failed: invalid device context
[1784039912.218048] [h200x8-01:187841:0]      cuda_iface.h:85   UCX  ERROR cuCtxGetApiVersion(ctx, &version) failed: invalid device context
[1784039912.218050] [h200x8-01:187841:0]      cuda_iface.h:85   UCX  ERROR cuCtxGetApiVersion(ctx, &version) failed: invalid device context
[1784039912.218052] [h200x8-01:187841:0]      cuda_iface.h:85   UCX  ERROR cuCtxGetApiVersion(ctx, &version) failed: invalid device context
[1784039912.218054] [h200x8-01:187841:0]      cuda_iface.h:85   UCX  ERROR cuCtxGetApiVersion(ctx, &version) failed: invalid device context
[1784039912.218056] [h200x8-01:187841:0]      cuda_iface.h:85   UCX  ERROR cuCtxGetApiVersion(ctx, &version) failed: invalid device context
[1784039912.218059] [h200x8-01:187841:0]      cuda_iface.h:85   UCX  ERROR cuCtxGetApiVersion(ctx, &version) failed: invalid device context
[1784039912.218061] [h200x8-01:187841:0]      cuda_iface.h:85   UCX  ERROR cuCtxGetApiVersion(ctx, &version) failed: invalid device context
[1784039912.218064] [h200x8-01:187841:0]      cuda_iface.h:85   UCX  ERROR cuCtxGetApiVersion(ctx, &version) failed: invalid device context
[1784039912.218066] [h200x8-01:187841:0]      cuda_iface.h:85   UCX  ERROR cuCtxGetApiVersion(ctx, &version) failed: invalid device context
1784039912.217965] [h200x8-01:187851:0]      cuda_iface.h:85   UCX  ERROR cuCtxGetApiVersion(ctx, &version) failed: invalid device context
[1784039912.217967] [h200x8-01:187851:0]      cuda_iface.h:85   UCX  ERROR cuCtxGetApiVersion(ctx, &version) failed: invalid device context
[1784039912.217969] [h200x8-01:187851:0]      cuda_iface.h:85   UCX  ERROR cuCtxGetApiVersion(ctx, &version) failed: invalid device context
[1784039912.217971] [h200x8-01:187851:0]      cuda_iface.h:85   UCX  ERROR cuCtxGetApiVersion(ctx, &version) failed: invalid device context
[1784039912.217974] [h200x8-01:187851:0]      cuda_iface.h:85   UCX  ERROR cuCtxGetApiVersion(ctx, &version) failed: invalid device context
[1784039912.217976] [h200x8-01:187851:0]      cuda_iface.h:85   UCX  ERROR cuCtxGetApiVersion(ctx, &version) failed: invalid device context
[1784039912.217978] [h200x8-01:187851:0]      cuda_iface.h:85   UCX  ERROR cuCtxGetApiVersion(ctx, &version) failed: invalid device context
[1784039912.217980] [h200x8-01:187851:0]      cuda_iface.h:85   UCX  ERROR cuCtxGetApiVersion(ctx, &version) failed: invalid device context
[1784039912.217981] [h200x8-01:187851:0]      cuda_iface.h:85   UCX  ERROR cuCtxGetApiVersion(ctx, &version) failed: invalid device context
[1784039912.217982] [h200x8-01:187851:0]      cuda_iface.h:85   UCX  ERROR cuCtxGetApiVersion(ctx, &version) failed: invalid device context
[1784039912.217984] [h200x8-01:187851:0]      cuda_iface.h:85   UCX  ERROR cuCtxGetApiVersion(ctx, &version) failed: invalid device context
[1784039912.217985] [h200x8-01:187851:0]      cuda_iface.h:85   UCX  ERROR cuCtxGetApiVersion(ctx, &version) failed: invalid device context
n) failed: invalid device context
[1784039912.218065] [h200x8-01:187840:0]      cuda_iface.h:85   UCX  ERROR cuCtxGetApiVersion(ctx, &version) failed: invalid device context
[1784039912.218069] [h200x8-01:187840:0]      cuda_iface.h:85   UCX  ERROR cuCtxGetApiVersion(ctx, &version) failed: invalid device context
[1784039912.218070] [h200x8-01:187840:0]      cuda_iface.h:85   UCX  ERROR cuCtxGetApiVersion(ctx, &version) failed: invalid device context
[1784039912.218074] [h200x8-01:187840:0]      cuda_iface.h:85   UCX  ERROR cuCtxGetApiVersion(ctx, &version) failed: invalid device context
[1784039912.218077] [h200x8-01:187840:0]      cuda_iface.h:85   UCX  ERROR cuCtxGetApiVersion(ctx, &version) failed: invalid device context
[1784039912.218081] [h200x8-01:187840:0]      cuda_iface.h:85   UCX  ERROR cuCtxGetApiVersion(ctx, &version) failed: invalid device context
[1784039912.218085] [h200x8-01:187840:0]      cuda_iface.h:85   UCX  ERROR cuCtxGetApiVersion(ctx, &version) failed: invalid device context
[1784039912.218089] [h200x8-01:187840:0]      cuda_iface.h:85   UCX  ERROR cuCtxGetApiVersion(ctx, &version) failed: invalid device context
[1784039912.218093] [h200x8-01:187840:0]      cuda_iface.h:85   UCX  ERROR cuCtxGetApiVersion(ctx, &version) failed: invalid device context
[1784039912.218099] [h200x8-01:187840:0]      cuda_iface.h:85   UCX  ERROR cuCtxGetApiVersion(ctx, &version) failed: invalid device context
[1784039912.218102] [h200x8-01:187840:0]      cuda_iface.h:85   UCX  ERROR cuCtxGetApiVersion(ctx, &version) failed: invalid device context
[1784039912.218106] [h200x8-01:187840:0]      cuda_iface.h:85   UCX  ERROR cuCtxGetApiVersion(ctx, &version) failed: invalid device context
[1784039912.218110] [h200x8-01:187840:0]      cuda_iface.h:85   UCX  ERROR cuCtxGetApiVersion(ctx, &version) failed: invalid device context
[1784039912.218111] [h200x8-01:187840:0]      cuda_iface.h:85   UCX  ERROR cuCtxGetApiVersion(ctx, &version) failed: invalid device context
[1784039912.218115] [h200x8-01:187840:0]      cuda_iface.h:85   UCX  ERROR cuCtxGetApiVersion(ctx, &version) failed: invalid device context
[1784039912.218119] [h200x8-01:187840:0]      cuda_iface.h:85   UCX  ERROR cuCtxGetApiVersion(ctx, &version) failed: invalid device context
[1784039912.218121] [h200x8-01:187840:0]      cuda_iface.h:85   UCX  ERROR cuCtxGetApiVersion(ctx, &version) failed: invalid device context
[1784039912.218125] [h200x8-01:187840:0]      cuda_iface.h:85   UCX  ERROR cuCtxGetApiVersion(ctx, &version) failed: invalid device context
[1784039912.218128] [h200x8-01:187840:0]      cuda_iface.h:85   UCX  ERROR cuCtxGetApiVersion(ctx, &version) failed: invalid device context
[1784039912.218129] [h200x8-01:187840:0]      cuda_iface.h:85   UCX  ERROR cuCtxGetApiVersion(ctx, &version) failed: invalid device context
[1784039912.218131] [h200x8-01:187840:0]      cuda_iface.h:85   UCX  ERROR cuCtxGetApiVersion(ctx, &version) failed: invalid device context
[1784039912.218133] [h200x8-01:187840:0]      cuda_iface.h:85   UCX  ERROR cuCtxGetApiVersion(ctx, &version) failed: invalid device context
[1784039912.218135] [h200x8-01:187840:0]      cuda_iface.h:85   UCX  ERROR cuCtxGetApiVersion(ctx, &version) failed: invalid device context
[1784039912.218137] [h200x8-01:187840:0]      cuda_iface.h:85   UCX  ERROR cuCtxGetApiVersion(ctx, &version) failed: invalid device context
[1784039912.218139] [h200x8-01:187840:0]      cuda_iface.h:85   UCX  ERROR cuCtxGetApiVersion(ctx, &version) failed: invalid device context
[1784039912.218141] [h200x8-01:187840:0]      cuda_iface.h:85   UCX  ERROR cuCtxGetApiVersion(ctx, &version) failed: invalid device context
[1784039912.218142] [h200x8-01:187840:0]      cuda_iface.h:85   UCX  ERROR cuCtxGetApiVersion(ctx, &version) failed: invalid device context
[1784039912.218144] [h200x8-01:187840:0]      cuda_iface.h:85   UCX  ERROR cuCtxGetApiVersion(ctx, &version) failed: invalid device context
[1784039912.218147] [h200x8-01:187840:0]      cuda_iface.h:85   UCX  ERROR cuCtxGetApiVersion(ctx, &version) failed: invalid device context
[on) failed: invalid device context
[1784039912.218031] [h200x8-01:187845:0]      cuda_iface.h:85   UCX  ERROR cuCtxGetApiVersion(ctx, &version) failed: invalid device context
[1784039912.218033] [h200x8-01:187845:0]      cuda_iface.h:85   UCX  ERROR cuCtxGetApiVersion(ctx, &version) failed: invalid device context
[1784039912.218036] [h200x8-01:187845:0]      cuda_iface.h:85   UCX  ERROR cuCtxGetApiVersion(ctx, &version) failed: invalid device context
[1784039912.218039] [h200x8-01:187845:0]      cuda_iface.h:85   UCX  ERROR cuCtxGetApiVersion(ctx, &version) failed: invalid device context
[1784039912.218042] [h200x8-01:187845:0]      cuda_iface.h:85   UCX  ERROR cuCtxGetApiVersion(ctx, &version) failed: invalid device context
[1784039912.218045] [h200x8-01:187845:0]      cuda_iface.h:85   UCX  ERROR cuCtxGetApiVersion(ctx, &version) failed: invalid device context
[1784039912.218046] [h200x8-01:187845:0]      cuda_iface.h:85   UCX  ERROR cuCtxGetApiVersion(ctx, &version) failed: invalid device context
[1784039912.218048] [h200x8-01:187845:0]      cuda_iface.h:85   UCX  ERROR cuCtxGetApiVersion(ctx, &version) failed: invalid device context
[1784039912.218052] [h200x8-01:187845:0]      cuda_iface.h:85   UCX  ERROR cuCtxGetApiVersion(ctx, &version) failed: invalid device context
[1784039912.218054] [h200x8-01:187845:0]      cuda_iface.h:85   UCX  ERROR cuCtxGetApiVersion(ctx, &version) failed: invalid device context
[1784039912.218057] [h200x8-01:187845:0]      cuda_iface.h:85   UCX  ERROR cuCtxGetApiVersion(ctx, &version) failed: invalid device context
[1784039912.218064] [h200x8-01:187845:0]      cuda_iface.h:85   UCX  ERROR cuCtxGetApiVersion(ctx, &version) failed: invalid device context
[1784039912.218067] [h200x8-01:187845:0]      cuda_iface.h:85   UCX  ERROR cuCtxGetApiVersion(ctx, &version) failed: invalid device context
[1784039912.218071] [h200x8-01:187845:0]      cuda_iface.h:85   UCX  ERROR cuCtxGetApiVersion(ctx, &version) failed: invalid device context
[1784039912.218075] [h200x8-01:187845:0]      cuda_iface.h:85   UCX  ERROR cuCtxGetApiVersion(ctx, &version) failed: invalid device context
[1784039912.218079] [h200x8-01:187845:0]      cuda_iface.h:85   UCX  ERROR cuCtxGetApiVersion(ctx, &version) failed: invalid device context
[1784039912.218083] [h200x8-01:187845:0]      cuda_iface.h:85   UCX  ERROR cuCtxGetApiVersion(ctx, &version) failed: invalid device context
[1784039912.218086] [h200x8-01:187845:0]      cuda_iface.h:85   UCX  ERROR cuCtxGetApiVersion(ctx, &version) failed: invalid device context
[1784039912.218091] [h200x8-01:187845:0]      cuda_iface.h:85   UCX  ERROR cuCtxGetApiVersion(ctx, &version) failed: invalid device context
[1784039912.218095] [h200x8-01:187845:0]      cuda_iface.h:85   UCX  ERROR cuCtxGetApiVersion(ctx, &version) failed: invalid device context
[1784039912.218101] [h200x8-01:187845:0]      cuda_iface.h:85   UCX  ERROR cuCtxGetApiVersion(ctx, &version) failed: invalid device context
[1784039912.218105] [h200x8-01:187845:0]      cuda_iface.h:85   UCX  ERROR cuCtxGetApiVersion(ctx, &version) failed: invalid device context
[1784039912.218108] [h200x8-01:187845:0]      cuda_iface.h:85   UCX  ERROR cuCtxGetApiVersion(ctx, &version) failed: invalid device context
[1784039912.218112] [h200x8-01:187845:0]      cuda_iface.h:85   UCX  ERROR cuCtxGetApiVersion(ctx, &version) failed: invalid device context
[1784039912.218115] [h200x8-01:187845:0]      cuda_iface.h:85   UCX  ERROR cuCtxGetApiVersion(ctx, &version) failed: invalid device context
[1784039912.218117] [h200x8-01:187845:0]      cuda_iface.h:85   UCX  ERROR cuCtxGetApiVersion(ctx, &version) failed: invalid device context
[1784039912.218120] [h200x8-01:187845:0]      cuda_iface.h:85   UCX  ERROR cuCtxGetApiVersion(ctx, &version) failed: invalid device context
[1784039912.218121] [h200x8-01:187845:0]      cuda_iface.h:85   UCX  ERROR cuCtxGetApiVersion(ctx, &version) failed: invalid device context
[1784039912.218123] [h200x8-01:187845:0]      cuda_iface.h:85   UCX  ERROR cuCtxGetApiVersion(ctx, &version) failed: invalid device context
[1784039912.218007] [h200x8-01:187839:0]      cuda_iface.h:85   UCX  ERROR cuCtxGetApiVersion(ctx, &version) failed: invalid device context
[1784039912.218008] [h200x8-01:187839:0]      cuda_iface.h:85   UCX  ERROR cuCtxGetApiVersion(ctx, &version) failed: invalid device context
[1784039912.218010] [h200x8-01:187839:0]      cuda_iface.h:85   UCX  ERROR cuCtxGetApiVersion(ctx, &version) failed: invalid device context
[1784039912.218011] [h200x8-01:187839:0]      cuda_iface.h:85   UCX  ERROR cuCtxGetApiVersion(ctx, &version) failed: invalid device context
[1784039912.218013] [h200x8-01:187839:0]      cuda_iface.h:85   UCX  ERROR cuCtxGetApiVersion(ctx, &version) failed: invalid device context
[1784039912.218014] [h200x8-01:187839:0]      cuda_iface.h:85   UCX  ERROR cuCtxGetApiVersion(ctx, &version) failed: invalid device context
[1784039912.218015] [h200x8-01:187839:0]      cuda_iface.h:85   UCX  ERROR cuCtxGetApiVersion(ctx, &version) failed: invalid device context
[1784039912.218017] [h200x8-01:187839:0]      cuda_iface.h:85   UCX  ERROR cuCtxGetApiVersion(ctx, &version) failed: invalid device context
[1784039912.218018] [h200x8-01:187839:0]      cuda_iface.h:85   UCX  ERROR cuCtxGetApiVersion(ctx, &version) failed: invalid device context
[1784039912.218020] [h200x8-01:187839:0]      cuda_iface.h:85   UCX  ERROR cuCtxGetApiVersion(ctx, &version) failed: invalid device context
[1784039912.218022] [h200x8-01:187839:0]      cuda_iface.h:85   UCX  ERROR cuCtxGetApiVersion(ctx, &version) failed: invalid device context
[1784039912.218024] [h200x8-01:187839:0]      cuda_iface.h:85   UCX  ERROR cuCtxGetApiVersion(ctx, &version) failed: invalid device context
[1784039912.218126] [h200x8-01:187845:0]      cuda_iface.h:85   UCX  ERROR cuCtxGetApiVersion(ctx, &version) failed: invalid device context
[1784039912.218129] [h200x8-01:187845:0]      cuda_iface.h:85   UCX  ERROR cuCtxGetApiVersion(ctx, &version) failed: invalid device context
[1784039912.218130] [h200x8-01:187845:0]      cuda_iface.h:85   UCX  ERROR cuCtxGetApiVersion(ctx, &version) failed: invalid device context
[1784039912.218133] [h200x8-01:187845:0]      cuda_iface.h:85   UCX  ERROR cuCtxGetApiVersion(ctx, &version) failed: invalid device context
[1784039912.218135] [h200x8-01:187845:0]      cuda_iface.h:85   UCX  ERROR cuCtxGetApiVersion(ctx, &version) failed: invalid device context
[1784039912.218137] [h200x8-01:187845:0]      cuda_iface.h:85   UCX  ERROR cuCtxGetApiVersion(ctx, &version) failed: invalid device context
[1784039912.218138] [h200x8-01:187845:0]      cuda_iface.h:85   UCX  ERROR cuCtxGetApiVersion(ctx, &version) failed: invalid device context
[1784039912.218141] [h200x8-01:187845:0]      cuda_iface.h:85   UCX  ERROR cuCtxGetApiVersion(ctx, &version) failed: invalid device context
[1784039912.218142] [h200x8-01:187845:0]      cuda_iface.h:85   UCX  ERROR cuCtxGetApiVersion(ctx, &version) failed: invalid device context
[1784039912.218144] [h200x8-01:187845:0]      cuda_iface.h:85   UCX  ERROR cuCtxGetApiVersion(ctx, &version) failed: invalid device context
[1784039912.218147] [h200x8-01:187845:0]      cuda_iface.h:85   UCX  ERROR cuCtxGetApiVersion(ctx, &version) failed: invalid device context
[1784039912.218149] [h200x8-01:187845:0]      cuda_iface.h:85   UCX  ERROR cuCtxGetApiVersion(ctx, &version) failed: invalid device context
784039912.218200] [h200x8-01:187849:0]      cuda_iface.h:85   UCX  ERROR cuCtxGetApiVersion(ctx, &version) failed: invalid device context
[1784039912.218203] [h200x8-01:187849:0]      cuda_iface.h:85   UCX  ERROR cuCtxGetApiVersion(ctx, &version) failed: invalid device context
[1784039912.218206] [h200x8-01:187849:0]      cuda_iface.h:85   UCX  ERROR cuCtxGetApiVersion(ctx, &version) failed: invalid device context
[1784039912.218208] [h200x8-01:187849:0]      cuda_iface.h:85   UCX  ERROR cuCtxGetApiVersion(ctx, &version) failed: invalid device context
[1784039912.218210] [h200x8-01:187849:0]      cuda_iface.h:85   UCX  ERROR cuCtxGetApiVersion(ctx, &version) failed: invalid device context
[1784039912.218212] [h200x8-01:187849:0]      cuda_iface.h:85   UCX  ERROR cuCtxGetApiVersion(ctx, &version) failed: invalid device context
[1784039912.218214] [h200x8-01:187849:0]      cuda_iface.h:85   UCX  ERROR cuCtxGetApiVersion(ctx, &version) failed: invalid device context
[1784039912.218216] [h200x8-01:187849:0]      cuda_iface.h:85   UCX  ERROR cuCtxGetApiVersion(ctx, &version) failed: invalid device context
[1784039912.218218] [h200x8-01:187849:0]      cuda_iface.h:85   UCX  ERROR cuCtxGetApiVersion(ctx, &version) failed: invalid device context
[1784039912.218220] [h200x8-01:187849:0]      cuda_iface.h:85   UCX  ERROR cuCtxGetApiVersion(ctx, &version) failed: invalid device context
[1784039912.218223] [h200x8-01:187849:0]      cuda_iface.h:85   UCX  ERROR cuCtxGetApiVersion(ctx, &version) failed: invalid device context
[1784039912.218225] [h200x8-01:187849:0]      cuda_iface.h:85   UCX  ERROR cuCtxGetApiVersion(ctx, &version) failed: invalid device context
784039912.218185] [h200x8-01:187846:0]      cuda_iface.h:85   UCX  ERROR cuCtxGetApiVersion(ctx, &version) failed: invalid device context
[1784039912.218187] [h200x8-01:187846:0]      cuda_iface.h:85   UCX  ERROR cuCtxGetApiVersion(ctx, &version) failed: invalid device context
[1784039912.218189] [h200x8-01:187846:0]      cuda_iface.h:85   UCX  ERROR cuCtxGetApiVersion(ctx, &version) failed: invalid device context
[1784039912.218191] [h200x8-01:187846:0]      cuda_iface.h:85   UCX  ERROR cuCtxGetApiVersion(ctx, &version) failed: invalid device context
[1784039912.218193] [h200x8-01:187846:0]      cuda_iface.h:85   UCX  ERROR cuCtxGetApiVersion(ctx, &version) failed: invalid device context
[1784039912.218194] [h200x8-01:187846:0]      cuda_iface.h:85   UCX  ERROR cuCtxGetApiVersion(ctx, &version) failed: invalid device context
[1784039912.218197] [h200x8-01:187846:0]      cuda_iface.h:85   UCX  ERROR cuCtxGetApiVersion(ctx, &version) failed: invalid device context
[1784039912.218199] [h200x8-01:187846:0]      cuda_iface.h:85   UCX  ERROR cuCtxGetApiVersion(ctx, &version) failed: invalid device context
[1784039912.218200] [h200x8-01:187846:0]      cuda_iface.h:85   UCX  ERROR cuCtxGetApiVersion(ctx, &version) failed: invalid device context
[1784039912.218203] [h200x8-01:187846:0]      cuda_iface.h:85   UCX  ERROR cuCtxGetApiVersion(ctx, &version) failed: invalid device context
[1784039912.218206] [h200x8-01:187846:0]      cuda_iface.h:85   UCX  ERROR cuCtxGetApiVersion(ctx, &version) failed: invalid device context
[1784039912.218207] [h200x8-01:187846:0]      cuda_iface.h:85   UCX  ERROR cuCtxGetApiVersion(ctx, &version) failed: invalid device context
1784039912.218148] [h200x8-01:187840:0]      cuda_iface.h:85   UCX  ERROR cuCtxGetApiVersion(ctx, &version) failed: invalid device context
[1784039912.218151] [h200x8-01:187840:0]      cuda_iface.h:85   UCX  ERROR cuCtxGetApiVersion(ctx, &version) failed: invalid device context
[1784039912.218153] [h200x8-01:187840:0]      cuda_iface.h:85   UCX  ERROR cuCtxGetApiVersion(ctx, &version) failed: invalid device context
[1784039912.218155] [h200x8-01:187840:0]      cuda_iface.h:85   UCX  ERROR cuCtxGetApiVersion(ctx, &version) failed: invalid device context
[1784039912.218157] [h200x8-01:187840:0]      cuda_iface.h:85   UCX  ERROR cuCtxGetApiVersion(ctx, &version) failed: invalid device context
[1784039912.218160] [h200x8-01:187840:0]      cuda_iface.h:85   UCX  ERROR cuCtxGetApiVersion(ctx, &version) failed: invalid device context
[1784039912.218162] [h200x8-01:187840:0]      cuda_iface.h:85   UCX  ERROR cuCtxGetApiVersion(ctx, &version) failed: invalid device context
[1784039912.218164] [h200x8-01:187840:0]      cuda_iface.h:85   UCX  ERROR cuCtxGetApiVersion(ctx, &version) failed: invalid device context
[1784039912.218167] [h200x8-01:187840:0]      cuda_iface.h:85   UCX  ERROR cuCtxGetApiVersion(ctx, &version) failed: invalid device context
[1784039912.218169] [h200x8-01:187840:0]      cuda_iface.h:85   UCX  ERROR cuCtxGetApiVersion(ctx, &version) failed: invalid device context
[1784039912.218171] [h200x8-01:187840:0]      cuda_iface.h:85   UCX  ERROR cuCtxGetApiVersion(ctx, &version) failed: invalid device context
[1784039912.218173] [h200x8-01:187840:0]      cuda_iface.h:85   UCX  ERROR cuCtxGetApiVersion(ctx, &version) failed: invalid device context
